date,model,rank_ic
2021-07-30 00:00:00+00:00,OLS,-0.19648284845853234
2021-07-31 00:00:00+00:00,OLS,0.3068823273990447
2021-08-01 00:00:00+00:00,OLS,0.035931393834129396
2021-08-02 00:00:00+00:00,OLS,0.3882978723404255
2021-08-03 00:00:00+00:00,OLS,-0.01572617946345976
2021-08-04 00:00:00+00:00,OLS,0.2785615171137836
2021-08-05 00:00:00+00:00,OLS,0.24849676225716932
2021-08-06 00:00:00+00:00,OLS,-0.05319148936170213
2021-08-07 00:00:00+00:00,OLS,0.09007863089731731
2021-08-08 00:00:00+00:00,OLS,0.05775510204081632
2021-08-09 00:00:00+00:00,OLS,-0.11759903961584633
2021-08-10 00:00:00+00:00,OLS,0.20211284513805522
2021-08-11 00:00:00+00:00,OLS,-0.16667466986794718
2021-08-12 00:00:00+00:00,OLS,0.41070828331332526
2021-08-13 00:00:00+00:00,OLS,0.15178871548619446
2021-08-14 00:00:00+00:00,OLS,-0.09983193277310923
2021-08-15 00:00:00+00:00,OLS,-0.030588235294117645
2021-08-16 00:00:00+00:00,OLS,-0.023865546218487393
2021-08-17 00:00:00+00:00,OLS,0.15466986794717885
2021-08-18 00:00:00+00:00,OLS,0.06141656662665066
2021-08-19 00:00:00+00:00,OLS,0.44086434573829525
2021-08-20 00:00:00+00:00,OLS,-0.07495798319327732
2021-08-21 00:00:00+00:00,OLS,0.44893157262905165
2021-08-22 00:00:00+00:00,OLS,-0.026530612244897955
2021-08-23 00:00:00+00:00,OLS,0.1947959183673469
2021-08-24 00:00:00+00:00,OLS,-0.1146938775510204
2021-08-25 00:00:00+00:00,OLS,0.2457142857142857
2021-08-26 00:00:00+00:00,OLS,0.17418367346938776
2021-08-27 00:00:00+00:00,OLS,-0.27867346938775506
2021-08-28 00:00:00+00:00,OLS,0.15387755102040815
2021-08-29 00:00:00+00:00,OLS,0.423469387755102
2021-08-30 00:00:00+00:00,OLS,0.2514285714285714
2021-08-31 00:00:00+00:00,OLS,0.037551020408163265
2021-09-01 00:00:00+00:00,OLS,0.12877551020408162
2021-09-02 00:00:00+00:00,OLS,0.14551020408163265
2021-09-03 00:00:00+00:00,OLS,0.022959183673469385
2021-09-04 00:00:00+00:00,OLS,0.42795918367346936
2021-09-05 00:00:00+00:00,OLS,0.2862244897959183
2021-09-06 00:00:00+00:00,OLS,0.16418367346938773
2021-09-07 00:00:00+00:00,OLS,-0.27724489795918367
2021-09-08 00:00:00+00:00,OLS,0.08612244897959181
2021-09-09 00:00:00+00:00,OLS,0.25086843247937474
2021-09-10 00:00:00+00:00,OLS,0.30666521927920104
2021-09-11 00:00:00+00:00,OLS,0.29819800260529744
2021-09-12 00:00:00+00:00,OLS,0.3739687364307425
2021-09-13 00:00:00+00:00,OLS,0.28962223187147196
2021-09-14 00:00:00+00:00,OLS,-0.3323925314806774
2021-09-15 00:00:00+00:00,OLS,0.18767345050878817
2021-09-16 00:00:00+00:00,OLS,0.024398704902867715
2021-09-17 00:00:00+00:00,OLS,0.09678538390379278
2021-09-18 00:00:00+00:00,OLS,0.08961609620721554
2021-09-19 00:00:00+00:00,OLS,0.2417900092506938
2021-09-20 00:00:00+00:00,OLS,-0.2835337650323774
2021-09-21 00:00:00+00:00,OLS,-0.2408649398704903
2021-09-22 00:00:00+00:00,OLS,-0.43617021276595747
2021-09-23 00:00:00+00:00,OLS,0.06961147086031452
2021-09-24 00:00:00+00:00,OLS,0.14303885291396856
2021-09-25 00:00:00+00:00,OLS,0.22502312673450509
2021-09-26 00:00:00+00:00,OLS,0.1349444958371878
2021-09-27 00:00:00+00:00,OLS,0.21473172987974098
2021-09-28 00:00:00+00:00,OLS,-0.05319148936170213
2021-09-29 00:00:00+00:00,OLS,0.05272895467160037
2021-09-30 00:00:00+00:00,OLS,-0.22282608695652173
2021-10-01 00:00:00+00:00,OLS,0.2666512488436633
2021-10-02 00:00:00+00:00,OLS,0.10175763182238669
2021-10-03 00:00:00+00:00,OLS,0.0008017267961763798
2021-10-04 00:00:00+00:00,OLS,0.25092506938020354
2021-10-05 00:00:00+00:00,OLS,0.23381128584643845
2021-10-06 00:00:00+00:00,OLS,-0.016188714153561518
2021-10-07 00:00:00+00:00,OLS,-0.12025901942645699
2021-10-08 00:00:00+00:00,OLS,0.3181082331174838
2021-10-09 00:00:00+00:00,OLS,0.052975639839654635
2021-10-10 00:00:00+00:00,OLS,0.48899167437557817
2021-10-11 00:00:00+00:00,OLS,-0.08183780450200431
2021-10-12 00:00:00+00:00,OLS,0.39882824545174217
2021-10-13 00:00:00+00:00,OLS,-0.01515151515151515
2021-10-14 00:00:00+00:00,OLS,0.25559947299077734
2021-10-15 00:00:00+00:00,OLS,0.05396238051187172
2021-10-16 00:00:00+00:00,OLS,0.356845513413506
2021-10-17 00:00:00+00:00,OLS,0.056544865864939876
2021-10-18 00:00:00+00:00,OLS,0.07747456059204441
2021-10-19 00:00:00+00:00,OLS,0.2083872957138452
2021-10-20 00:00:00+00:00,OLS,-0.14930619796484737
2021-10-21 00:00:00+00:00,OLS,-0.13367252543940797
2021-10-22 00:00:00+00:00,OLS,0.2582099907493062
2021-10-23 00:00:00+00:00,OLS,0.1108926919518964
2021-10-24 00:00:00+00:00,OLS,-0.1675531914893617
2021-10-25 00:00:00+00:00,OLS,-0.24560592044403332
2021-10-26 00:00:00+00:00,OLS,0.4838112858464385
2021-10-27 00:00:00+00:00,OLS,-0.019648284845853233
2021-10-28 00:00:00+00:00,OLS,0.322405557967868
2021-10-29 00:00:00+00:00,OLS,-0.05492835432045158
2021-10-30 00:00:00+00:00,OLS,0.14372557533651759
2021-10-31 00:00:00+00:00,OLS,0.13601823708206687
2021-11-01 00:00:00+00:00,OLS,0.007056013894919669
2021-11-02 00:00:00+00:00,OLS,0.07837603126356926
2021-11-03 00:00:00+00:00,OLS,0.3810247503256622
2021-11-04 00:00:00+00:00,OLS,0.0930308293530178
2021-11-05 00:00:00+00:00,OLS,0.16608771168041686
2021-11-06 00:00:00+00:00,OLS,0.2549934867564047
2021-11-07 00:00:00+00:00,OLS,0.38004776378636557
2021-11-08 00:00:00+00:00,OLS,-0.04287885366912723
2021-11-09 00:00:00+00:00,OLS,0.07522796352583586
2021-11-10 00:00:00+00:00,OLS,-0.03072079895788102
2021-11-11 00:00:00+00:00,OLS,-0.4738384715588363
2021-11-12 00:00:00+00:00,OLS,0.3108163265306122
2021-11-13 00:00:00+00:00,OLS,-0.0770408163265306
2021-11-14 00:00:00+00:00,OLS,-0.20510204081632652
2021-11-15 00:00:00+00:00,OLS,-0.28306122448979587
2021-11-16 00:00:00+00:00,OLS,-0.15483348751156337
2021-11-17 00:00:00+00:00,OLS,-0.21091581868640147
2021-11-18 00:00:00+00:00,OLS,0.32897779833487517
2021-11-19 00:00:00+00:00,OLS,0.21172525439407958
2021-11-20 00:00:00+00:00,OLS,-0.01156336725254394
2021-11-21 00:00:00+00:00,OLS,-0.09455058619192358
2021-11-22 00:00:00+00:00,OLS,0.2852800694745984
2021-11-23 00:00:00+00:00,OLS,-0.13363004776378637
2021-11-24 00:00:00+00:00,OLS,0.08260963960052106
2021-11-25 00:00:00+00:00,OLS,0.04646113764654798
2021-11-26 00:00:00+00:00,OLS,-0.10714285714285714
2021-11-27 00:00:00+00:00,OLS,0.3010204081632653
2021-11-28 00:00:00+00:00,OLS,0.23067737733391228
2021-11-29 00:00:00+00:00,OLS,0.2505427702996092
2021-11-30 00:00:00+00:00,OLS,0.1998480243161094
2021-12-01 00:00:00+00:00,OLS,0.20733825445071646
2021-12-02 00:00:00+00:00,OLS,0.506079027355623
2021-12-03 00:00:00+00:00,OLS,0.16033434650455924
2021-12-04 00:00:00+00:00,OLS,0.062418584455058615
2021-12-05 00:00:00+00:00,OLS,-0.13395570994355188
2021-12-06 00:00:00+00:00,OLS,0.09031697785497177
2021-12-07 00:00:00+00:00,OLS,0.09574468085106383
2021-12-08 00:00:00+00:00,OLS,0.2304081632653061
2021-12-09 00:00:00+00:00,OLS,-0.07142857142857141
2021-12-10 00:00:00+00:00,OLS,0.08792878853669127
2021-12-11 00:00:00+00:00,OLS,-0.05937907077724707
2021-12-12 00:00:00+00:00,OLS,0.4462244897959183
2021-12-13 00:00:00+00:00,OLS,0.18581632653061225
2021-12-14 00:00:00+00:00,OLS,0.05061224489795918
2021-12-15 00:00:00+00:00,OLS,0.16183673469387755
2021-12-16 00:00:00+00:00,OLS,0.04571428571428571
2021-12-17 00:00:00+00:00,OLS,0.1133673469387755
2021-12-18 00:00:00+00:00,OLS,0.2948979591836734
2021-12-19 00:00:00+00:00,OLS,0.29387755102040813
2021-12-20 00:00:00+00:00,OLS,-0.2586734693877551
2021-12-21 00:00:00+00:00,OLS,-0.16459183673469385
2021-12-22 00:00:00+00:00,OLS,-0.4423469387755102
2021-12-23 00:00:00+00:00,OLS,0.04448979591836734
2021-12-24 00:00:00+00:00,OLS,-0.15653061224489792
2021-12-25 00:00:00+00:00,OLS,-0.10867346938775509
2021-12-26 00:00:00+00:00,OLS,0.22826530612244894
2021-12-27 00:00:00+00:00,OLS,0.17653061224489794
2021-12-28 00:00:00+00:00,OLS,0.03653061224489795
2021-12-29 00:00:00+00:00,OLS,-0.15459183673469387
2021-12-30 00:00:00+00:00,OLS,0.15918367346938775
2021-12-31 00:00:00+00:00,OLS,-0.11030612244897958
2022-01-01 00:00:00+00:00,OLS,0.20061224489795915
2022-01-02 00:00:00+00:00,OLS,0.14663265306122447
2022-01-03 00:00:00+00:00,OLS,0.07193877551020408
2022-01-04 00:00:00+00:00,OLS,0.2729591836734694
2022-01-05 00:00:00+00:00,OLS,0.09035944797450376
2022-01-06 00:00:00+00:00,OLS,0.195
2022-01-07 00:00:00+00:00,OLS,0.06530612244897958
2022-01-08 00:00:00+00:00,OLS,-0.25693877551020405
2022-01-09 00:00:00+00:00,OLS,0.28020408163265303
2022-01-10 00:00:00+00:00,OLS,0.03448979591836734
2022-01-11 00:00:00+00:00,OLS,-0.25061224489795914
2022-01-12 00:00:00+00:00,OLS,-0.05428571428571428
2022-01-13 00:00:00+00:00,OLS,0.1280612244897959
2022-01-14 00:00:00+00:00,OLS,0.024795918367346938
2022-01-15 00:00:00+00:00,OLS,0.26163265306122446
2022-01-16 00:00:00+00:00,OLS,0.12931572629051621
2022-01-17 00:00:00+00:00,OLS,0.32129651860744296
2022-01-18 00:00:00+00:00,OLS,0.09819927971188475
2022-01-19 00:00:00+00:00,OLS,-0.011956782713085232
2022-01-20 00:00:00+00:00,OLS,0.28412965186074424
2022-01-21 00:00:00+00:00,OLS,0.13440576230492196
2022-01-22 00:00:00+00:00,OLS,0.05051020408163265
2022-01-23 00:00:00+00:00,OLS,0.34146458583433376
2022-01-24 00:00:00+00:00,OLS,-0.047202881152460976
2022-01-25 00:00:00+00:00,OLS,-0.1262424969987995
2022-01-26 00:00:00+00:00,OLS,0.09560853804767915
2022-01-27 00:00:00+00:00,OLS,-0.13820259794134637
2022-01-28 00:00:00+00:00,OLS,-0.1408403361344538
2022-01-29 00:00:00+00:00,OLS,0.009939975990396158
2022-01-30 00:00:00+00:00,OLS,-0.22693877551020405
2022-01-31 00:00:00+00:00,OLS,0.004693877551020408
2022-02-01 00:00:00+00:00,OLS,0.35673469387755097
2022-02-02 00:00:00+00:00,OLS,0.06642857142857142
2022-02-03 00:00:00+00:00,OLS,0.141734693877551
2022-02-04 00:00:00+00:00,OLS,-0.11153061224489795
2022-02-05 00:00:00+00:00,OLS,-0.40020408163265303
2022-02-06 00:00:00+00:00,OLS,-0.033265306122448976
2022-02-07 00:00:00+00:00,OLS,0.3039795918367347
2022-02-08 00:00:00+00:00,OLS,0.17459183673469383
2022-02-09 00:00:00+00:00,OLS,0.22520408163265304
2022-02-10 00:00:00+00:00,OLS,0.2840859748154581
2022-02-11 00:00:00+00:00,OLS,0.05319148936170213
2022-02-12 00:00:00+00:00,OLS,0.5065132435953105
2022-02-13 00:00:00+00:00,OLS,-0.31567520625271384
2022-02-14 00:00:00+00:00,OLS,-0.4848024316109423
2022-02-15 00:00:00+00:00,OLS,0.14470256187581415
2022-02-16 00:00:00+00:00,OLS,0.5011940946591402
2022-02-17 00:00:00+00:00,OLS,0.26387755102040816
2022-02-18 00:00:00+00:00,OLS,0.303469387755102
2022-02-19 00:00:00+00:00,OLS,0.28530612244897957
2022-02-20 00:00:00+00:00,OLS,0.43795918367346937
2022-02-21 00:00:00+00:00,OLS,-0.12142857142857141
2022-02-22 00:00:00+00:00,OLS,0.3280503690838037
2022-02-23 00:00:00+00:00,OLS,0.3227312201476335
2022-02-24 00:00:00+00:00,OLS,-0.46403792784458836
2022-02-25 00:00:00+00:00,OLS,0.06857076780758557
2022-02-26 00:00:00+00:00,OLS,0.4183163737280296
2022-02-27 00:00:00+00:00,OLS,-0.03385753931544866
2022-02-28 00:00:00+00:00,OLS,-0.03089731729879741
2022-03-01 00:00:00+00:00,OLS,0.2596978106691335
2022-03-02 00:00:00+00:00,OLS,0.41177921677459145
2022-03-03 00:00:00+00:00,OLS,-0.13672525439407954
2022-03-04 00:00:00+00:00,OLS,-0.19370952821461607
2022-03-05 00:00:00+00:00,OLS,0.28880666049953746
2022-03-06 00:00:00+00:00,OLS,0.25219703977798336
2022-03-07 00:00:00+00:00,OLS,0.0463691026827012
2022-03-08 00:00:00+00:00,OLS,-0.2962534690101758
2022-03-09 00:00:00+00:00,OLS,0.1491828553808202
2022-03-10 00:00:00+00:00,OLS,0.4686401480111008
2022-03-11 00:00:00+00:00,OLS,-0.19185938945420905
2022-03-12 00:00:00+00:00,OLS,0.22318840579710145
2022-03-13 00:00:00+00:00,OLS,0.02608695652173913
2022-03-14 00:00:00+00:00,OLS,-0.05279225387196542
2022-03-15 00:00:00+00:00,OLS,-0.23527597903176073
2022-03-16 00:00:00+00:00,OLS,0.10305272895467159
2022-03-17 00:00:00+00:00,OLS,-0.17459142769041008
2022-03-18 00:00:00+00:00,OLS,0.02164729101525685
2022-03-19 00:00:00+00:00,OLS,0.5352451433857539
2022-03-20 00:00:00+00:00,OLS,0.008078939253777367
2022-03-21 00:00:00+00:00,OLS,0.17557816836262718
2022-03-22 00:00:00+00:00,OLS,-0.2809127351218008
2022-03-23 00:00:00+00:00,OLS,0.020814061054579093
2022-03-24 00:00:00+00:00,OLS,0.03850601295097132
2022-03-25 00:00:00+00:00,OLS,0.45941258094357074
2022-03-26 00:00:00+00:00,OLS,0.05434782608695653
2022-03-27 00:00:00+00:00,OLS,-0.054579093432007404
2022-03-28 00:00:00+00:00,OLS,-0.12223187147199306
2022-03-29 00:00:00+00:00,OLS,-0.0407077724706904
2022-03-30 00:00:00+00:00,OLS,0.10881128584643848
2022-03-31 00:00:00+00:00,OLS,0.1496299722479186
2022-04-01 00:00:00+00:00,OLS,0.2470690403821103
2022-04-02 00:00:00+00:00,OLS,0.0457012592270951
2022-04-03 00:00:00+00:00,OLS,0.07967160037002775
2022-04-04 00:00:00+00:00,OLS,0.04417206290471786
2022-04-05 00:00:00+00:00,OLS,0.10372340425531915
2022-04-06 00:00:00+00:00,OLS,0.08314061054579094
2022-04-07 00:00:00+00:00,OLS,0.41026827012025896
2022-04-08 00:00:00+00:00,OLS,-0.001911810052420598
2022-04-09 00:00:00+00:00,OLS,0.3966080789392538
2022-04-10 00:00:00+00:00,OLS,0.3175300647548566
2022-04-11 00:00:00+00:00,OLS,-0.04353017802865827
2022-04-12 00:00:00+00:00,OLS,0.008325624421831638
2022-04-13 00:00:00+00:00,OLS,0.011332099907493063
2022-04-14 00:00:00+00:00,OLS,0.2951584889274859
2022-04-15 00:00:00+00:00,OLS,-0.06220147633521493
2022-04-16 00:00:00+00:00,OLS,0.21137835337650326
2022-04-17 00:00:00+00:00,OLS,0.0906567992599445
2022-04-18 00:00:00+00:00,OLS,-0.12419056429232192
2022-04-19 00:00:00+00:00,OLS,0.08984736355226641
2022-04-20 00:00:00+00:00,OLS,0.2738205365402405
2022-04-21 00:00:00+00:00,OLS,0.1525208140610546
2022-04-22 00:00:00+00:00,OLS,0.02197039777983349
2022-04-23 00:00:00+00:00,OLS,0.17819148936170215
2022-04-24 00:00:00+00:00,OLS,0.24803422756706753
2022-04-25 00:00:00+00:00,OLS,0.30989824236817765
2022-04-26 00:00:00+00:00,OLS,-0.043478260869565216
2022-04-27 00:00:00+00:00,OLS,0.4591367698718352
2022-04-28 00:00:00+00:00,OLS,0.5901942645698427
2022-04-29 00:00:00+00:00,OLS,0.3278214616096207
2022-04-30 00:00:00+00:00,OLS,-0.19611470860314525
2022-05-01 00:00:00+00:00,OLS,0.42160037002775214
2022-05-02 00:00:00+00:00,OLS,0.18790471785383903
2022-05-03 00:00:00+00:00,OLS,-0.37985661424606854
2022-05-04 00:00:00+00:00,OLS,0.5771276595744681
2022-05-05 00:00:00+00:00,OLS,0.0034690101757631825
2022-05-06 00:00:00+00:00,OLS,0.4362858464384829
2022-05-07 00:00:00+00:00,OLS,0.054463459759481955
2022-05-08 00:00:00+00:00,OLS,0.20420906567992603
2022-05-09 00:00:00+00:00,OLS,0.2592506938020352
2022-05-10 00:00:00+00:00,OLS,0.5971322849213692
2022-05-11 00:00:00+00:00,OLS,0.02937095282146161
2022-05-12 00:00:00+00:00,OLS,-0.010312635692574902
2022-05-13 00:00:00+00:00,OLS,-0.38748843663274746
2022-05-14 00:00:00+00:00,OLS,-0.0370169344333478
2022-05-15 00:00:00+00:00,OLS,0.611376465479809
2022-05-16 00:00:00+00:00,OLS,-0.23708206686930092
2022-05-17 00:00:00+00:00,OLS,0.36278766825879283
2022-05-18 00:00:00+00:00,OLS,-0.07240555796786799
2022-05-19 00:00:00+00:00,OLS,0.06258311398076451
2022-05-20 00:00:00+00:00,OLS,-0.4286799826313504
2022-05-21 00:00:00+00:00,OLS,0.12646547980894485
2022-05-22 00:00:00+00:00,OLS,0.4687364307425098
2022-05-23 00:00:00+00:00,OLS,-0.09607034303082936
2022-05-24 00:00:00+00:00,OLS,0.06665219279201041
2022-05-25 00:00:00+00:00,OLS,0.3535605731654364
2022-05-26 00:00:00+00:00,OLS,0.4345419018671298
2022-05-27 00:00:00+00:00,OLS,-0.3137212331741207
2022-05-28 00:00:00+00:00,OLS,-0.1937742557773888
2022-05-29 00:00:00+00:00,OLS,-0.27268779852366476
2022-05-30 00:00:00+00:00,OLS,0.027789839339991317
2022-05-31 00:00:00+00:00,OLS,0.7095093356491532
2022-06-01 00:00:00+00:00,OLS,-0.16956604343096987
2022-06-02 00:00:00+00:00,OLS,0.4679765523230569
2022-06-03 00:00:00+00:00,OLS,-0.254729014667587
2022-06-04 00:00:00+00:00,OLS,0.32957012592270946
2022-06-05 00:00:00+00:00,OLS,-0.21396005210594876
2022-06-06 00:00:00+00:00,OLS,0.44387755102040816
2022-06-07 00:00:00+00:00,OLS,0.2816326530612245
2022-06-08 00:00:00+00:00,OLS,-0.2510204081632653
2022-06-09 00:00:00+00:00,OLS,0.23551020408163262
2022-06-10 00:00:00+00:00,OLS,0.24846938775510202
2022-06-11 00:00:00+00:00,OLS,0.18897959183673466
2022-06-12 00:00:00+00:00,OLS,-0.007142857142857142
2022-06-13 00:00:00+00:00,OLS,-0.2037755102040816
2022-06-14 00:00:00+00:00,OLS,-0.17836734693877548
2022-06-15 00:00:00+00:00,OLS,0.6270828331332533
2022-06-16 00:00:00+00:00,OLS,-0.1709003601440576
2022-06-17 00:00:00+00:00,OLS,0.1051140456182473
2022-06-18 00:00:00+00:00,OLS,-0.19183673469387755
2022-06-19 00:00:00+00:00,OLS,-0.19548619447779111
2022-06-20 00:00:00+00:00,OLS,0.1063625450180072
2022-06-21 00:00:00+00:00,OLS,0.26521008403361346
2022-06-22 00:00:00+00:00,OLS,-0.4299159663865546
2022-06-23 00:00:00+00:00,OLS,-0.023673469387755098
2022-06-24 00:00:00+00:00,OLS,0.016951187308302734
2022-06-25 00:00:00+00:00,OLS,0.3452100840336134
2022-06-26 00:00:00+00:00,OLS,0.1944824606193373
2022-06-27 00:00:00+00:00,OLS,0.10146458583433372
2022-06-28 00:00:00+00:00,OLS,0.14900360144057623
2022-06-29 00:00:00+00:00,OLS,0.39169267707082833
2022-06-30 00:00:00+00:00,OLS,-0.04520523484212893
2022-07-01 00:00:00+00:00,OLS,-0.13308727746417717
2022-07-02 00:00:00+00:00,OLS,0.10616875190492224
2022-07-03 00:00:00+00:00,OLS,-0.3556231003039514
2022-07-04 00:00:00+00:00,OLS,0.004776378636561007
2022-07-05 00:00:00+00:00,OLS,0.0019539730785931393
2022-07-06 00:00:00+00:00,OLS,-0.22003907946157186
2022-07-07 00:00:00+00:00,OLS,0.11018237082066869
2022-07-08 00:00:00+00:00,OLS,-0.23546014609588584
2022-07-09 00:00:00+00:00,OLS,0.1028006947459835
2022-07-10 00:00:00+00:00,OLS,0.41293964394268345
2022-07-11 00:00:00+00:00,OLS,0.1075770733825445
2022-07-12 00:00:00+00:00,OLS,-0.3103560573165436
2022-07-13 00:00:00+00:00,OLS,-0.10714285714285714
2022-07-14 00:00:00+00:00,OLS,0.4083161461474969
2022-07-15 00:00:00+00:00,OLS,0.23382544507164568
2022-07-16 00:00:00+00:00,OLS,0.1895353886235345
2022-07-17 00:00:00+00:00,OLS,-0.1316760746851932
2022-07-18 00:00:00+00:00,OLS,-0.26845419018671296
2022-07-19 00:00:00+00:00,OLS,0.21917064698219715
2022-07-20 00:00:00+00:00,OLS,0.38384715588363
2022-07-21 00:00:00+00:00,OLS,0.30731654363873206
2022-07-22 00:00:00+00:00,OLS,-0.1276595744680851
2022-07-23 00:00:00+00:00,OLS,0.3975485661424607
2022-07-24 00:00:00+00:00,OLS,-0.012835337650323776
2022-07-25 00:00:00+00:00,OLS,-0.016188714153561518
2022-07-26 00:00:00+00:00,OLS,0.18281683626271975
2022-07-27 00:00:00+00:00,OLS,-0.11540240518038854
2022-07-28 00:00:00+00:00,OLS,0.23184551341350604
2022-07-29 00:00:00+00:00,OLS,-0.2930157261794635
2022-07-30 00:00:00+00:00,OLS,-0.23704902867715077
2022-07-31 00:00:00+00:00,OLS,0.04798797409805736
2022-08-01 00:00:00+00:00,OLS,0.31371415356151716
2022-08-02 00:00:00+00:00,OLS,0.2068686401480111
2022-08-03 00:00:00+00:00,OLS,0.12893154486586494
2022-08-04 00:00:00+00:00,OLS,0.03318686401480111
2022-08-05 00:00:00+00:00,OLS,0.027520814061054583
2022-08-06 00:00:00+00:00,OLS,-0.0024283071230342275
2022-08-07 00:00:00+00:00,OLS,-0.16771602257924448
2022-08-08 00:00:00+00:00,OLS,-0.08250108554059922
2022-08-09 00:00:00+00:00,OLS,0.14861050803300044
2022-08-10 00:00:00+00:00,OLS,0.11137646547980894
2022-08-11 00:00:00+00:00,OLS,0.05677377333912288
2022-08-12 00:00:00+00:00,OLS,-0.06339557099435518
2022-08-13 00:00:00+00:00,OLS,-0.16793313069908813
2022-08-14 00:00:00+00:00,OLS,0.009552757273122015
2022-08-15 00:00:00+00:00,OLS,-0.03745115067303517
2022-08-16 00:00:00+00:00,OLS,0.20657837603126358
2022-08-17 00:00:00+00:00,OLS,0.12223187147199306
2022-08-18 00:00:00+00:00,OLS,0.20397307859313937
2022-08-19 00:00:00+00:00,OLS,0.4174989144594008
2022-08-20 00:00:00+00:00,OLS,-0.1860204081632653
2022-08-21 00:00:00+00:00,OLS,-0.02163265306122449
2022-08-22 00:00:00+00:00,OLS,-0.25663265306122446
2022-08-23 00:00:00+00:00,OLS,-0.09204081632653059
2022-08-24 00:00:00+00:00,OLS,0.2337755102040816
2022-08-25 00:00:00+00:00,OLS,0.383469387755102
2022-08-26 00:00:00+00:00,OLS,-0.321057345356654
2022-08-27 00:00:00+00:00,OLS,0.16109422492401215
2022-08-28 00:00:00+00:00,OLS,-0.17064698219713417
2022-08-29 00:00:00+00:00,OLS,0.21397959183673468
2022-08-30 00:00:00+00:00,OLS,-0.38785114045618246
2022-08-31 00:00:00+00:00,OLS,0.006962785114045618
2022-09-01 00:00:00+00:00,OLS,0.06631452581032413
2022-09-02 00:00:00+00:00,OLS,0.2215126050420168
2022-09-03 00:00:00+00:00,OLS,0.28230492196878754
2022-09-04 00:00:00+00:00,OLS,0.22103241296518605
2022-09-05 00:00:00+00:00,OLS,0.37267707082833135
2022-09-06 00:00:00+00:00,OLS,-0.1630252100840336
2022-09-07 00:00:00+00:00,OLS,0.3354141656662665
2022-09-08 00:00:00+00:00,OLS,-0.41512605042016804
2022-09-09 00:00:00+00:00,OLS,0.18674669867947177
2022-09-10 00:00:00+00:00,OLS,0.11375750300120048
2022-09-11 00:00:00+00:00,OLS,0.19433373349339736
2022-09-12 00:00:00+00:00,OLS,0.21603841536614646
2022-09-13 00:00:00+00:00,OLS,0.22189675870348136
2022-09-14 00:00:00+00:00,OLS,0.48264105642256894
2022-09-15 00:00:00+00:00,OLS,-0.025498199279711888
2022-09-16 00:00:00+00:00,OLS,0.06621848739495799
2022-09-17 00:00:00+00:00,OLS,0.5269147659063625
2022-09-18 00:00:00+00:00,OLS,-0.27122448979591834
2022-09-19 00:00:00+00:00,OLS,0.3414285714285714
2022-09-20 00:00:00+00:00,OLS,0.21622448979591832
2022-09-21 00:00:00+00:00,OLS,-0.0012244897959183673
2022-09-22 00:00:00+00:00,OLS,0.06326530612244897
2022-09-23 00:00:00+00:00,OLS,0.2953061224489796
2022-09-24 00:00:00+00:00,OLS,0.2545918367346938
2022-09-25 00:00:00+00:00,OLS,0.07714285714285714
2022-09-26 00:00:00+00:00,OLS,-0.08459183673469386
2022-09-27 00:00:00+00:00,OLS,0.21397959183673468
2022-09-28 00:00:00+00:00,OLS,0.468469387755102
2022-09-29 00:00:00+00:00,OLS,-0.10479591836734692
2022-09-30 00:00:00+00:00,OLS,0.12112244897959182
2022-10-01 00:00:00+00:00,OLS,0.4183673469387755
2022-10-02 00:00:00+00:00,OLS,0.05051020408163265
2022-10-03 00:00:00+00:00,OLS,0.12255102040816325
2022-10-04 00:00:00+00:00,OLS,0.01836734693877551
2022-10-05 00:00:00+00:00,OLS,0.09918367346938775
2022-10-06 00:00:00+00:00,OLS,-0.2287755102040816
2022-10-07 00:00:00+00:00,OLS,0.3201020408163265
2022-10-08 00:00:00+00:00,OLS,0.3105102040816326
2022-10-09 00:00:00+00:00,OLS,0.3240338688666956
2022-10-10 00:00:00+00:00,OLS,0.0694745983499783
2022-10-11 00:00:00+00:00,OLS,0.3404890494374117
2022-10-12 00:00:00+00:00,OLS,0.3178462874511507
2022-10-13 00:00:00+00:00,OLS,0.0449413808076422
2022-10-14 00:00:00+00:00,OLS,0.3269648284845853
2022-10-15 00:00:00+00:00,OLS,-0.0541684759009987
2022-10-16 00:00:00+00:00,OLS,-0.21244897959183673
2022-10-17 00:00:00+00:00,OLS,0.5535714285714285
2022-10-18 00:00:00+00:00,OLS,0.5733673469387756
2022-10-19 00:00:00+00:00,OLS,0.029387755102040815
2022-10-20 00:00:00+00:00,OLS,0.0033673469387755102
2022-10-21 00:00:00+00:00,OLS,0.41904130221038927
2022-10-22 00:00:00+00:00,OLS,0.13020408163265304
2022-10-23 00:00:00+00:00,OLS,0.14448979591836736
2022-10-24 00:00:00+00:00,OLS,-0.0386734693877551
2022-10-25 00:00:00+00:00,OLS,0.19091836734693876
2022-10-26 00:00:00+00:00,OLS,0.07714285714285714
2022-10-27 00:00:00+00:00,OLS,0.009591836734693876
2022-10-28 00:00:00+00:00,OLS,0.21632653061224488
2022-10-29 00:00:00+00:00,OLS,0.015
2022-10-30 00:00:00+00:00,OLS,0.0993877551020408
2022-10-31 00:00:00+00:00,OLS,0.05193877551020408
2022-11-01 00:00:00+00:00,OLS,-0.08061224489795918
2022-11-02 00:00:00+00:00,OLS,-0.2123469387755102
2022-11-03 00:00:00+00:00,OLS,0.02091836734693877
2022-11-04 00:00:00+00:00,OLS,0.05959617889709075
2022-11-05 00:00:00+00:00,OLS,0.23693877551020406
2022-11-06 00:00:00+00:00,OLS,0.11285714285714284
2022-11-07 00:00:00+00:00,OLS,0.41020408163265304
2022-11-08 00:00:00+00:00,OLS,0.4389795918367347
2022-11-09 00:00:00+00:00,OLS,-0.32397959183673464
2022-11-10 00:00:00+00:00,OLS,0.25418367346938775
2022-11-11 00:00:00+00:00,OLS,0.29826530612244895
2022-11-12 00:00:00+00:00,OLS,-0.07326530612244898
2022-11-13 00:00:00+00:00,OLS,-0.05918367346938774
2022-11-14 00:00:00+00:00,OLS,-0.004795918367346938
2022-11-15 00:00:00+00:00,OLS,-0.14926183239253146
2022-11-16 00:00:00+00:00,OLS,-0.07999999999999999
2022-11-17 00:00:00+00:00,OLS,0.15081632653061225
2022-11-18 00:00:00+00:00,OLS,0.34900130264871904
2022-11-19 00:00:00+00:00,OLS,0.34965262700825006
2022-11-20 00:00:00+00:00,OLS,0.05330004342162396
2022-11-21 00:00:00+00:00,OLS,-0.23947025618758142
2022-11-22 00:00:00+00:00,OLS,0.2798523664785063
2022-11-23 00:00:00+00:00,OLS,0.29993486756404686
2022-11-24 00:00:00+00:00,OLS,-0.2900564481111593
2022-11-25 00:00:00+00:00,OLS,0.16810052384946025
2022-11-26 00:00:00+00:00,OLS,0.011398176291793311
2022-11-27 00:00:00+00:00,OLS,-0.017585757707338254
2022-11-28 00:00:00+00:00,OLS,0.2299174989144594
2022-11-29 00:00:00+00:00,OLS,-0.015957446808510637
2022-11-30 00:00:00+00:00,OLS,0.12722535822839773
2022-12-01 00:00:00+00:00,OLS,-0.12679114198871036
2022-12-02 00:00:00+00:00,OLS,0.40056448111159354
2022-12-03 00:00:00+00:00,OLS,0.06589231437255753
2022-12-04 00:00:00+00:00,OLS,0.0480907536747245
2022-12-05 00:00:00+00:00,OLS,-0.018996960486322188
2022-12-06 00:00:00+00:00,OLS,0.35768562744246635
2022-12-07 00:00:00+00:00,OLS,0.1604995374653099
2022-12-08 00:00:00+00:00,OLS,0.25759878419452886
2022-12-09 00:00:00+00:00,OLS,0.1355840208423795
2022-12-10 00:00:00+00:00,OLS,0.2257924446374294
2022-12-11 00:00:00+00:00,OLS,0.2879092347786935
2022-12-12 00:00:00+00:00,OLS,0.1818280503690838
2022-12-13 00:00:00+00:00,OLS,0.09292227529309596
2022-12-14 00:00:00+00:00,OLS,0.061767260095527576
2022-12-15 00:00:00+00:00,OLS,0.5770733825445072
2022-12-16 00:00:00+00:00,OLS,-0.21634824142422926
2022-12-17 00:00:00+00:00,OLS,0.25521059487624836
2022-12-18 00:00:00+00:00,OLS,0.5349544072948328
2022-12-19 00:00:00+00:00,OLS,-0.2676943117672601
2022-12-20 00:00:00+00:00,OLS,0.5502605297438125
2022-12-21 00:00:00+00:00,OLS,-0.03473729917498915
2022-12-22 00:00:00+00:00,OLS,-0.015089014329135909
2022-12-23 00:00:00+00:00,OLS,0.3242509769865393
2022-12-24 00:00:00+00:00,OLS,0.38236890899534276
2022-12-25 00:00:00+00:00,OLS,-0.06784628745115066
2022-12-26 00:00:00+00:00,OLS,0.04429005644811116
2022-12-27 00:00:00+00:00,OLS,0.554711246200608
2022-12-28 00:00:00+00:00,OLS,0.061007381676074675
2022-12-29 00:00:00+00:00,OLS,0.13960052105948761
2022-12-30 00:00:00+00:00,OLS,-0.1974598349978289
2022-12-31 00:00:00+00:00,OLS,-0.271168041684759
2023-01-01 00:00:00+00:00,OLS,-0.39090316977854966
2023-01-02 00:00:00+00:00,OLS,-0.07229700390794615
2023-01-03 00:00:00+00:00,OLS,0.07837603126356926
2023-01-04 00:00:00+00:00,OLS,0.057100985175857974
2023-01-05 00:00:00+00:00,OLS,-0.02312201476335215
2023-01-06 00:00:00+00:00,OLS,0.10106382978723404
2023-01-07 00:00:00+00:00,OLS,-0.01693443334780721
2023-01-08 00:00:00+00:00,OLS,-0.3458532349109857
2023-01-09 00:00:00+00:00,OLS,-0.03343465045592705
2023-01-10 00:00:00+00:00,OLS,0.5752279635258359
2023-01-11 00:00:00+00:00,OLS,0.11158649398704902
2023-01-12 00:00:00+00:00,OLS,-0.23450508788159113
2023-01-13 00:00:00+00:00,OLS,0.03265306122448979
2023-01-14 00:00:00+00:00,OLS,0.04776378636561007
2023-01-15 00:00:00+00:00,OLS,0.16185410334346506
2023-01-16 00:00:00+00:00,OLS,-0.045
2023-01-17 00:00:00+00:00,OLS,-0.049315726290516206
2023-01-18 00:00:00+00:00,OLS,0.1061704681872749
2023-01-19 00:00:00+00:00,OLS,0.23985594237695076
2023-01-20 00:00:00+00:00,OLS,0.22833133253301321
2023-01-21 00:00:00+00:00,OLS,-0.17166866746698678
2023-01-22 00:00:00+00:00,OLS,0.13680672268907562
2023-01-23 00:00:00+00:00,OLS,0.19163265306122446
2023-01-24 00:00:00+00:00,OLS,0.33347807207989577
2023-01-25 00:00:00+00:00,OLS,0.22633521493703865
2023-01-26 00:00:00+00:00,OLS,0.24283543204515848
2023-01-27 00:00:00+00:00,OLS,-0.2628093790707772
2023-01-28 00:00:00+00:00,OLS,0.21341728180633956
2023-01-29 00:00:00+00:00,OLS,0.09759009986973512
2023-01-30 00:00:00+00:00,OLS,-0.3450933564915328
2023-01-31 00:00:00+00:00,OLS,0.10898827616152842
2023-02-01 00:00:00+00:00,OLS,0.38721233174120717
2023-02-02 00:00:00+00:00,OLS,-0.07435953104646113
2023-02-03 00:00:00+00:00,OLS,0.12082066869300913
2023-02-04 00:00:00+00:00,OLS,0.27920104211897523
2023-02-05 00:00:00+00:00,OLS,-0.11224489795918366
2023-02-06 00:00:00+00:00,OLS,0.061326530612244884
2023-02-07 00:00:00+00:00,OLS,0.4190816326530612
2023-02-08 00:00:00+00:00,OLS,0.30428571428571427
2023-02-09 00:00:00+00:00,OLS,0.017551020408163264
2023-02-10 00:00:00+00:00,OLS,-0.1647959183673469
2023-02-11 00:00:00+00:00,OLS,0.3074489795918367
2023-02-12 00:00:00+00:00,OLS,0.29897959183673467
2023-02-13 00:00:00+00:00,OLS,-0.07877551020408162
2023-02-14 00:00:00+00:00,OLS,-0.331938775510204
2023-02-15 00:00:00+00:00,OLS,0.2576530612244898
2023-02-16 00:00:00+00:00,OLS,0.041734693877551014
2023-02-17 00:00:00+00:00,OLS,0.06887755102040816
2023-02-18 00:00:00+00:00,OLS,0.23285714285714285
2023-02-19 00:00:00+00:00,OLS,0.06897959183673467
2023-02-20 00:00:00+00:00,OLS,-0.07948979591836733
2023-02-21 00:00:00+00:00,OLS,-0.23785714285714282
2023-02-22 00:00:00+00:00,OLS,0.12999999999999998
2023-02-23 00:00:00+00:00,OLS,0.09714285714285713
2023-02-24 00:00:00+00:00,OLS,0.006122448979591837
2023-02-25 00:00:00+00:00,OLS,-0.1173469387755102
2023-02-26 00:00:00+00:00,OLS,-0.14530612244897959
2023-02-27 00:00:00+00:00,OLS,0.4564285714285714
2023-02-28 00:00:00+00:00,OLS,-0.2773469387755102
2023-03-01 00:00:00+00:00,OLS,0.5170408163265307
2023-03-02 00:00:00+00:00,OLS,0.41837801998358604
2023-03-03 00:00:00+00:00,OLS,0.573877551020408
2023-03-04 00:00:00+00:00,OLS,-0.04326530612244898
2023-03-05 00:00:00+00:00,OLS,-0.1611224489795918
2023-03-06 00:00:00+00:00,OLS,0.4226530612244897
2023-03-07 00:00:00+00:00,OLS,0.5208163265306122
2023-03-08 00:00:00+00:00,OLS,-0.0646938775510204
2023-03-09 00:00:00+00:00,OLS,0.22408163265306122
2023-03-10 00:00:00+00:00,OLS,0.3708163265306122
2023-03-11 00:00:00+00:00,OLS,-0.6820408163265307
2023-03-12 00:00:00+00:00,OLS,-0.45085234093637455
2023-03-13 00:00:00+00:00,OLS,-0.7021848739495797
2023-03-14 00:00:00+00:00,OLS,0.35932773109243693
2023-03-15 00:00:00+00:00,OLS,-0.20825930372148857
2023-03-16 00:00:00+00:00,OLS,-0.22535414165666265
2023-03-17 00:00:00+00:00,OLS,0.0923409363745498
2023-03-18 00:00:00+00:00,OLS,0.12336134453781511
2023-03-19 00:00:00+00:00,OLS,0.2595918367346939
2023-03-20 00:00:00+00:00,OLS,0.1332533013205282
2023-03-21 00:00:00+00:00,OLS,-0.10396158463385353
2023-03-22 00:00:00+00:00,OLS,0.3387755102040816
2023-03-23 00:00:00+00:00,OLS,0.5584153661464586
2023-03-24 00:00:00+00:00,OLS,0.5184633853541416
2023-03-25 00:00:00+00:00,OLS,-0.4143577430972389
2023-03-26 00:00:00+00:00,OLS,0.5985714285714285
2023-03-27 00:00:00+00:00,OLS,-0.40867346938775506
2023-03-28 00:00:00+00:00,OLS,-0.2607142857142857
2023-03-29 00:00:00+00:00,OLS,0.4158163265306122
2023-03-30 00:00:00+00:00,OLS,0.1532783326096396
2023-03-31 00:00:00+00:00,OLS,0.2535822839774207
2023-04-01 00:00:00+00:00,OLS,0.2838688666956144
2023-04-02 00:00:00+00:00,OLS,0.27996092053842814
2023-04-03 00:00:00+00:00,OLS,-0.14003473729917498
2023-04-04 00:00:00+00:00,OLS,-0.1440512375162831
2023-04-05 00:00:00+00:00,OLS,0.2140686061658706
2023-04-06 00:00:00+00:00,OLS,0.34628745115067305
2023-04-07 00:00:00+00:00,OLS,0.15631784628745113
2023-04-08 00:00:00+00:00,OLS,-0.13287016934433346
2023-04-09 00:00:00+00:00,OLS,-0.2888623534520191
2023-04-10 00:00:00+00:00,OLS,0.17032132001736863
2023-04-11 00:00:00+00:00,OLS,0.3867781155015198
2023-04-12 00:00:00+00:00,OLS,0.2844116369952236
2023-04-13 00:00:00+00:00,OLS,-0.15262700825010853
2023-04-14 00:00:00+00:00,OLS,0.3824359531046461
2023-04-15 00:00:00+00:00,OLS,0.2177594442032132
2023-04-16 00:00:00+00:00,OLS,0.1754233608336952
2023-04-17 00:00:00+00:00,OLS,0.28495440729483285
2023-04-18 00:00:00+00:00,OLS,0.2228614850195397
2023-04-19 00:00:00+00:00,OLS,0.17954841511072514
2023-04-20 00:00:00+00:00,OLS,0.3749457229700391
2023-04-21 00:00:00+00:00,OLS,-0.3843663274745606
2023-04-22 00:00:00+00:00,OLS,0.6532839962997226
2023-04-23 00:00:00+00:00,OLS,-0.14794942954054885
2023-04-24 00:00:00+00:00,OLS,-0.2742522355843355
2023-04-25 00:00:00+00:00,OLS,0.15497995683009558
2023-04-26 00:00:00+00:00,OLS,0.0717237126117792
2023-04-27 00:00:00+00:00,OLS,0.23835954363243908
2023-04-28 00:00:00+00:00,OLS,0.21726796176379892
2023-04-29 00:00:00+00:00,OLS,0.22343509096515574
2023-04-30 00:00:00+00:00,OLS,0.4176996608078939
2023-05-01 00:00:00+00:00,OLS,0.09192876965772433
2023-05-02 00:00:00+00:00,OLS,-0.19623034227567068
2023-05-03 00:00:00+00:00,OLS,0.32261794634597596
2023-05-04 00:00:00+00:00,OLS,0.12754394079555967
2023-05-05 00:00:00+00:00,OLS,0.5507631822386679
2023-05-06 00:00:00+00:00,OLS,0.1440795559666975
2023-05-07 00:00:00+00:00,OLS,0.45964384828862165
2023-05-08 00:00:00+00:00,OLS,-0.061364827806782235
2023-05-09 00:00:00+00:00,OLS,-0.15152636447733578
2023-05-10 00:00:00+00:00,OLS,0.7224791859389454
2023-05-11 00:00:00+00:00,OLS,-0.1965464076472402
2023-05-12 00:00:00+00:00,OLS,0.23712611779216775
2023-05-13 00:00:00+00:00,OLS,-0.5035460992907801
2023-05-14 00:00:00+00:00,OLS,-0.0903512288813427
2023-05-15 00:00:00+00:00,OLS,-0.08443841426115692
2023-05-16 00:00:00+00:00,OLS,-0.2087573234659266
2023-05-17 00:00:00+00:00,OLS,0.1637372802960222
2023-05-18 00:00:00+00:00,OLS,0.19051198296533142
2023-05-19 00:00:00+00:00,OLS,0.09030989824236818
2023-05-20 00:00:00+00:00,OLS,0.5213922294172063
2023-05-21 00:00:00+00:00,OLS,0.22016651248843666
2023-05-22 00:00:00+00:00,OLS,-0.1587650323774283
2023-05-23 00:00:00+00:00,OLS,0.3732654949121184
2023-05-24 00:00:00+00:00,OLS,0.004625346901017576
2023-05-25 00:00:00+00:00,OLS,-0.1271168041684759
2023-05-26 00:00:00+00:00,OLS,0.21678245766391663
2023-05-27 00:00:00+00:00,OLS,-0.0755536257056014
2023-05-28 00:00:00+00:00,OLS,0.027520814061054583
2023-05-29 00:00:00+00:00,OLS,0.14327012025901945
2023-05-30 00:00:00+00:00,OLS,0.5545790934320074
2023-05-31 00:00:00+00:00,OLS,-0.2546253469010176
2023-06-01 00:00:00+00:00,OLS,0.1112395929694727
2023-06-02 00:00:00+00:00,OLS,0.36663583102065983
2023-06-03 00:00:00+00:00,OLS,0.10157261794634598
2023-06-04 00:00:00+00:00,OLS,0.6938689217758985
2023-06-05 00:00:00+00:00,OLS,-0.280338266384778
2023-06-06 00:00:00+00:00,OLS,0.3455954897815363
2023-06-07 00:00:00+00:00,OLS,0.08794926004228329
2023-06-08 00:00:00+00:00,OLS,0.1058491895701198
2023-06-09 00:00:00+00:00,OLS,0.3136011275546159
2023-06-10 00:00:00+00:00,OLS,0.12614517265680056
2023-06-11 00:00:00+00:00,OLS,-0.16798418972332013
2023-06-12 00:00:00+00:00,OLS,0.06521739130434781
2023-06-13 00:00:00+00:00,OLS,0.15348837209302324
2023-06-14 00:00:00+00:00,OLS,-0.34281949934123845
2023-06-15 00:00:00+00:00,OLS,-0.08866930171277997
2023-06-16 00:00:00+00:00,OLS,0.1413702239789196
2023-06-17 00:00:00+00:00,OLS,0.2949934123847167
2023-06-18 00:00:00+00:00,OLS,-0.16034255599472988
2023-06-19 00:00:00+00:00,OLS,-0.26548089591567847
2023-06-20 00:00:00+00:00,OLS,-0.23465926611162502
2023-06-21 00:00:00+00:00,OLS,0.21392229417206293
2023-06-22 00:00:00+00:00,OLS,0.25219703977798336
2023-06-23 00:00:00+00:00,OLS,-0.0242368177613321
2023-06-24 00:00:00+00:00,OLS,0.2030835646006784
2023-06-25 00:00:00+00:00,OLS,0.2505704594511255
2023-06-26 00:00:00+00:00,OLS,0.07227104532839965
2023-06-27 00:00:00+00:00,OLS,0.3141766882516189
2023-06-28 00:00:00+00:00,OLS,0.03341813135985199
2023-06-29 00:00:00+00:00,OLS,0.14003237742830713
2023-06-30 00:00:00+00:00,OLS,0.21750693802035154
2023-07-01 00:00:00+00:00,OLS,0.31533302497687327
2023-07-02 00:00:00+00:00,OLS,0.01780758556891767
2023-07-03 00:00:00+00:00,OLS,0.4049491211840888
2023-07-04 00:00:00+00:00,OLS,0.24121184088806663
2023-07-05 00:00:00+00:00,OLS,-0.06729879740980574
2023-07-06 00:00:00+00:00,OLS,-0.0018501387604070306
2023-07-07 00:00:00+00:00,OLS,0.297641073080481
2023-07-08 00:00:00+00:00,OLS,0.21022201665124884
2023-07-09 00:00:00+00:00,OLS,0.17934782608695657
2023-07-10 00:00:00+00:00,OLS,0.21253469010175763
2023-07-11 00:00:00+00:00,OLS,0.06938020351526364
2023-07-12 00:00:00+00:00,OLS,0.4551341350601295
2023-07-13 00:00:00+00:00,OLS,0.11748381128584644
2023-07-14 00:00:00+00:00,OLS,0.2126503237742831
2023-07-15 00:00:00+00:00,OLS,-0.14558279370952823
2023-07-16 00:00:00+00:00,OLS,0.2135753931544866
2023-07-17 00:00:00+00:00,OLS,-0.08129047178538391
2023-07-18 00:00:00+00:00,OLS,0.06868640148011101
2023-07-19 00:00:00+00:00,OLS,0.20461969885107983
2023-07-20 00:00:00+00:00,OLS,0.10129509713228493
2023-07-21 00:00:00+00:00,OLS,0.18790471785383903
2023-07-22 00:00:00+00:00,OLS,0.1502081406105458
2023-07-23 00:00:00+00:00,OLS,0.37372802960222024
2023-07-24 00:00:00+00:00,OLS,0.15356151711378355
2023-07-25 00:00:00+00:00,OLS,0.04035615171137835
2023-07-26 00:00:00+00:00,OLS,-0.050531914893617025
2023-07-27 00:00:00+00:00,OLS,-0.06893182805036908
2023-07-28 00:00:00+00:00,OLS,0.10175763182238669
2023-07-29 00:00:00+00:00,OLS,0.22652636447733585
2023-07-30 00:00:00+00:00,OLS,-0.08788159111933395
2023-07-31 00:00:00+00:00,OLS,0.12465309898242369
2023-08-01 00:00:00+00:00,OLS,0.20809813287016934
2023-08-02 00:00:00+00:00,OLS,0.10366912722535823
2023-08-03 00:00:00+00:00,OLS,0.2576530612244898
2023-08-04 00:00:00+00:00,OLS,0.1797959183673469
2023-08-05 00:00:00+00:00,OLS,-0.0006122605170491503
2023-08-06 00:00:00+00:00,OLS,0.3089795918367347
2023-08-07 00:00:00+00:00,OLS,0.1651572744740083
2023-08-08 00:00:00+00:00,OLS,0.05785861886114471
2023-08-09 00:00:00+00:00,OLS,0.23806122448979591
2023-08-10 00:00:00+00:00,OLS,-0.06948546185584717
2023-08-11 00:00:00+00:00,OLS,0.23409363745498196
2023-08-12 00:00:00+00:00,OLS,-0.07399759903961585
2023-08-13 00:00:00+00:00,OLS,-0.04691476590636255
2023-08-14 00:00:00+00:00,OLS,0.4502761104441776
2023-08-15 00:00:00+00:00,OLS,0.0830252100840336
2023-08-16 00:00:00+00:00,OLS,0.16494597839135652
2023-08-17 00:00:00+00:00,OLS,-0.15040816326530612
2023-08-18 00:00:00+00:00,OLS,-0.1737755102040816
2023-08-19 00:00:00+00:00,OLS,0.30326530612244895
2023-08-20 00:00:00+00:00,OLS,0.23724489795918366
2023-08-21 00:00:00+00:00,OLS,0.17653061224489794
2023-08-22 00:00:00+00:00,OLS,0.03438775510204081
2023-08-23 00:00:00+00:00,OLS,0.3543204515848893
2023-08-24 00:00:00+00:00,OLS,0.23491098567086408
2023-08-25 00:00:00+00:00,OLS,0.0039079461571862786
2023-08-26 00:00:00+00:00,OLS,-0.0022796352583586625
2023-08-27 00:00:00+00:00,OLS,0.27572731220147634
2023-08-28 00:00:00+00:00,OLS,0.0346287451150673
2023-08-29 00:00:00+00:00,OLS,0.03864524533217543
2023-08-30 00:00:00+00:00,OLS,0.13797221016066
2023-08-31 00:00:00+00:00,OLS,0.31111593573599655
2023-09-01 00:00:00+00:00,OLS,0.1017179146573744
2023-09-02 00:00:00+00:00,OLS,0.010529743812418585
2023-09-03 00:00:00+00:00,OLS,0.016391663048198005
2023-09-04 00:00:00+00:00,OLS,-0.002713851498046027
2023-09-05 00:00:00+00:00,OLS,0.20983499782891882
2023-09-06 00:00:00+00:00,OLS,0.3113330438558402
2023-09-07 00:00:00+00:00,OLS,0.1671777892981393
2023-09-08 00:00:00+00:00,OLS,0.042228675348685844
2023-09-09 00:00:00+00:00,OLS,0.14600521059487623
2023-09-10 00:00:00+00:00,OLS,0.49381241858445507
2023-09-11 00:00:00+00:00,OLS,0.020734388153210787
2023-09-12 00:00:00+00:00,OLS,0.10008684324793747
2023-09-13 00:00:00+00:00,OLS,-0.00803300043421624
2023-09-14 00:00:00+00:00,OLS,-0.06728337958680235
2023-09-15 00:00:00+00:00,OLS,0.213691026827012
2023-09-16 00:00:00+00:00,OLS,0.38735738513721857
2023-09-17 00:00:00+00:00,OLS,0.05445575084798027
2023-09-18 00:00:00+00:00,OLS,-0.3118717237126118
2023-09-19 00:00:00+00:00,OLS,-0.15337650323774282
2023-09-20 00:00:00+00:00,OLS,0.22553191489361699
2023-09-21 00:00:00+00:00,OLS,-0.2413495361606333
2023-09-22 00:00:00+00:00,OLS,0.32815294480419366
2023-09-23 00:00:00+00:00,OLS,0.2841196423065063
2023-09-24 00:00:00+00:00,OLS,-0.12414431082331175
2023-09-25 00:00:00+00:00,OLS,-0.09182855380820228
2023-09-26 00:00:00+00:00,OLS,0.10367263873688536
2023-09-27 00:00:00+00:00,OLS,0.0717237126117792
2023-09-28 00:00:00+00:00,OLS,0.056059204440333014
2023-09-29 00:00:00+00:00,OLS,0.18939253777366635
2023-09-30 00:00:00+00:00,OLS,0.11649707061362935
2023-10-01 00:00:00+00:00,OLS,0.19617637989515882
2023-10-02 00:00:00+00:00,OLS,0.32909343200740054
2023-10-03 00:00:00+00:00,OLS,0.036077705827937095
2023-10-04 00:00:00+00:00,OLS,0.2185476410730805
2023-10-05 00:00:00+00:00,OLS,-0.15541165587419056
2023-10-06 00:00:00+00:00,OLS,0.3179869871073058
2023-10-07 00:00:00+00:00,OLS,0.15374653098982421
2023-10-08 00:00:00+00:00,OLS,0.2812827628738822
2023-10-09 00:00:00+00:00,OLS,-0.03324082639531298
2023-10-10 00:00:00+00:00,OLS,0.050878815911193344
2023-10-11 00:00:00+00:00,OLS,0.03200740055504163
2023-10-12 00:00:00+00:00,OLS,0.25032377428307123
2023-10-13 00:00:00+00:00,OLS,0.023990132593277824
2023-10-14 00:00:00+00:00,OLS,-0.2397237042059925
2023-10-15 00:00:00+00:00,OLS,0.10107924761023743
2023-10-16 00:00:00+00:00,OLS,0.3020351526364477
2023-10-17 00:00:00+00:00,OLS,0.3230804810360777
2023-10-18 00:00:00+00:00,OLS,0.3524514338575393
2023-10-19 00:00:00+00:00,OLS,-0.283418131359852
2023-10-20 00:00:00+00:00,OLS,0.0889222941720629
2023-10-21 00:00:00+00:00,OLS,-0.22976410730804808
2023-10-22 00:00:00+00:00,OLS,0.11304347826086955
2023-10-23 00:00:00+00:00,OLS,-0.13351834720937403
2023-10-24 00:00:00+00:00,OLS,-0.23686495874945726
2023-10-25 00:00:00+00:00,OLS,-0.00206252713851498
2023-10-26 00:00:00+00:00,OLS,0.4585323491098567
2023-10-27 00:00:00+00:00,OLS,-0.12809379070777246
2023-10-28 00:00:00+00:00,OLS,0.25075987841945285
2023-10-29 00:00:00+00:00,OLS,-0.13764654798089448
2023-10-30 00:00:00+00:00,OLS,0.3074250976986539
2023-10-31 00:00:00+00:00,OLS,0.3843899261832392
2023-11-01 00:00:00+00:00,OLS,0.3173035171515415
2023-11-02 00:00:00+00:00,OLS,0.04168475900998697
2023-11-03 00:00:00+00:00,OLS,0.022904906643508468
2023-11-04 00:00:00+00:00,OLS,0.3590968302214503
2023-11-05 00:00:00+00:00,OLS,0.059000732781518656
2023-11-06 00:00:00+00:00,OLS,0.13395570994355188
2023-11-07 00:00:00+00:00,OLS,-0.05829353017802865
2023-11-08 00:00:00+00:00,OLS,0.36723838471558834
2023-11-09 00:00:00+00:00,OLS,0.2037559704732957
2023-11-10 00:00:00+00:00,OLS,0.32331174838112864
2023-11-11 00:00:00+00:00,OLS,0.23785846438482888
2023-11-12 00:00:00+00:00,OLS,0.1349444958371878
2023-11-13 00:00:00+00:00,OLS,-0.005970473295701259
2023-11-14 00:00:00+00:00,OLS,0.1614198871037777
2023-11-15 00:00:00+00:00,OLS,0.2835432045158489
2023-11-16 00:00:00+00:00,OLS,-0.006404689535388623
2023-11-17 00:00:00+00:00,OLS,0.04895788102475033
2023-11-18 00:00:00+00:00,OLS,0.05753365175857577
2023-11-19 00:00:00+00:00,OLS,0.2058184976118107
2023-11-20 00:00:00+00:00,OLS,0.15175857577073382
2023-11-21 00:00:00+00:00,OLS,-0.27019105514546243
2023-11-22 00:00:00+00:00,OLS,0.026812852800694748
2023-11-23 00:00:00+00:00,OLS,0.15230134607034304
2023-11-24 00:00:00+00:00,OLS,-0.010095527572731218
2023-11-25 00:00:00+00:00,OLS,0.2372991749891446
2023-11-26 00:00:00+00:00,OLS,0.07653061224489796
2023-11-27 00:00:00+00:00,OLS,-0.04526704298740773
2023-11-28 00:00:00+00:00,OLS,0.18171949630916195
2023-11-29 00:00:00+00:00,OLS,-0.026270082501085538
2023-11-30 00:00:00+00:00,OLS,0.18004162812210917
2023-12-01 00:00:00+00:00,OLS,-0.1138991674375578
2023-12-02 00:00:00+00:00,OLS,0.06753006475485662
2023-12-03 00:00:00+00:00,OLS,0.012642614862781374
2023-12-04 00:00:00+00:00,OLS,0.20851063829787236
2023-12-05 00:00:00+00:00,OLS,0.4045020043169904
2023-12-06 00:00:00+00:00,OLS,0.3765032377428307
2023-12-07 00:00:00+00:00,OLS,0.3043478260869565
2023-12-08 00:00:00+00:00,OLS,0.19934123847167326
2023-12-09 00:00:00+00:00,OLS,0.010013175230566534
2023-12-10 00:00:00+00:00,OLS,0.15006587615283265
2023-12-11 00:00:00+00:00,OLS,0.2002635046113307
2023-12-12 00:00:00+00:00,OLS,0.08880105401844532
2023-12-13 00:00:00+00:00,OLS,-0.36508563899868246
2023-12-14 00:00:00+00:00,OLS,0.08879492600422832
2023-12-15 00:00:00+00:00,OLS,-0.024806201550387597
2023-12-16 00:00:00+00:00,OLS,0.14770965468639885
2023-12-17 00:00:00+00:00,OLS,0.2107117688513037
2023-12-18 00:00:00+00:00,OLS,0.097815362931642
2023-12-19 00:00:00+00:00,OLS,0.04967061923583662
2023-12-20 00:00:00+00:00,OLS,0.19130434782608693
2023-12-21 00:00:00+00:00,OLS,0.2303422756706753
2023-12-22 00:00:00+00:00,OLS,0.1761948812827629
2023-12-23 00:00:00+00:00,OLS,0.211840888066605
2023-12-24 00:00:00+00:00,OLS,0.13214756258234517
2023-12-25 00:00:00+00:00,OLS,0.08814229249011857
2023-12-26 00:00:00+00:00,OLS,0.3364953886693017
2023-12-27 00:00:00+00:00,OLS,0.1608695652173913
2023-12-28 00:00:00+00:00,OLS,0.10079051383399208
2023-12-29 00:00:00+00:00,OLS,-0.1644268774703557
2023-12-30 00:00:00+00:00,OLS,0.4625823451910408
2023-12-31 00:00:00+00:00,OLS,0.06455862977602107
2024-01-01 00:00:00+00:00,OLS,0.08695652173913042
2024-01-02 00:00:00+00:00,OLS,0.040843214756258225
2024-01-03 00:00:00+00:00,OLS,0.08537549407114624
2024-01-04 00:00:00+00:00,OLS,0.312981806968856
2024-01-05 00:00:00+00:00,OLS,0.3137022397891963
2024-01-06 00:00:00+00:00,OLS,0.36429512516469037
2024-01-07 00:00:00+00:00,OLS,-0.07404479578392621
2024-01-08 00:00:00+00:00,OLS,0.533518347209374
2024-01-09 00:00:00+00:00,OLS,0.055072463768115934
2024-01-10 00:00:00+00:00,OLS,0.17002775208140608
2024-01-11 00:00:00+00:00,OLS,0.08208448967005859
2024-01-12 00:00:00+00:00,OLS,0.06654332408263954
2024-01-13 00:00:00+00:00,OLS,0.13583662714097497
2024-01-14 00:00:00+00:00,OLS,-0.04411557434813248
2024-01-15 00:00:00+00:00,OLS,-0.05158562367864693
2024-01-16 00:00:00+00:00,OLS,0.3312191684284707
2024-01-17 00:00:00+00:00,OLS,0.5238598610691634
2024-01-18 00:00:00+00:00,OLS,0.11763817577771066
2024-01-19 00:00:00+00:00,OLS,0.13530655391120508
2024-01-20 00:00:00+00:00,OLS,0.354122621564482
2024-01-21 00:00:00+00:00,OLS,0.3492902446390818
2024-01-22 00:00:00+00:00,OLS,-0.01993355481727575
2024-01-23 00:00:00+00:00,OLS,-0.3683177287828451
2024-01-24 00:00:00+00:00,OLS,0.345514950166113
2024-01-25 00:00:00+00:00,OLS,-0.47417698580489276
2024-01-26 00:00:00+00:00,OLS,-0.12216852914527332
2024-01-27 00:00:00+00:00,OLS,0.2854122621564482
2024-01-28 00:00:00+00:00,OLS,-0.2659317426759287
2024-01-29 00:00:00+00:00,OLS,0.05144467935165609
2024-01-30 00:00:00+00:00,OLS,0.321353065539112
2024-01-31 00:00:00+00:00,OLS,0.32882311486962645
2024-02-01 00:00:00+00:00,OLS,0.09486166007905136
2024-02-02 00:00:00+00:00,OLS,0.30750988142292485
2024-02-03 00:00:00+00:00,OLS,0.22889358703312188
2024-02-04 00:00:00+00:00,OLS,-0.09823819591261451
2024-02-05 00:00:00+00:00,OLS,0.3119894598155467
2024-02-06 00:00:00+00:00,OLS,-0.27470355731225293
2024-02-07 00:00:00+00:00,OLS,0.22911725955204212
2024-02-08 00:00:00+00:00,OLS,-0.1540521494009866
2024-02-09 00:00:00+00:00,OLS,0.0022551092318534175
2024-02-10 00:00:00+00:00,OLS,0.07498238195912614
2024-02-11 00:00:00+00:00,OLS,-0.21592670894996474
2024-02-12 00:00:00+00:00,OLS,0.24496124031007752
2024-02-13 00:00:00+00:00,OLS,-0.0029598308668076106
2024-02-14 00:00:00+00:00,OLS,-0.015362931642001408
2024-02-15 00:00:00+00:00,OLS,-0.10119802677942212
2024-02-16 00:00:00+00:00,OLS,0.23875968992248062
2024-02-17 00:00:00+00:00,OLS,-0.10585925702204772
2024-02-18 00:00:00+00:00,OLS,-0.1405919661733615
2024-02-19 00:00:00+00:00,OLS,0.4275143461189973
2024-02-20 00:00:00+00:00,OLS,0.05557233464210208
2024-02-21 00:00:00+00:00,OLS,0.09392932648746603
2024-02-22 00:00:00+00:00,OLS,0.27312252964426875
2024-02-23 00:00:00+00:00,OLS,-0.17101449275362315
2024-02-24 00:00:00+00:00,OLS,0.11458773784355178
2024-02-25 00:00:00+00:00,OLS,0.5400527009222661
2024-02-26 00:00:00+00:00,OLS,0.32200263504611326
2024-02-27 00:00:00+00:00,OLS,-0.002108036890645586
2024-02-28 00:00:00+00:00,OLS,0.1538866930171278
2024-02-29 00:00:00+00:00,OLS,-0.2915678524374176
2024-03-01 00:00:00+00:00,OLS,-0.03162055335968379
2024-03-02 00:00:00+00:00,OLS,0.05322793148880104
2024-03-03 00:00:00+00:00,OLS,0.18477801268498942
2024-03-04 00:00:00+00:00,OLS,0.25651867512332627
2024-03-05 00:00:00+00:00,OLS,0.16391825229034532
2024-03-06 00:00:00+00:00,OLS,0.15137420718816066
2024-03-07 00:00:00+00:00,OLS,-0.28224101479915437
2024-03-08 00:00:00+00:00,OLS,-0.07565690123829659
2024-03-09 00:00:00+00:00,OLS,0.2501761804087385
2024-03-10 00:00:00+00:00,OLS,0.13742071881606766
2024-03-11 00:00:00+00:00,OLS,0.342353770260747
2024-03-12 00:00:00+00:00,OLS,0.33715415019762845
2024-03-13 00:00:00+00:00,OLS,-0.21475625823451908
2024-03-14 00:00:00+00:00,OLS,0.2843663274745606
2024-03-15 00:00:00+00:00,OLS,0.5491828553808202
2024-03-16 00:00:00+00:00,OLS,-0.3026210299105766
2024-03-17 00:00:00+00:00,OLS,0.6918313570487482
2024-03-18 00:00:00+00:00,OLS,-0.23794466403162054
2024-03-19 00:00:00+00:00,OLS,-0.20237154150197625
2024-03-20 00:00:00+00:00,OLS,0.405214940098661
2024-03-21 00:00:00+00:00,OLS,0.0943823618242223
2024-03-22 00:00:00+00:00,OLS,-0.16143159166414983
2024-03-23 00:00:00+00:00,OLS,-0.08275445484747809
2024-03-24 00:00:00+00:00,OLS,0.07808315715292459
2024-03-25 00:00:00+00:00,OLS,-0.09541930937279773
2024-03-26 00:00:00+00:00,OLS,0.36871035940803387
2024-03-27 00:00:00+00:00,OLS,-0.03946441155743481
2024-03-28 00:00:00+00:00,OLS,0.5110641296687808
2024-03-29 00:00:00+00:00,OLS,-0.23715415019762845
2024-03-30 00:00:00+00:00,OLS,-0.10909090909090909
2024-03-31 00:00:00+00:00,OLS,0.34277660324171955
2024-04-01 00:00:00+00:00,OLS,0.32226613965744394
2024-04-02 00:00:00+00:00,OLS,0.21133069828722
2024-04-03 00:00:00+00:00,OLS,0.028923835954363243
2024-04-04 00:00:00+00:00,OLS,0.07404479578392621
2024-04-05 00:00:00+00:00,OLS,0.10092226613965743
2024-04-06 00:00:00+00:00,OLS,-0.480764163372859
2024-04-07 00:00:00+00:00,OLS,-0.27300916138125436
2024-04-08 00:00:00+00:00,OLS,0.32766798418972326
2024-04-09 00:00:00+00:00,OLS,-0.05783926218708828
2024-04-10 00:00:00+00:00,OLS,0.2957839262187088
2024-04-11 00:00:00+00:00,OLS,0.397760210803689
2024-04-12 00:00:00+00:00,OLS,0.1462450592885375
2024-04-13 00:00:00+00:00,OLS,-0.41462450592885375
2024-04-14 00:00:00+00:00,OLS,0.3314888010540184
2024-04-15 00:00:00+00:00,OLS,-0.21085271317829457
2024-04-16 00:00:00+00:00,OLS,0.4119802677942213
2024-04-17 00:00:00+00:00,OLS,-0.052552099063726966
2024-04-18 00:00:00+00:00,OLS,-0.08079130172153427
2024-04-19 00:00:00+00:00,OLS,-0.6260948353971609
2024-04-20 00:00:00+00:00,OLS,0.0466626396858955
2024-04-21 00:00:00+00:00,OLS,0.07943219571126549
2024-04-22 00:00:00+00:00,OLS,-0.14723648444578677
2024-04-23 00:00:00+00:00,OLS,0.24705527031108424
2024-04-24 00:00:00+00:00,OLS,0.032135306553911204
2024-04-25 00:00:00+00:00,OLS,0.4648343904157857
2024-04-26 00:00:00+00:00,OLS,0.11782945736434107
2024-04-27 00:00:00+00:00,OLS,0.08935870331219167
2024-04-28 00:00:00+00:00,OLS,-0.08780831571529245
2024-04-29 00:00:00+00:00,OLS,0.48386187455954893
2024-04-30 00:00:00+00:00,OLS,-0.21338971106412968
2024-05-01 00:00:00+00:00,OLS,-0.2476391825229034
2024-05-02 00:00:00+00:00,OLS,-0.5499848988221081
2024-05-03 00:00:00+00:00,OLS,-0.023741998217324367
2024-05-04 00:00:00+00:00,OLS,0.07203630175836642
2024-05-05 00:00:00+00:00,OLS,0.051292439834697355
2024-05-06 00:00:00+00:00,OLS,0.1961643008154636
2024-05-07 00:00:00+00:00,OLS,0.24041075203865903
2024-05-08 00:00:00+00:00,OLS,-0.09893849769062475
2024-05-09 00:00:00+00:00,OLS,0.16062717770034846
2024-05-10 00:00:00+00:00,OLS,0.03031358885017422
2024-05-11 00:00:00+00:00,OLS,0.10226480836236937
2024-05-12 00:00:00+00:00,OLS,0.2616724738675959
2024-05-13 00:00:00+00:00,OLS,0.048606271777003496
2024-05-14 00:00:00+00:00,OLS,-0.3066202090592335
2024-05-15 00:00:00+00:00,OLS,0.2886759581881534
2024-05-16 00:00:00+00:00,OLS,-0.22804878048780494
2024-05-17 00:00:00+00:00,OLS,-0.17334494773519168
2024-05-18 00:00:00+00:00,OLS,0.3573170731707318
2024-05-19 00:00:00+00:00,OLS,-0.10487804878048783
2024-05-20 00:00:00+00:00,OLS,-0.3081597925613808
2024-05-21 00:00:00+00:00,OLS,0.055343975366663974
2024-05-22 00:00:00+00:00,OLS,0.04270318450692813
2024-05-23 00:00:00+00:00,OLS,0.1491775382870108
2024-05-24 00:00:00+00:00,OLS,-0.1907278767743884
2024-05-25 00:00:00+00:00,OLS,-0.004983388704318937
2024-05-26 00:00:00+00:00,OLS,-0.34053156146179403
2024-05-27 00:00:00+00:00,OLS,-0.04334038054968287
2024-05-28 00:00:00+00:00,OLS,0.1817518839640224
2024-05-29 00:00:00+00:00,OLS,0.045458228668665425
2024-05-30 00:00:00+00:00,OLS,-0.10217972611619804
2024-05-31 00:00:00+00:00,OLS,0.18855846365772627
2024-06-01 00:00:00+00:00,OLS,0.19974070172595418
2024-06-02 00:00:00+00:00,OLS,0.12519244793776843
2024-06-03 00:00:00+00:00,OLS,-0.17494530427031849
2024-06-04 00:00:00+00:00,OLS,-0.04999594846446804
2024-06-05 00:00:00+00:00,OLS,0.307762005436424
2024-06-06 00:00:00+00:00,OLS,0.3302627604953186
2024-06-07 00:00:00+00:00,OLS,0.26457263666565994
2024-06-08 00:00:00+00:00,OLS,-0.04756871035940803
2024-06-09 00:00:00+00:00,OLS,0.259589247961341
2024-06-10 00:00:00+00:00,OLS,0.49018423437028086
2024-06-11 00:00:00+00:00,OLS,-0.37223396758280475
2024-06-12 00:00:00+00:00,OLS,0.527786167321051
2024-06-13 00:00:00+00:00,OLS,0.34611899728178797
2024-06-14 00:00:00+00:00,OLS,0.045947850599013386
2024-06-15 00:00:00+00:00,OLS,-0.2846572032618544
2024-06-16 00:00:00+00:00,OLS,0.7213530655391119
2024-06-17 00:00:00+00:00,OLS,0.34193093727977447
2024-06-18 00:00:00+00:00,OLS,0.08174770965468638
2024-06-19 00:00:00+00:00,OLS,-0.09556025369978859
2024-06-20 00:00:00+00:00,OLS,0.1350246652572234
2024-06-21 00:00:00+00:00,OLS,0.14545454545454545
2024-06-22 00:00:00+00:00,OLS,0.38731501057082446
2024-06-23 00:00:00+00:00,OLS,-0.6043692741367159
2024-06-24 00:00:00+00:00,OLS,0.13587033121916844
2024-06-25 00:00:00+00:00,OLS,0.18125440451021846
2024-06-26 00:00:00+00:00,OLS,0.21119894598155464
2024-06-27 00:00:00+00:00,OLS,0.43715415019762843
2024-06-28 00:00:00+00:00,OLS,0.0030218933086648163
2024-06-29 00:00:00+00:00,OLS,-0.24724020968239283
2024-06-30 00:00:00+00:00,OLS,0.298427382053654
2024-07-01 00:00:00+00:00,OLS,0.2975254394079556
2024-07-02 00:00:00+00:00,OLS,0.3275075987841945
2024-07-03 00:00:00+00:00,OLS,0.14211378353376503
2024-07-04 00:00:00+00:00,OLS,0.1628122109158187
2024-07-05 00:00:00+00:00,OLS,-0.540009250693802
2024-07-06 00:00:00+00:00,OLS,0.2288390379278446
2024-07-07 00:00:00+00:00,OLS,-0.13633209990749307
2024-07-08 00:00:00+00:00,OLS,-0.39072617946345983
2024-07-09 00:00:00+00:00,OLS,-0.05908880666049954
2024-07-10 00:00:00+00:00,OLS,0.44995657837603126
2024-07-11 00:00:00+00:00,OLS,0.05168825161887142
2024-07-12 00:00:00+00:00,OLS,0.3805504162812211
2024-07-13 00:00:00+00:00,OLS,-0.4114246068455134
2024-07-14 00:00:00+00:00,OLS,-0.7069842738205366
2024-07-15 00:00:00+00:00,OLS,-0.07955596669750231
2024-07-16 00:00:00+00:00,OLS,0.166049953746531
2024-07-17 00:00:00+00:00,OLS,0.15929694727104532
2024-07-18 00:00:00+00:00,OLS,0.04027135368485969
2024-07-19 00:00:00+00:00,OLS,0.07012025901942645
2024-07-20 00:00:00+00:00,OLS,0.16673713883016208
2024-07-21 00:00:00+00:00,OLS,0.3794221282593376
2024-07-22 00:00:00+00:00,OLS,0.07836504580690626
2024-07-23 00:00:00+00:00,OLS,0.36067653276955597
2024-07-24 00:00:00+00:00,OLS,0.41155743481324875
2024-07-25 00:00:00+00:00,OLS,-0.2959830866807611
2024-07-26 00:00:00+00:00,OLS,-0.01804087385482734
2024-07-27 00:00:00+00:00,OLS,0.41057082452431287
2024-07-28 00:00:00+00:00,OLS,0.12276250880902043
2024-07-29 00:00:00+00:00,OLS,0.34108527131782945
2024-07-30 00:00:00+00:00,OLS,0.27610993657505284
2024-07-31 00:00:00+00:00,OLS,0.011698379140239603
2024-08-01 00:00:00+00:00,OLS,0.36982872200263506
2024-08-02 00:00:00+00:00,OLS,0.5750988142292489
2024-08-03 00:00:00+00:00,OLS,-0.008168642951251647
2024-08-04 00:00:00+00:00,OLS,0.3235836627140975
2024-08-05 00:00:00+00:00,OLS,-0.40764163372859025
2024-08-06 00:00:00+00:00,OLS,0.2637681159420289
2024-08-07 00:00:00+00:00,OLS,-0.409559050262103
2024-08-08 00:00:00+00:00,OLS,0.048905334566759176
2024-08-09 00:00:00+00:00,OLS,-0.22960222016651247
2024-08-10 00:00:00+00:00,OLS,0.1375886524822695
2024-08-11 00:00:00+00:00,OLS,-0.18593894542090655
2024-08-12 00:00:00+00:00,OLS,-0.00425531914893617
2024-08-13 00:00:00+00:00,OLS,0.058649398704902864
2024-08-14 00:00:00+00:00,OLS,0.3301341350601295
2024-08-15 00:00:00+00:00,OLS,0.36910268270120256
2024-08-16 00:00:00+00:00,OLS,0.05330712303422758
2024-08-17 00:00:00+00:00,OLS,0.07342738205365404
2024-08-18 00:00:00+00:00,OLS,0.09828862164662351
2024-08-19 00:00:00+00:00,OLS,0.062102991057662656
2024-08-20 00:00:00+00:00,OLS,-0.0120259019426457
2024-08-21 00:00:00+00:00,OLS,-0.21973481344434165
2024-08-22 00:00:00+00:00,OLS,-0.4371877890841813
2024-08-23 00:00:00+00:00,OLS,-0.4333641689793401
2024-08-24 00:00:00+00:00,OLS,0.20049337033610853
2024-08-25 00:00:00+00:00,OLS,0.24084321475625822
2024-08-26 00:00:00+00:00,OLS,0.10737812911725954
2024-08-27 00:00:00+00:00,OLS,0.09723320158102765
2024-08-28 00:00:00+00:00,OLS,0.2848596978106691
2024-08-29 00:00:00+00:00,OLS,-0.17002775208140608
2024-08-30 00:00:00+00:00,OLS,0.4285538082022818
2024-08-31 00:00:00+00:00,OLS,0.46073781291172594
2024-09-01 00:00:00+00:00,OLS,-0.3632411067193676
2024-09-02 00:00:00+00:00,OLS,0.37852437417654805
2024-09-03 00:00:00+00:00,OLS,-0.15991366019118103
2024-09-04 00:00:00+00:00,OLS,0.1333950046253469
2024-09-05 00:00:00+00:00,OLS,-0.024606845513413505
2024-09-06 00:00:00+00:00,OLS,-0.25710761640456364
2024-09-07 00:00:00+00:00,OLS,-0.16225716928769657
2024-09-08 00:00:00+00:00,OLS,-0.3506012950971323
2024-09-09 00:00:00+00:00,OLS,0.1044172062904718
2024-09-10 00:00:00+00:00,OLS,0.21345975948196116
2024-09-11 00:00:00+00:00,OLS,-0.13771970397779834
2024-09-12 00:00:00+00:00,OLS,0.12557816836262722
2024-09-13 00:00:00+00:00,OLS,-0.14037927844588344
2024-09-14 00:00:00+00:00,OLS,-0.025208140610545788
2024-09-15 00:00:00+00:00,OLS,0.24919056429232195
2024-09-16 00:00:00+00:00,OLS,-0.4531683626271971
2024-09-17 00:00:00+00:00,OLS,-0.3876465479808945
2024-09-18 00:00:00+00:00,OLS,-0.17459183673469383
2024-09-19 00:00:00+00:00,OLS,-0.21367346938775508
2024-09-20 00:00:00+00:00,OLS,-0.0360204081632653
2024-09-21 00:00:00+00:00,OLS,0.11520408163265305
2024-09-22 00:00:00+00:00,OLS,-0.10153061224489794
2024-09-23 00:00:00+00:00,OLS,-0.09306122448979591
2024-09-24 00:00:00+00:00,OLS,0.11285714285714284
2024-09-25 00:00:00+00:00,OLS,-0.0729483282674772
2024-09-26 00:00:00+00:00,OLS,0.0972644376899696
2024-09-27 00:00:00+00:00,OLS,0.26986539296569695
2024-09-28 00:00:00+00:00,OLS,-0.2596613113330439
2024-09-29 00:00:00+00:00,OLS,-0.1857359965262701
2024-09-30 00:00:00+00:00,OLS,0.16348241424229265
2024-10-01 00:00:00+00:00,OLS,0.07989578810247502
2024-10-02 00:00:00+00:00,OLS,0.24359531046461136
2024-10-03 00:00:00+00:00,OLS,-0.34151107251411206
2024-10-04 00:00:00+00:00,OLS,0.23480243161094225
2024-10-05 00:00:00+00:00,OLS,-0.3655015197568389
2024-10-06 00:00:00+00:00,OLS,-0.0401650021710812
2024-10-07 00:00:00+00:00,OLS,0.06111593573599653
2024-10-08 00:00:00+00:00,OLS,0.233608336951802
2024-10-09 00:00:00+00:00,OLS,0.15903169778549717
2024-10-10 00:00:00+00:00,OLS,-0.09487624837168909
2024-10-11 00:00:00+00:00,OLS,-0.12147199305254017
2024-10-12 00:00:00+00:00,OLS,-0.20234476769431176
2024-10-13 00:00:00+00:00,OLS,-0.06980026052974381
2024-10-14 00:00:00+00:00,OLS,0.14437689969604864
2024-10-15 00:00:00+00:00,OLS,0.37668258792878856
2024-10-16 00:00:00+00:00,OLS,0.00425531914893617
2024-10-17 00:00:00+00:00,OLS,0.15127967930928155
2024-10-18 00:00:00+00:00,OLS,0.1477027443724946
2024-10-19 00:00:00+00:00,OLS,0.14572926302806044
2024-10-20 00:00:00+00:00,OLS,0.36021080368906455
2024-10-21 00:00:00+00:00,OLS,0.041370223978919624
2024-10-22 00:00:00+00:00,OLS,0.21950657148177416
2024-10-23 00:00:00+00:00,OLS,0.08682476943346508
2024-10-24 00:00:00+00:00,OLS,0.3488744989207524
2024-10-25 00:00:00+00:00,OLS,0.27412889300030835
2024-10-26 00:00:00+00:00,OLS,0.2191040843214756
2024-10-27 00:00:00+00:00,OLS,0.2590250329380764
2024-10-28 00:00:00+00:00,OLS,-0.2204216073781291
2024-10-29 00:00:00+00:00,OLS,0.2061923583662714
2024-10-30 00:00:00+00:00,OLS,0.26956521739130435
2024-10-31 00:00:00+00:00,OLS,0.36025369978858346
2024-11-01 00:00:00+00:00,OLS,0.3113460183227625
2024-11-02 00:00:00+00:00,OLS,0.3299077733860342
2024-11-03 00:00:00+00:00,OLS,0.004743083003952569
2024-11-04 00:00:00+00:00,OLS,-0.43702239789196307
2024-11-05 00:00:00+00:00,OLS,-0.25883441258094353
2024-11-06 00:00:00+00:00,OLS,0.19679309281529445
2024-11-07 00:00:00+00:00,OLS,0.4675300647548566
2024-11-08 00:00:00+00:00,OLS,-0.25636756090040086
2024-11-09 00:00:00+00:00,OLS,0.040641381436941106
2024-11-10 00:00:00+00:00,OLS,0.14178999295278363
2024-11-11 00:00:00+00:00,OLS,-0.06328400281888653
2024-11-12 00:00:00+00:00,OLS,0.28353096179183135
2024-11-13 00:00:00+00:00,OLS,0.27391304347826084
2024-11-14 00:00:00+00:00,OLS,0.05823451910408431
2024-11-15 00:00:00+00:00,OLS,-0.06990838618745594
2024-11-16 00:00:00+00:00,OLS,0.38097251585623676
2024-11-17 00:00:00+00:00,OLS,0.01014799154334038
2024-11-18 00:00:00+00:00,OLS,0.3607378129117259
2024-11-19 00:00:00+00:00,OLS,0.3403162055335968
2024-11-20 00:00:00+00:00,OLS,-0.00764163372859025
2024-11-21 00:00:00+00:00,OLS,0.2002635046113307
2024-11-22 00:00:00+00:00,OLS,-0.32938076416337286
2024-11-23 00:00:00+00:00,OLS,-0.3285902503293807
2024-11-24 00:00:00+00:00,OLS,0.05692260252852297
2024-11-25 00:00:00+00:00,OLS,0.16324390995991364
2024-11-26 00:00:00+00:00,OLS,0.2698119025593586
2024-11-27 00:00:00+00:00,OLS,-0.06975023126734504
2024-11-28 00:00:00+00:00,OLS,-0.023589269195189642
2024-11-29 00:00:00+00:00,OLS,0.12523126734505088
2024-11-30 00:00:00+00:00,OLS,0.00393154486586494
2024-12-01 00:00:00+00:00,OLS,0.22611810681719494
2024-12-02 00:00:00+00:00,OLS,0.07598784194528875
2024-12-03 00:00:00+00:00,OLS,0.282783326096396
2024-12-04 00:00:00+00:00,OLS,0.34292227529309594
2024-12-05 00:00:00+00:00,OLS,0.13059053408597482
2024-12-06 00:00:00+00:00,OLS,0.12907077724706903
2024-12-07 00:00:00+00:00,OLS,0.26726009552757274
2024-12-08 00:00:00+00:00,OLS,0.09954407294832826
2024-12-09 00:00:00+00:00,OLS,-0.2027789839339991
2024-12-10 00:00:00+00:00,OLS,-0.12494572297003907
2024-12-11 00:00:00+00:00,OLS,0.1853222325007709
2024-12-12 00:00:00+00:00,OLS,0.03364939870490287
2024-12-13 00:00:00+00:00,OLS,0.19819611470860315
2024-12-14 00:00:00+00:00,OLS,0.3674838112858464
2024-12-15 00:00:00+00:00,OLS,0.32359965262700824
2024-12-16 00:00:00+00:00,OLS,-0.1558836300477638
2024-12-17 00:00:00+00:00,OLS,0.21363438992618325
2024-12-18 00:00:00+00:00,OLS,0.07066869300911854
2024-12-19 00:00:00+00:00,OLS,-0.18595310464611378
2024-12-20 00:00:00+00:00,OLS,0.38008788159111934
2024-12-21 00:00:00+00:00,OLS,-0.3280527289546716
2024-12-22 00:00:00+00:00,OLS,-0.07909343200740057
2024-12-23 00:00:00+00:00,OLS,-0.014338575393154489
2024-12-24 00:00:00+00:00,OLS,0.45062442183163737
2024-12-25 00:00:00+00:00,OLS,0.26803885291396856
2024-12-26 00:00:00+00:00,OLS,-0.1328630897317299
2024-12-27 00:00:00+00:00,OLS,-0.24242984890533456
2024-12-28 00:00:00+00:00,OLS,0.49367869256860925
2024-12-29 00:00:00+00:00,OLS,-0.08393462843046562
2024-12-30 00:00:00+00:00,OLS,0.07184705519580635
2024-12-31 00:00:00+00:00,OLS,-0.2335800185013876
2025-01-01 00:00:00+00:00,OLS,-0.0524976873265495
2025-01-02 00:00:00+00:00,OLS,-0.22132284921369105
2025-01-03 00:00:00+00:00,OLS,0.125
2025-01-04 00:00:00+00:00,OLS,0.1916049953746531
2025-01-05 00:00:00+00:00,OLS,-0.05729263028060438
2025-01-06 00:00:00+00:00,OLS,0.36281221091581867
2025-01-07 00:00:00+00:00,OLS,0.1627505396238051
2025-01-08 00:00:00+00:00,OLS,0.10158102766798419
2025-01-09 00:00:00+00:00,OLS,-0.47413671599718116
2025-01-10 00:00:00+00:00,OLS,-0.07864693446088795
2025-01-11 00:00:00+00:00,OLS,0.3434813248766737
2025-01-12 00:00:00+00:00,OLS,0.2678524374176548
2025-01-13 00:00:00+00:00,OLS,-0.09960474308300396
2025-01-14 00:00:00+00:00,OLS,-0.12714097496706192
2025-01-15 00:00:00+00:00,OLS,0.08076109936575053
2025-01-16 00:00:00+00:00,OLS,0.2641296687808316
2025-01-17 00:00:00+00:00,OLS,0.35278365045806903
2025-01-18 00:00:00+00:00,OLS,0.13460183227625086
2025-01-19 00:00:00+00:00,OLS,0.15320648343904159
2025-01-20 00:00:00+00:00,OLS,-0.1919661733615222
2025-01-21 00:00:00+00:00,OLS,0.023188405797101446
2025-01-22 00:00:00+00:00,OLS,-0.04097496706192358
2025-01-23 00:00:00+00:00,OLS,0.31330698287220027
2025-01-24 00:00:00+00:00,OLS,0.03162055335968379
2025-01-25 00:00:00+00:00,OLS,0.3499341238471673
2025-01-26 00:00:00+00:00,OLS,0.13030303030303028
2025-01-27 00:00:00+00:00,OLS,0.28629776021080366
2025-01-28 00:00:00+00:00,OLS,-0.26956521739130435
2025-01-29 00:00:00+00:00,OLS,-0.058498023715415015
2025-01-30 00:00:00+00:00,OLS,0.08050065876152832
2025-01-31 00:00:00+00:00,OLS,0.750592885375494
2025-02-01 00:00:00+00:00,OLS,0.24664031620553356
2025-02-02 00:00:00+00:00,OLS,-0.15109231853417898
2025-02-03 00:00:00+00:00,OLS,0.3753347427766032
2025-02-04 00:00:00+00:00,OLS,0.23932346723044395
2025-02-05 00:00:00+00:00,OLS,0.5299077733860342
2025-02-06 00:00:00+00:00,OLS,0.27826086956521734
2025-02-07 00:00:00+00:00,OLS,-0.4284584980237154
2025-02-08 00:00:00+00:00,OLS,0.20518038852913967
2025-02-09 00:00:00+00:00,OLS,-0.16269657724329326
2025-02-10 00:00:00+00:00,OLS,0.3004162812210916
2025-02-11 00:00:00+00:00,OLS,0.04648473635522665
2025-02-12 00:00:00+00:00,OLS,0.18732654949121186
2025-02-13 00:00:00+00:00,OLS,-0.36008325624421833
2025-02-14 00:00:00+00:00,OLS,0.4492368177613322
2025-02-15 00:00:00+00:00,OLS,0.12303422756706751
2025-02-16 00:00:00+00:00,OLS,0.10935441370223978
2025-02-17 00:00:00+00:00,OLS,0.242368177613321
2025-02-18 00:00:00+00:00,OLS,0.18026518655565835
2025-02-19 00:00:00+00:00,OLS,-0.32309589885908113
2025-02-20 00:00:00+00:00,OLS,0.012765957446808512
2025-02-21 00:00:00+00:00,OLS,-0.43940795559666973
2025-02-22 00:00:00+00:00,OLS,0.3590250329380764
2025-02-23 00:00:00+00:00,OLS,0.43410422448350283
2025-02-24 00:00:00+00:00,OLS,-0.3319765649090348
2025-02-25 00:00:00+00:00,OLS,-0.3444341658957755
2025-02-26 00:00:00+00:00,OLS,0.48294788775824854
2025-02-27 00:00:00+00:00,OLS,-0.2502004316990441
2025-02-28 00:00:00+00:00,OLS,0.2889300030835646
2025-03-01 00:00:00+00:00,OLS,-0.05445575084798027
2025-03-02 00:00:00+00:00,OLS,0.5483194572926302
2025-03-03 00:00:00+00:00,OLS,0.24279987665741595
2025-03-04 00:00:00+00:00,OLS,0.22775208140610542
2025-03-05 00:00:00+00:00,OLS,0.38871415356151706
2025-03-06 00:00:00+00:00,OLS,0.011409189022510022
2025-03-07 00:00:00+00:00,OLS,0.12186623090070524
2025-03-08 00:00:00+00:00,OLS,0.21014492753623185
2025-03-09 00:00:00+00:00,OLS,-0.020289855072463767
2025-03-10 00:00:00+00:00,OLS,-0.07114624505928853
2025-03-11 00:00:00+00:00,OLS,-0.4408738548273432
2025-03-12 00:00:00+00:00,OLS,0.24947145877378432
2025-03-13 00:00:00+00:00,OLS,-0.21821202053760194
2025-03-14 00:00:00+00:00,OLS,-0.0664451827242525
2025-03-15 00:00:00+00:00,OLS,0.40289942615524005
2025-03-16 00:00:00+00:00,OLS,-0.14233397525906538
2025-03-17 00:00:00+00:00,OLS,0.23523608174770963
2025-03-18 00:00:00+00:00,OLS,0.09499647639182522
2025-03-19 00:00:00+00:00,OLS,0.12417195207892881
2025-03-20 00:00:00+00:00,OLS,0.028752642706131072
2025-03-21 00:00:00+00:00,OLS,0.10147991543340382
2025-03-22 00:00:00+00:00,OLS,0.17366354575656903
2025-03-23 00:00:00+00:00,OLS,-0.06508607671398368
2025-03-24 00:00:00+00:00,OLS,-0.13440048323769255
2025-03-25 00:00:00+00:00,OLS,0.10465116279069767
2025-03-26 00:00:00+00:00,OLS,0.07641196013289037
2025-03-27 00:00:00+00:00,OLS,0.49640591966173353
2025-03-28 00:00:00+00:00,OLS,0.15524010872848082
2025-03-29 00:00:00+00:00,OLS,-0.12114091240580178
2025-03-30 00:00:00+00:00,OLS,0.2994084758123329
2025-03-31 00:00:00+00:00,OLS,0.22742373905164603
2025-04-01 00:00:00+00:00,OLS,0.5286922379945636
2025-04-02 00:00:00+00:00,OLS,-0.14995469646632437
2025-04-03 00:00:00+00:00,OLS,0.08396254907882815
2025-04-04 00:00:00+00:00,OLS,0.12005436424041076
2025-04-05 00:00:00+00:00,OLS,0.22274237390516463
2025-04-06 00:00:00+00:00,OLS,-0.1676230745998188
2025-04-07 00:00:00+00:00,OLS,0.33826638477801263
2025-04-08 00:00:00+00:00,OLS,-0.07897916037450922
2025-04-09 00:00:00+00:00,OLS,0.2751434611899728
2025-04-10 00:00:00+00:00,OLS,0.005436424041075204
2025-04-11 00:00:00+00:00,OLS,-0.025067955300513436
2025-04-12 00:00:00+00:00,OLS,0.5104198127453942
2025-04-13 00:00:00+00:00,OLS,-0.19661733615221988
2025-04-14 00:00:00+00:00,OLS,-0.001963153125943824
2025-04-15 00:00:00+00:00,OLS,0.3157656297191181
2025-04-16 00:00:00+00:00,OLS,-0.07285902503293806
2025-04-17 00:00:00+00:00,OLS,-0.05111989459815546
2025-04-18 00:00:00+00:00,OLS,-0.05243741765480895
2025-04-19 00:00:00+00:00,OLS,0.06567992599444959
2025-04-20 00:00:00+00:00,OLS,0.18513486174658306
2025-04-21 00:00:00+00:00,OLS,0.05916196265740339
2025-04-22 00:00:00+00:00,OLS,-0.24826313504125053
2025-04-23 00:00:00+00:00,OLS,0.1836262719703978
2025-04-24 00:00:00+00:00,OLS,-0.41757631822386676
2025-04-25 00:00:00+00:00,OLS,-0.20049337033610853
2025-04-26 00:00:00+00:00,OLS,0.5660324171952078
2025-04-27 00:00:00+00:00,OLS,-0.2310823311748381
2025-04-28 00:00:00+00:00,OLS,0.5477027443724946
2025-04-29 00:00:00+00:00,OLS,-0.4731729879740981
2025-04-30 00:00:00+00:00,OLS,0.449645390070922
2025-05-01 00:00:00+00:00,OLS,0.004872032069071846
2025-05-02 00:00:00+00:00,OLS,0.6566142460684552
2025-05-03 00:00:00+00:00,OLS,-0.07049028677150786
2025-05-04 00:00:00+00:00,OLS,0.011409189022510022
2025-05-05 00:00:00+00:00,OLS,0.2284921369102683
2025-05-06 00:00:00+00:00,OLS,-0.005735430157261794
2025-05-07 00:00:00+00:00,OLS,-0.2513876040703053
2025-05-08 00:00:00+00:00,OLS,-0.33233117483811286
2025-05-09 00:00:00+00:00,OLS,0.02208603145235893
2025-05-10 00:00:00+00:00,OLS,0.020166512488436632
2025-05-11 00:00:00+00:00,OLS,0.0463706835799859
2025-05-12 00:00:00+00:00,OLS,0.020906567992599445
2025-05-13 00:00:00+00:00,OLS,0.24255319148936172
2025-05-14 00:00:00+00:00,OLS,0.42727272727272725
2025-05-15 00:00:00+00:00,OLS,0.26403162055335966
2025-05-16 00:00:00+00:00,OLS,0.44453227931488803
2025-05-17 00:00:00+00:00,OLS,-0.3684859697810669
2025-05-18 00:00:00+00:00,OLS,0.35047795251310515
2025-05-19 00:00:00+00:00,OLS,0.29694727104532836
2025-05-20 00:00:00+00:00,OLS,-0.2097440641381437
2025-05-21 00:00:00+00:00,OLS,-0.28734967622571694
2025-05-22 00:00:00+00:00,OLS,0.4165124884366328
2025-05-23 00:00:00+00:00,OLS,-0.3634366327474561
2025-05-24 00:00:00+00:00,OLS,0.02312673450508788
2025-05-25 00:00:00+00:00,OLS,0.19111933395004627
2025-05-26 00:00:00+00:00,OLS,-0.32309589885908113
2025-05-27 00:00:00+00:00,OLS,0.16225716928769657
2025-05-28 00:00:00+00:00,OLS,0.38194993412384715
2025-05-29 00:00:00+00:00,OLS,0.6291088498304039
2025-05-30 00:00:00+00:00,OLS,-0.31581027667984185
2025-05-31 00:00:00+00:00,OLS,-0.4905138339920948
2025-06-01 00:00:00+00:00,OLS,-0.037812911725955196
2025-06-02 00:00:00+00:00,OLS,-0.1649538866930171
2025-06-03 00:00:00+00:00,OLS,0.4650856389986825
2025-06-04 00:00:00+00:00,OLS,0.34492753623188405
2025-06-05 00:00:00+00:00,OLS,0.22081686429512515
2025-06-06 00:00:00+00:00,OLS,-0.28866930171277994
2025-06-07 00:00:00+00:00,OLS,0.010144927536231883
2025-06-08 00:00:00+00:00,OLS,-0.30184453227931485
2025-06-09 00:00:00+00:00,OLS,0.04440052700922266
2025-06-10 00:00:00+00:00,OLS,0.4480895915678524
2025-06-11 00:00:00+00:00,OLS,0.38513721862473016
2025-06-12 00:00:00+00:00,OLS,0.09034844279987665
2025-06-13 00:00:00+00:00,OLS,0.11995066296638913
2025-06-14 00:00:00+00:00,OLS,-0.01949934123847167
2025-06-15 00:00:00+00:00,OLS,0.3323465926611162
2025-06-16 00:00:00+00:00,OLS,0.42266139657444
2025-06-17 00:00:00+00:00,OLS,-0.33037311131668207
2025-06-18 00:00:00+00:00,OLS,0.21862473018809747
2025-06-19 00:00:00+00:00,OLS,0.4048720320690718
2025-06-20 00:00:00+00:00,OLS,0.4038852913968547
2025-06-21 00:00:00+00:00,OLS,0.125
2025-06-22 00:00:00+00:00,OLS,-0.580249768732655
2025-06-23 00:00:00+00:00,OLS,-0.21195652173913046
2025-06-24 00:00:00+00:00,OLS,0.575508788159112
2025-06-25 00:00:00+00:00,OLS,0.360345359235276
2025-06-26 00:00:00+00:00,OLS,-0.0898550724637681
2025-06-27 00:00:00+00:00,OLS,-0.32793148880105394
2025-06-28 00:00:00+00:00,OLS,-0.3022510021584952
2025-06-29 00:00:00+00:00,OLS,0.6251156336725255
2025-06-30 00:00:00+00:00,OLS,0.14396392229417207
2025-07-01 00:00:00+00:00,OLS,0.03584643848288622
2025-07-02 00:00:00+00:00,OLS,0.05449413808076421
2025-07-03 00:00:00+00:00,OLS,0.27637863656100736
2025-07-04 00:00:00+00:00,OLS,0.13753799392097263
2025-07-05 00:00:00+00:00,OLS,-0.0219279201042119
2025-07-06 00:00:00+00:00,OLS,0.4626503237742831
2025-07-07 00:00:00+00:00,OLS,0.25011563367252543
2025-07-08 00:00:00+00:00,OLS,-0.21704440333024977
2025-07-09 00:00:00+00:00,OLS,-0.6490518038852914
2025-07-10 00:00:00+00:00,OLS,0.29286914765906363
2025-07-11 00:00:00+00:00,OLS,0.2864741641337386
2025-07-12 00:00:00+00:00,OLS,-0.014763352149370385
2025-07-13 00:00:00+00:00,OLS,0.33738601823708203
2025-07-14 00:00:00+00:00,OLS,-0.200825010855406
2025-07-15 00:00:00+00:00,OLS,-0.07240555796786799
2025-07-16 00:00:00+00:00,OLS,0.3057967867998263
2025-07-17 00:00:00+00:00,OLS,0.16917206290471787
2025-07-18 00:00:00+00:00,OLS,0.1710204081632653
2025-07-19 00:00:00+00:00,OLS,0.004285714285714285
2025-07-20 00:00:00+00:00,OLS,-0.26479591836734695
2025-07-21 00:00:00+00:00,OLS,0.11683073229291716
2025-07-22 00:00:00+00:00,OLS,0.08129651860744297
2025-07-23 00:00:00+00:00,OLS,0.12285714285714285
2025-07-24 00:00:00+00:00,OLS,-0.3778766825879288
2025-07-25 00:00:00+00:00,OLS,0.11322188449848025
2025-07-26 00:00:00+00:00,OLS,0.10279833487511564
2025-07-27 00:00:00+00:00,OLS,0.24560592044403332
2025-07-28 00:00:00+00:00,OLS,0.1903330249768733
2025-07-29 00:00:00+00:00,OLS,0.04798797409805736
2025-07-30 00:00:00+00:00,OLS,0.44172062904717857
2025-07-31 00:00:00+00:00,OLS,-0.1754162812210916
2025-08-01 00:00:00+00:00,OLS,0.15587419056429233
2025-08-02 00:00:00+00:00,OLS,-0.12199352451433858
2025-08-03 00:00:00+00:00,OLS,0.19611470860314525
2025-08-04 00:00:00+00:00,OLS,0.5838344125809436
2025-08-05 00:00:00+00:00,OLS,-0.08822849213691025
2025-08-06 00:00:00+00:00,OLS,-0.1335568917668825
2025-08-07 00:00:00+00:00,OLS,0.0808727746417716
2025-08-08 00:00:00+00:00,OLS,-0.21645679548415112
2025-08-09 00:00:00+00:00,OLS,-0.07978723404255318
2025-08-10 00:00:00+00:00,OLS,0.16163699522362138
2025-08-11 00:00:00+00:00,OLS,0.4115284411636995
2025-08-12 00:00:00+00:00,OLS,0.025835866261398176
2025-08-13 00:00:00+00:00,OLS,0.5657837603126358
2025-08-14 00:00:00+00:00,OLS,-0.2828918801563179
2025-08-15 00:00:00+00:00,OLS,-0.1585974815458098
2025-08-16 00:00:00+00:00,OLS,0.10603607770582796
2025-08-17 00:00:00+00:00,OLS,0.3360468701819303
2025-08-18 00:00:00+00:00,OLS,0.291150169596053
2025-08-19 00:00:00+00:00,OLS,-0.179031760715387
2025-08-20 00:00:00+00:00,OLS,0.30841813135985197
2025-08-21 00:00:00+00:00,OLS,-0.34122725871106996
2025-08-22 00:00:00+00:00,OLS,0.08013413506012951
2025-08-23 00:00:00+00:00,OLS,0.3717976552323057
2025-08-24 00:00:00+00:00,OLS,0.32294832826747716
2025-08-25 00:00:00+00:00,OLS,-0.20788102475032563
2025-08-26 00:00:00+00:00,OLS,0.20712114633087278
2025-08-27 00:00:00+00:00,OLS,-0.12939643942683457
2025-08-28 00:00:00+00:00,OLS,0.49005550416281224
2025-08-29 00:00:00+00:00,OLS,-0.13887604070305276
2025-08-30 00:00:00+00:00,OLS,0.5999074930619797
2025-08-31 00:00:00+00:00,OLS,0.4816543638732088
2025-09-01 00:00:00+00:00,OLS,0.16391663048198
2025-09-02 00:00:00+00:00,OLS,0.30796786799826315
2025-09-03 00:00:00+00:00,OLS,0.3511723838471559
2025-09-04 00:00:00+00:00,OLS,-0.30874190564292325
2025-09-05 00:00:00+00:00,OLS,0.08788159111933395
2025-09-06 00:00:00+00:00,OLS,-0.11806197964847363
2025-09-07 00:00:00+00:00,OLS,-0.18015726179463462
2025-09-08 00:00:00+00:00,OLS,0.23901480111008325
2025-09-09 00:00:00+00:00,OLS,-0.022201665124884366
2025-09-10 00:00:00+00:00,OLS,-0.14558279370952823
2025-09-11 00:00:00+00:00,OLS,0.3537234042553192
2025-09-12 00:00:00+00:00,OLS,-0.00401650021710812
2025-09-13 00:00:00+00:00,OLS,0.5232305688232739
2025-09-14 00:00:00+00:00,OLS,0.11517585757707338
2025-09-15 00:00:00+00:00,OLS,-0.04418150238818931
2025-09-16 00:00:00+00:00,OLS,-0.23425966131133305
2025-09-17 00:00:00+00:00,OLS,-0.025208140610545788
2025-09-18 00:00:00+00:00,OLS,0.05188884064264003
2025-09-19 00:00:00+00:00,OLS,0.0489795918367347
2025-09-20 00:00:00+00:00,OLS,0.23561224489795915
2025-09-21 00:00:00+00:00,OLS,0.09255102040816325
2025-09-22 00:00:00+00:00,OLS,0.12499999999999999
2025-09-23 00:00:00+00:00,OLS,0.009081632653061224
2025-09-24 00:00:00+00:00,OLS,0.2198979591836734
2025-09-25 00:00:00+00:00,OLS,0.0586734693877551
2025-09-26 00:00:00+00:00,OLS,0.1855188884064264
2025-09-27 00:00:00+00:00,OLS,-0.11148501953973078
2025-09-28 00:00:00+00:00,OLS,0.3522201665124885
2025-09-29 00:00:00+00:00,OLS,0.16703766882756982
2025-09-30 00:00:00+00:00,OLS,0.06880203515263644
2025-10-01 00:00:00+00:00,OLS,0.10218933086648165
2025-10-02 00:00:00+00:00,OLS,0.17786561264822132
2025-10-03 00:00:00+00:00,OLS,0.1306814677767499
2025-10-04 00:00:00+00:00,OLS,0.3177921677459143
2025-10-05 00:00:00+00:00,OLS,0.061239592969472706
2025-10-06 00:00:00+00:00,OLS,0.1333950046253469
2025-10-07 00:00:00+00:00,OLS,0.05679925994449584
2025-10-08 00:00:00+00:00,OLS,0.37852437417654805
2025-10-09 00:00:00+00:00,OLS,0.4206851119894598
2025-10-10 00:00:00+00:00,OLS,-0.026920366455250175
2025-10-11 00:00:00+00:00,OLS,-0.16233766233766236
2025-10-12 00:00:00+00:00,OLS,-0.4867109634551496
2025-10-13 00:00:00+00:00,OLS,0.24207188160676532
2025-10-14 00:00:00+00:00,OLS,0.386288130474177
2025-10-15 00:00:00+00:00,OLS,0.42289927882667533
2025-10-16 00:00:00+00:00,OLS,-0.0717121789158091
2025-10-17 00:00:00+00:00,OLS,0.09569726926505145
2025-10-18 00:00:00+00:00,OLS,-0.13641114982578403
2025-10-19 00:00:00+00:00,OLS,0.16777003484320563
2025-10-20 00:00:00+00:00,OLS,0.5026132404181186
2025-10-21 00:00:00+00:00,OLS,0.6289198606271778
2025-10-22 00:00:00+00:00,OLS,-0.1703564727954972
2025-10-23 00:00:00+00:00,OLS,-0.18067542213883678
2025-10-24 00:00:00+00:00,OLS,-0.0637630662020906
2025-10-25 00:00:00+00:00,OLS,-0.26228893058161357
2025-10-26 00:00:00+00:00,OLS,0.4277673545966229
2025-10-27 00:00:00+00:00,OLS,0.17448405253283306
2025-10-28 00:00:00+00:00,OLS,-0.36641651031894934
2025-10-29 00:00:00+00:00,OLS,0.5185741088180114
2025-10-30 00:00:00+00:00,OLS,-0.3056285178236398
2025-10-31 00:00:00+00:00,OLS,-0.21069418386491562
2025-11-01 00:00:00+00:00,OLS,0.4041275797373359
2025-11-02 00:00:00+00:00,OLS,0.1930581613508443
2025-11-03 00:00:00+00:00,OLS,-0.24221388367729837
2025-11-04 00:00:00+00:00,OLS,-0.10919324577861166
2025-11-05 00:00:00+00:00,OLS,-0.01437246963562753
2025-11-06 00:00:00+00:00,OLS,-0.2744939271255061
2025-11-07 00:00:00+00:00,OLS,0.4447368421052632
2025-11-08 00:00:00+00:00,OLS,0.04934333958724203
2025-11-09 00:00:00+00:00,OLS,0.48097165991902835
2025-11-10 00:00:00+00:00,OLS,0.43433395872420266
2025-11-11 00:00:00+00:00,OLS,-0.3602251407129456
2025-11-12 00:00:00+00:00,OLS,0.26052631578947366
2025-11-13 00:00:00+00:00,OLS,-0.2863551810920232
2025-11-14 00:00:00+00:00,OLS,-0.05722726775358354
2025-11-15 00:00:00+00:00,OLS,0.1500164131743079
2025-11-16 00:00:00+00:00,OLS,0.11295546558704454
2025-11-17 00:00:00+00:00,OLS,0.10526315789473685
2025-11-18 00:00:00+00:00,OLS,-0.09210526315789473
2025-11-19 00:00:00+00:00,OLS,0.2927125506072874
2025-11-20 00:00:00+00:00,OLS,0.31463414634146347
2025-11-21 00:00:00+00:00,OLS,0.3827571653912896
2025-11-22 00:00:00+00:00,OLS,-0.13524025605704562
2025-11-23 00:00:00+00:00,OLS,-0.14010209869540557
2025-11-24 00:00:00+00:00,OLS,-0.24511789968398026
2025-11-25 00:00:00+00:00,OLS,0.09910055911190342
2025-11-26 00:00:00+00:00,OLS,0.4671420468357508
2025-11-27 00:00:00+00:00,OLS,0.2146503524835913
2025-11-28 00:00:00+00:00,OLS,0.16037450921171853
2025-11-29 00:00:00+00:00,OLS,0.3770260747004933
2025-11-30 00:00:00+00:00,OLS,0.127931488801054
2025-12-01 00:00:00+00:00,OLS,0.3338603425559947
2025-12-02 00:00:00+00:00,OLS,-0.02490118577075099
2025-12-03 00:00:00+00:00,OLS,0.054686398872445384
2025-12-04 00:00:00+00:00,OLS,0.25073995771670193
2025-12-05 00:00:00+00:00,OLS,0.16152219873150106
2025-12-06 00:00:00+00:00,OLS,0.4531863485351858
2025-12-07 00:00:00+00:00,OLS,-0.21000704721634955
2025-12-08 00:00:00+00:00,OLS,-0.4129668780831571
2025-12-09 00:00:00+00:00,OLS,0.6233967582804791
2025-12-10 00:00:00+00:00,OLS,0.03162055335968379
2025-12-11 00:00:00+00:00,OLS,0.12135306553911204
2025-12-12 00:00:00+00:00,OLS,0.2335447498238196
2025-12-13 00:00:00+00:00,OLS,0.5024161884627001
2025-12-14 00:00:00+00:00,OLS,0.16037450921171853
2025-12-15 00:00:00+00:00,OLS,0.2777106614315917
2025-12-16 00:00:00+00:00,OLS,0.573542736333434
2025-12-17 00:00:00+00:00,OLS,0.2254605859257022
2025-12-18 00:00:00+00:00,OLS,-0.27061310782241016
2025-12-19 00:00:00+00:00,OLS,0.03340380549682875
2025-12-20 00:00:00+00:00,OLS,0.42156448202959834
2025-12-21 00:00:00+00:00,OLS,0.3726568005637773
2025-12-22 00:00:00+00:00,OLS,0.07033121916842847
2025-12-23 00:00:00+00:00,OLS,-0.13162055335968378
2025-12-24 00:00:00+00:00,OLS,0.04446500154178229
2025-12-25 00:00:00+00:00,OLS,-0.13327166204131977
2025-12-26 00:00:00+00:00,OLS,-0.14572926302806044
2025-12-27 00:00:00+00:00,OLS,0.2584412580943571
2025-12-28 00:00:00+00:00,OLS,0.2488436632747456
2025-12-29 00:00:00+00:00,OLS,0.16728180633955708
2025-12-30 00:00:00+00:00,OLS,-0.004993486756404689
2025-12-31 00:00:00+00:00,OLS,-0.12395929694727106
2026-01-01 00:00:00+00:00,OLS,-0.24181313598519888
2026-01-02 00:00:00+00:00,OLS,0.03503700277520814
2026-01-03 00:00:00+00:00,OLS,-0.2741175451407091
2026-01-04 00:00:00+00:00,OLS,0.0007598784194528875
2026-01-05 00:00:00+00:00,OLS,-0.10301780286582718
2026-01-06 00:00:00+00:00,OLS,0.6808510638297873
2026-01-07 00:00:00+00:00,OLS,-0.17260095527572733
2026-01-08 00:00:00+00:00,OLS,0.165979157620495
2026-01-09 00:00:00+00:00,OLS,0.5105297438124186
2026-01-10 00:00:00+00:00,OLS,-0.08684324793747286
2026-01-11 00:00:00+00:00,OLS,0.3341293964394268
2026-01-12 00:00:00+00:00,OLS,-0.1562092922275293
2026-01-13 00:00:00+00:00,OLS,0.07273122014763353
2026-01-14 00:00:00+00:00,OLS,-0.05503690838037343
2026-01-15 00:00:00+00:00,OLS,-0.2953061224489796
2026-01-16 00:00:00+00:00,OLS,0.5780612244897959
2026-01-17 00:00:00+00:00,OLS,0.06428571428571428
2026-01-18 00:00:00+00:00,OLS,0.032755102040816324
2026-01-19 00:00:00+00:00,OLS,0.060816326530612246
2026-01-20 00:00:00+00:00,OLS,-0.15795918367346937
2026-01-21 00:00:00+00:00,OLS,0.08295918367346938
2026-01-22 00:00:00+00:00,OLS,-0.0757142857142857
2026-01-23 00:00:00+00:00,OLS,0.3200480192076831
2026-01-24 00:00:00+00:00,OLS,0.45815126050420163
2026-01-25 00:00:00+00:00,OLS,-0.07803121248499399
2026-01-26 00:00:00+00:00,OLS,-0.3578871548619447
2026-01-27 00:00:00+00:00,OLS,0.3575030012004802
2026-01-28 00:00:00+00:00,OLS,0.33387755102040817
2026-01-29 00:00:00+00:00,OLS,0.002064825930372149
2026-01-30 00:00:00+00:00,OLS,0.44028811524609834
2026-01-31 00:00:00+00:00,OLS,0.3435376600668492
2026-02-01 00:00:00+00:00,OLS,0.19759903961584632
2026-02-02 00:00:00+00:00,OLS,-0.10280912364945978
2026-02-03 00:00:00+00:00,OLS,-0.08686674669867947
2026-02-04 00:00:00+00:00,OLS,0.5136614645858344
2026-02-05 00:00:00+00:00,OLS,-0.02561289829655612
2026-02-06 00:00:00+00:00,OLS,0.4043709528214616
2026-02-07 00:00:00+00:00,OLS,0.330249768732655
2026-02-08 00:00:00+00:00,OLS,0.20328987317332486
2026-02-09 00:00:00+00:00,OLS,0.3379972247918594
2026-02-10 00:00:00+00:00,OLS,0.01156336725254394
2026-02-11 00:00:00+00:00,OLS,-0.1162118408880666
2026-02-12 00:00:00+00:00,OLS,0.14627659574468088
2026-02-13 00:00:00+00:00,OLS,-0.17969472710453283
2026-02-14 00:00:00+00:00,OLS,0.6783926218708827
2026-02-15 00:00:00+00:00,OLS,0.059947299077733864
2026-02-16 00:00:00+00:00,OLS,0.2005336145229653
2026-02-17 00:00:00+00:00,OLS,0.26310935441370226
2026-02-18 00:00:00+00:00,OLS,0.05612648221343873
2026-02-19 00:00:00+00:00,OLS,-0.2027667984189723
2026-02-20 00:00:00+00:00,OLS,0.155349984582177
2026-02-21 00:00:00+00:00,OLS,0.2922266139657444
2026-02-22 00:00:00+00:00,OLS,-0.048616600790513824
2026-02-23 00:00:00+00:00,OLS,-0.3243741765480896
2026-02-24 00:00:00+00:00,OLS,0.2285902503293807
2026-02-25 00:00:00+00:00,OLS,0.5198945981554677
2026-02-26 00:00:00+00:00,OLS,0.012516469038208168
2026-02-27 00:00:00+00:00,OLS,-0.12698119025593588
2026-02-28 00:00:00+00:00,OLS,0.14339017552841077
2026-03-01 00:00:00+00:00,OLS,-0.13806660499537465
2026-03-02 00:00:00+00:00,OLS,-0.19114246068455135
2026-03-03 00:00:00+00:00,OLS,0.35441720629047174
2026-03-04 00:00:00+00:00,OLS,-0.015232809127351218
2026-03-05 00:00:00+00:00,OLS,0.18149861239592968
2026-03-06 00:00:00+00:00,OLS,0.32938637064446497
2026-03-07 00:00:00+00:00,OLS,-0.24378661732963305
2026-03-08 00:00:00+00:00,OLS,-0.010052420598211532
2026-03-09 00:00:00+00:00,OLS,-0.001911810052420598
2026-03-10 00:00:00+00:00,OLS,0.17002775208140608
2026-03-11 00:00:00+00:00,OLS,-0.15522664199814987
2026-03-12 00:00:00+00:00,OLS,0.0699969164353993
2026-03-13 00:00:00+00:00,OLS,0.14697039777983348
2026-03-14 00:00:00+00:00,OLS,0.1396854764107308
2026-03-15 00:00:00+00:00,OLS,-0.07702744372494603
2026-03-16 00:00:00+00:00,OLS,0.06925686093123651
2026-03-17 00:00:00+00:00,OLS,0.1263644773358002
2026-03-18 00:00:00+00:00,OLS,0.12032069071847054
2026-03-19 00:00:00+00:00,OLS,-0.01757631822386679
2026-03-20 00:00:00+00:00,OLS,0.1312981806968856
2026-03-21 00:00:00+00:00,OLS,0.056082331174838115
2026-03-22 00:00:00+00:00,OLS,-0.17032839962997226
2026-03-23 00:00:00+00:00,OLS,-0.08035769349367869
2026-03-24 00:00:00+00:00,OLS,0.006706753006475487
2026-03-25 00:00:00+00:00,OLS,0.3198002605297438
2026-03-26 00:00:00+00:00,OLS,0.2859313938341294
2026-03-27 00:00:00+00:00,OLS,-0.08948979591836734
2026-03-28 00:00:00+00:00,OLS,0.07081632653061223
2026-03-29 00:00:00+00:00,OLS,0.09999999999999998
2026-03-30 00:00:00+00:00,OLS,0.15918367346938775
2026-03-31 00:00:00+00:00,OLS,0.24693877551020407
2026-04-01 00:00:00+00:00,OLS,0.26785714285714285
2026-04-02 00:00:00+00:00,OLS,0.21102040816326526
2026-04-03 00:00:00+00:00,OLS,-0.12858464384828863
2026-04-04 00:00:00+00:00,OLS,0.4142696078745371
2026-04-05 00:00:00+00:00,OLS,0.33556891766882513
2026-04-06 00:00:00+00:00,OLS,-0.12268732654949122
2026-04-07 00:00:00+00:00,OLS,0.4387141535615171
2026-04-08 00:00:00+00:00,OLS,-0.1810823311748381
2026-04-09 00:00:00+00:00,OLS,0.12476873265494912
2026-04-10 00:00:00+00:00,OLS,-0.040888066604995374
2026-04-11 00:00:00+00:00,OLS,0.11748381128584644
2026-04-12 00:00:00+00:00,OLS,0.01905642923219241
2026-04-13 00:00:00+00:00,OLS,0.1547801451891327
2026-04-14 00:00:00+00:00,OLS,-0.019542090656799262
2026-04-15 00:00:00+00:00,OLS,-0.14745605920444033
2026-04-16 00:00:00+00:00,OLS,0.0946654332408264
2026-04-17 00:00:00+00:00,OLS,0.36996047430830037
2026-04-18 00:00:00+00:00,OLS,0.4213438735177865
2026-04-19 00:00:00+00:00,OLS,-0.27721245760098673
2026-04-20 00:00:00+00:00,OLS,0.3364168979340117
2026-04-21 00:00:00+00:00,OLS,0.24156645081714462
2026-04-22 00:00:00+00:00,OLS,-0.18766574159728644
2026-04-23 00:00:00+00:00,OLS,-0.1453637177292319
2026-04-24 00:00:00+00:00,OLS,0.29905331661817797
2026-04-25 00:00:00+00:00,OLS,0.0600135698145403
2026-04-26 00:00:00+00:00,OLS,0.07283379586802344
2026-04-27 00:00:00+00:00,OLS,-0.0190795559666975
2026-04-28 00:00:00+00:00,OLS,0.2269865392965697
2026-04-29 00:00:00+00:00,OLS,0.047438124185844546
2026-04-30 00:00:00+00:00,OLS,-0.1322849213691027
2026-05-01 00:00:00+00:00,OLS,-0.17761332099907493
2026-05-02 00:00:00+00:00,OLS,0.3877197039777983
2026-05-03 00:00:00+00:00,OLS,0.14188015631784628
2026-05-04 00:00:00+00:00,OLS,0.07622448979591837
2026-05-05 00:00:00+00:00,OLS,-0.043979591836734694
2026-05-06 00:00:00+00:00,OLS,-0.053877551020408164
2026-05-07 00:00:00+00:00,OLS,-0.0646938775510204
2026-05-08 00:00:00+00:00,OLS,0.16816326530612244
2026-05-09 00:00:00+00:00,OLS,0.26591836734693874
2026-05-10 00:00:00+00:00,OLS,0.12122448979591835
2026-05-11 00:00:00+00:00,OLS,0.12499999999999999
2026-05-12 00:00:00+00:00,OLS,0.16193877551020408
2026-05-13 00:00:00+00:00,OLS,0.2883673469387755
2026-05-14 00:00:00+00:00,OLS,0.19612244897959183
2026-05-15 00:00:00+00:00,OLS,0.14857142857142855
2026-05-16 00:00:00+00:00,OLS,0.12387755102040815
2026-05-17 00:00:00+00:00,OLS,-0.28903798575695305
2026-05-18 00:00:00+00:00,OLS,0.5705102040816326
2026-05-19 00:00:00+00:00,OLS,0.09591836734693877
2026-05-20 00:00:00+00:00,OLS,-0.1807142857142857
2026-05-21 00:00:00+00:00,OLS,0.2269865392965697
2026-05-22 00:00:00+00:00,OLS,-0.26411202778983933
2026-05-23 00:00:00+00:00,OLS,0.1976769431176726
2026-05-24 00:00:00+00:00,OLS,0.0219279201042119
2026-05-25 00:00:00+00:00,OLS,0.2743877551020408
2026-05-26 00:00:00+00:00,OLS,0.07377551020408163
2026-05-27 00:00:00+00:00,OLS,0.1613265306122449
2026-05-28 00:00:00+00:00,OLS,-0.1101020408163265
2026-05-29 00:00:00+00:00,OLS,0.17030612244897955
2026-05-30 00:00:00+00:00,OLS,0.016608771168041683
2026-05-31 00:00:00+00:00,OLS,-0.047112462006079034
2026-06-01 00:00:00+00:00,OLS,0.011723838471558836
2026-06-02 00:00:00+00:00,OLS,-0.27660325138419417
2026-06-03 00:00:00+00:00,OLS,0.14676508901432914
2026-06-04 00:00:00+00:00,OLS,-0.10898827616152842
2026-06-05 00:00:00+00:00,OLS,-0.161202778983934
2026-06-06 00:00:00+00:00,OLS,-0.08814589665653495
2026-06-07 00:00:00+00:00,OLS,0.07682284880479942
2026-06-08 00:00:00+00:00,OLS,0.03484585323491098
2026-06-09 00:00:00+00:00,OLS,0.4560356057316543
2026-06-10 00:00:00+00:00,OLS,-0.1413373860182371
2026-06-11 00:00:00+00:00,OLS,0.47318714719930527
2026-06-12 00:00:00+00:00,OLS,0.30188884064264
2026-06-13 00:00:00+00:00,OLS,0.27387755102040817
2026-06-14 00:00:00+00:00,OLS,0.15857142857142856
2026-06-15 00:00:00+00:00,OLS,0.05928571428571428
2026-06-16 00:00:00+00:00,OLS,0.011020408163265305
2026-06-17 00:00:00+00:00,OLS,-0.011734693877551019
2026-06-18 00:00:00+00:00,OLS,0.26397959183673464
2026-06-19 00:00:00+00:00,OLS,0.27530612244897956
2026-06-20 00:00:00+00:00,OLS,0.031530612244897956
2026-06-21 00:00:00+00:00,OLS,0.18848288621646622
2026-06-22 00:00:00+00:00,OLS,-0.03411193339500462
2026-06-23 00:00:00+00:00,OLS,-0.0660268270120259
2026-06-24 00:00:00+00:00,OLS,0.09054116558741905
2026-06-25 00:00:00+00:00,OLS,0.31278908418131357
2026-06-26 00:00:00+00:00,OLS,0.4019426456984274
2026-06-27 00:00:00+00:00,OLS,0.2760833744034773
2026-06-28 00:00:00+00:00,OLS,0.04000925069380204
2026-06-29 00:00:00+00:00,OLS,0.1364477335800185
2026-06-30 00:00:00+00:00,OLS,0.23704902867715077
2026-07-01 00:00:00+00:00,OLS,0.020467160037002774
2026-07-02 00:00:00+00:00,OLS,-0.20294296212695398
2026-07-03 00:00:00+00:00,OLS,0.1103145235892692
2026-07-04 00:00:00+00:00,OLS,0.18877551020408162
2026-07-05 00:00:00+00:00,OLS,0.10204081632653061
2026-07-06 00:00:00+00:00,OLS,0.5631359851988899
2026-07-07 00:00:00+00:00,OLS,0.009481961147086031
2026-07-08 00:00:00+00:00,OLS,0.0938945420906568
2026-07-09 00:00:00+00:00,OLS,0.23543015726179464
2026-07-10 00:00:00+00:00,OLS,0.3175300647548566
2026-07-11 00:00:00+00:00,OLS,-0.07166425116731755
2026-07-12 00:00:00+00:00,OLS,0.07012025901942645
2026-07-13 00:00:00+00:00,OLS,0.28732654949121184
2026-07-14 00:00:00+00:00,OLS,0.025470243601603455
2026-07-15 00:00:00+00:00,OLS,0.06407647240209681
2026-07-16 00:00:00+00:00,OLS,0.16119333950046255
2026-07-17 00:00:00+00:00,OLS,0.14108939610943516
2026-07-18 00:00:00+00:00,OLS,0.15732346592661114
2026-07-19 00:00:00+00:00,OLS,-0.13117483811285846
2026-07-20 00:00:00+00:00,OLS,0.2363860622880049
2026-07-21 00:00:00+00:00,OLS,-0.20549508166050093
2026-07-22 00:00:00+00:00,OLS,0.17681159420289855
2026-07-23 00:00:00+00:00,OLS,-0.09700894233734196
2026-07-24 00:00:00+00:00,OLS,0.24020968239284612
2026-07-25 00:00:00+00:00,OLS,0.38078168362627196
2026-07-26 00:00:00+00:00,OLS,0.08707215541165589
2026-07-27 00:00:00+00:00,OLS,0.13771970397779834
2021-07-30 00:00:00+00:00,PLS,-0.4154363873208858
2021-07-31 00:00:00+00:00,PLS,0.13156752062527138
2021-08-01 00:00:00+00:00,PLS,0.17053842813721234
2021-08-02 00:00:00+00:00,PLS,0.3181719496309162
2021-08-03 00:00:00+00:00,PLS,0.10696114708603147
2021-08-04 00:00:00+00:00,PLS,0.19403330249768735
2021-08-05 00:00:00+00:00,PLS,0.15240518038852915
2021-08-06 00:00:00+00:00,PLS,-0.02809898242368178
2021-08-07 00:00:00+00:00,PLS,0.17055966697502312
2021-08-08 00:00:00+00:00,PLS,0.02591836734693877
2021-08-09 00:00:00+00:00,PLS,-0.012917166866746698
2021-08-10 00:00:00+00:00,PLS,0.07140456182472989
2021-08-11 00:00:00+00:00,PLS,-0.14247298919567825
2021-08-12 00:00:00+00:00,PLS,0.3773829531812725
2021-08-13 00:00:00+00:00,PLS,-0.027418967587034812
2021-08-14 00:00:00+00:00,PLS,-0.24705882352941175
2021-08-15 00:00:00+00:00,PLS,-0.13805522208883553
2021-08-16 00:00:00+00:00,PLS,0.007635054021608643
2021-08-17 00:00:00+00:00,PLS,0.2175750300120048
2021-08-18 00:00:00+00:00,PLS,0.017911164465786316
2021-08-19 00:00:00+00:00,PLS,0.40225690276110443
2021-08-20 00:00:00+00:00,PLS,0.04460984393757503
2021-08-21 00:00:00+00:00,PLS,0.4167587034813925
2021-08-22 00:00:00+00:00,PLS,-0.04755102040816325
2021-08-23 00:00:00+00:00,PLS,0.21418367346938771
2021-08-24 00:00:00+00:00,PLS,-0.021530612244897954
2021-08-25 00:00:00+00:00,PLS,0.3145918367346938
2021-08-26 00:00:00+00:00,PLS,0.13714285714285712
2021-08-27 00:00:00+00:00,PLS,-0.12816326530612243
2021-08-28 00:00:00+00:00,PLS,0.2286734693877551
2021-08-29 00:00:00+00:00,PLS,0.3473469387755101
2021-08-30 00:00:00+00:00,PLS,0.14520408163265305
2021-08-31 00:00:00+00:00,PLS,-0.02704081632653061
2021-09-01 00:00:00+00:00,PLS,0.09581632653061223
2021-09-02 00:00:00+00:00,PLS,0.16357142857142853
2021-09-03 00:00:00+00:00,PLS,-0.07979591836734692
2021-09-04 00:00:00+00:00,PLS,0.41704081632653056
2021-09-05 00:00:00+00:00,PLS,0.2904081632653061
2021-09-06 00:00:00+00:00,PLS,0.17693877551020407
2021-09-07 00:00:00+00:00,PLS,-0.3605102040816326
2021-09-08 00:00:00+00:00,PLS,0.03081632653061224
2021-09-09 00:00:00+00:00,PLS,0.2742075553625705
2021-09-10 00:00:00+00:00,PLS,0.1905123751628311
2021-09-11 00:00:00+00:00,PLS,0.23404255319148937
2021-09-12 00:00:00+00:00,PLS,0.3530178028658272
2021-09-13 00:00:00+00:00,PLS,0.23903603994789407
2021-09-14 00:00:00+00:00,PLS,-0.5172600955275727
2021-09-15 00:00:00+00:00,PLS,0.1435013876040703
2021-09-16 00:00:00+00:00,PLS,-0.08163737280296024
2021-09-17 00:00:00+00:00,PLS,0.09100370027752082
2021-09-18 00:00:00+00:00,PLS,0.09551341350601295
2021-09-19 00:00:00+00:00,PLS,0.2379740980573543
2021-09-20 00:00:00+00:00,PLS,-0.25450971322849214
2021-09-21 00:00:00+00:00,PLS,-0.23751156336725257
2021-09-22 00:00:00+00:00,PLS,-0.4346669750231268
2021-09-23 00:00:00+00:00,PLS,0.23832099907493062
2021-09-24 00:00:00+00:00,PLS,0.07342738205365404
2021-09-25 00:00:00+00:00,PLS,0.20848751156336726
2021-09-26 00:00:00+00:00,PLS,0.12176225716928771
2021-09-27 00:00:00+00:00,PLS,0.041628122109158186
2021-09-28 00:00:00+00:00,PLS,0.1347132284921369
2021-09-29 00:00:00+00:00,PLS,-0.054579093432007404
2021-09-30 00:00:00+00:00,PLS,-0.4194033302497687
2021-10-01 00:00:00+00:00,PLS,0.29035615171137835
2021-10-02 00:00:00+00:00,PLS,0.0015032377428307122
2021-10-03 00:00:00+00:00,PLS,-0.04446500154178229
2021-10-04 00:00:00+00:00,PLS,0.1663968547641073
2021-10-05 00:00:00+00:00,PLS,0.11447733580018501
2021-10-06 00:00:00+00:00,PLS,0.0035846438482886223
2021-10-07 00:00:00+00:00,PLS,-0.08695652173913043
2021-10-08 00:00:00+00:00,PLS,0.30191951896392233
2021-10-09 00:00:00+00:00,PLS,0.10712303422756705
2021-10-10 00:00:00+00:00,PLS,0.41153253160653713
2021-10-11 00:00:00+00:00,PLS,-0.08294788775824853
2021-10-12 00:00:00+00:00,PLS,0.41251927227875423
2021-10-13 00:00:00+00:00,PLS,-0.13451910408432147
2021-10-14 00:00:00+00:00,PLS,0.26745718050065875
2021-10-15 00:00:00+00:00,PLS,0.030527289546715998
2021-10-16 00:00:00+00:00,PLS,0.38563829787234044
2021-10-17 00:00:00+00:00,PLS,0.0009250693802035153
2021-10-18 00:00:00+00:00,PLS,0.1372571692876966
2021-10-19 00:00:00+00:00,PLS,0.1491828553808202
2021-10-20 00:00:00+00:00,PLS,-0.18100524205982116
2021-10-21 00:00:00+00:00,PLS,-0.16477798334875116
2021-10-22 00:00:00+00:00,PLS,0.3208834412580943
2021-10-23 00:00:00+00:00,PLS,0.19461147086031455
2021-10-24 00:00:00+00:00,PLS,-0.12361239592969474
2021-10-25 00:00:00+00:00,PLS,-0.2860777058279371
2021-10-26 00:00:00+00:00,PLS,0.47953283996299717
2021-10-27 00:00:00+00:00,PLS,-0.09476769431176725
2021-10-28 00:00:00+00:00,PLS,0.06817194963091619
2021-10-29 00:00:00+00:00,PLS,-0.11940946591402517
2021-10-30 00:00:00+00:00,PLS,0.1155015197568389
2021-10-31 00:00:00+00:00,PLS,0.15707772470690404
2021-11-01 00:00:00+00:00,PLS,0.07935301780286583
2021-11-02 00:00:00+00:00,PLS,0.08098132870169343
2021-11-03 00:00:00+00:00,PLS,0.31697785497177594
2021-11-04 00:00:00+00:00,PLS,-0.004342162396873643
2021-11-05 00:00:00+00:00,PLS,0.26953973078593135
2021-11-06 00:00:00+00:00,PLS,0.15903169778549717
2021-11-07 00:00:00+00:00,PLS,0.22535822839774206
2021-11-08 00:00:00+00:00,PLS,-0.07023447676943118
2021-11-09 00:00:00+00:00,PLS,0.2042987407729049
2021-11-10 00:00:00+00:00,PLS,-0.11995223621363439
2021-11-11 00:00:00+00:00,PLS,-0.3411854103343465
2021-11-12 00:00:00+00:00,PLS,0.2414285714285714
2021-11-13 00:00:00+00:00,PLS,0.06765306122448979
2021-11-14 00:00:00+00:00,PLS,-0.2474489795918367
2021-11-15 00:00:00+00:00,PLS,-0.10612244897959182
2021-11-16 00:00:00+00:00,PLS,-0.23913043478260868
2021-11-17 00:00:00+00:00,PLS,-0.13760407030527289
2021-11-18 00:00:00+00:00,PLS,0.2918593894542091
2021-11-19 00:00:00+00:00,PLS,0.06209528214616096
2021-11-20 00:00:00+00:00,PLS,-0.02012025901942646
2021-11-21 00:00:00+00:00,PLS,0.06013894919669995
2021-11-22 00:00:00+00:00,PLS,0.2785497177594442
2021-11-23 00:00:00+00:00,PLS,0.014329135909683021
2021-11-24 00:00:00+00:00,PLS,0.033651758575770734
2021-11-25 00:00:00+00:00,PLS,0.007056013894919669
2021-11-26 00:00:00+00:00,PLS,-0.21819366044290053
2021-11-27 00:00:00+00:00,PLS,0.29646113764654797
2021-11-28 00:00:00+00:00,PLS,0.15056448111159357
2021-11-29 00:00:00+00:00,PLS,-0.004667824576639166
2021-11-30 00:00:00+00:00,PLS,0.1392748588797221
2021-12-01 00:00:00+00:00,PLS,0.16445940078158922
2021-12-02 00:00:00+00:00,PLS,0.33391228831958314
2021-12-03 00:00:00+00:00,PLS,0.3178462874511507
2021-12-04 00:00:00+00:00,PLS,0.10670864090316978
2021-12-05 00:00:00+00:00,PLS,0.009227095093356492
2021-12-06 00:00:00+00:00,PLS,0.0687147199305254
2021-12-07 00:00:00+00:00,PLS,-0.029743812418584453
2021-12-08 00:00:00+00:00,PLS,0.29581632653061224
2021-12-09 00:00:00+00:00,PLS,-0.1874489795918367
2021-12-10 00:00:00+00:00,PLS,0.0711029092488059
2021-12-11 00:00:00+00:00,PLS,-0.16999565783760315
2021-12-12 00:00:00+00:00,PLS,0.3571428571428571
2021-12-13 00:00:00+00:00,PLS,0.014081632653061225
2021-12-14 00:00:00+00:00,PLS,0.03826530612244898
2021-12-15 00:00:00+00:00,PLS,0.11663265306122449
2021-12-16 00:00:00+00:00,PLS,0.06959183673469387
2021-12-17 00:00:00+00:00,PLS,0.13214285714285712
2021-12-18 00:00:00+00:00,PLS,0.3714285714285714
2021-12-19 00:00:00+00:00,PLS,0.32357142857142857
2021-12-20 00:00:00+00:00,PLS,-0.29581632653061224
2021-12-21 00:00:00+00:00,PLS,-0.26357142857142857
2021-12-22 00:00:00+00:00,PLS,-0.39357142857142846
2021-12-23 00:00:00+00:00,PLS,0.04306122448979591
2021-12-24 00:00:00+00:00,PLS,-0.07897959183673468
2021-12-25 00:00:00+00:00,PLS,-0.08224489795918365
2021-12-26 00:00:00+00:00,PLS,0.10755102040816325
2021-12-27 00:00:00+00:00,PLS,0.17846938775510204
2021-12-28 00:00:00+00:00,PLS,0.007448979591836735
2021-12-29 00:00:00+00:00,PLS,-0.06897959183673467
2021-12-30 00:00:00+00:00,PLS,0.11775510204081631
2021-12-31 00:00:00+00:00,PLS,-0.1170408163265306
2022-01-01 00:00:00+00:00,PLS,0.19040816326530613
2022-01-02 00:00:00+00:00,PLS,0.16255102040816324
2022-01-03 00:00:00+00:00,PLS,0.056020408163265305
2022-01-04 00:00:00+00:00,PLS,0.2037755102040816
2022-01-05 00:00:00+00:00,PLS,0.09653307485474937
2022-01-06 00:00:00+00:00,PLS,0.23397959183673467
2022-01-07 00:00:00+00:00,PLS,0.009693877551020406
2022-01-08 00:00:00+00:00,PLS,-0.24622448979591832
2022-01-09 00:00:00+00:00,PLS,0.4181632653061224
2022-01-10 00:00:00+00:00,PLS,-0.02714285714285714
2022-01-11 00:00:00+00:00,PLS,-0.3974489795918367
2022-01-12 00:00:00+00:00,PLS,-0.07510204081632653
2022-01-13 00:00:00+00:00,PLS,0.19091836734693876
2022-01-14 00:00:00+00:00,PLS,0.0786734693877551
2022-01-15 00:00:00+00:00,PLS,0.3407142857142857
2022-01-16 00:00:00+00:00,PLS,0.2896038415366146
2022-01-17 00:00:00+00:00,PLS,0.32945978391356545
2022-01-18 00:00:00+00:00,PLS,0.03903961584633854
2022-01-19 00:00:00+00:00,PLS,-0.00024009603841536613
2022-01-20 00:00:00+00:00,PLS,0.2874909963985594
2022-01-21 00:00:00+00:00,PLS,0.1657142857142857
2022-01-22 00:00:00+00:00,PLS,0.038367346938775505
2022-01-23 00:00:00+00:00,PLS,0.37315726290516205
2022-01-24 00:00:00+00:00,PLS,0.0041776710684273705
2022-01-25 00:00:00+00:00,PLS,-0.09695078031212485
2022-01-26 00:00:00+00:00,PLS,0.10674926171772513
2022-01-27 00:00:00+00:00,PLS,-0.1295109126642846
2022-01-28 00:00:00+00:00,PLS,-0.0830252100840336
2022-01-29 00:00:00+00:00,PLS,-0.01013205282112845
2022-01-30 00:00:00+00:00,PLS,-0.17061224489795915
2022-01-31 00:00:00+00:00,PLS,0.013265306122448977
2022-02-01 00:00:00+00:00,PLS,0.25755102040816324
2022-02-02 00:00:00+00:00,PLS,0.026428571428571426
2022-02-03 00:00:00+00:00,PLS,0.22826530612244894
2022-02-04 00:00:00+00:00,PLS,-0.11479591836734693
2022-02-05 00:00:00+00:00,PLS,-0.5323469387755102
2022-02-06 00:00:00+00:00,PLS,-0.09214285714285714
2022-02-07 00:00:00+00:00,PLS,0.26785714285714285
2022-02-08 00:00:00+00:00,PLS,0.24581632653061225
2022-02-09 00:00:00+00:00,PLS,0.4287755102040816
2022-02-10 00:00:00+00:00,PLS,0.27757273122014764
2022-02-11 00:00:00+00:00,PLS,-0.02323056882327399
2022-02-12 00:00:00+00:00,PLS,0.4580981328701693
2022-02-13 00:00:00+00:00,PLS,-0.2653061224489796
2022-02-14 00:00:00+00:00,PLS,-0.4364958749457229
2022-02-15 00:00:00+00:00,PLS,0.13645245332175424
2022-02-16 00:00:00+00:00,PLS,0.5880373425966131
2022-02-17 00:00:00+00:00,PLS,0.31
2022-02-18 00:00:00+00:00,PLS,0.475204081632653
2022-02-19 00:00:00+00:00,PLS,0.3408163265306122
2022-02-20 00:00:00+00:00,PLS,0.34234693877551015
2022-02-21 00:00:00+00:00,PLS,-0.14224489795918363
2022-02-22 00:00:00+00:00,PLS,0.35822839774207554
2022-02-23 00:00:00+00:00,PLS,0.29504993486756403
2022-02-24 00:00:00+00:00,PLS,-0.4217160037002775
2022-02-25 00:00:00+00:00,PLS,0.22756706753006475
2022-02-26 00:00:00+00:00,PLS,0.40832562442183157
2022-02-27 00:00:00+00:00,PLS,-0.08800493370336109
2022-02-28 00:00:00+00:00,PLS,-0.06617329633055812
2022-03-01 00:00:00+00:00,PLS,0.22750539623805116
2022-03-02 00:00:00+00:00,PLS,0.3687326549491212
2022-03-03 00:00:00+00:00,PLS,-0.1706444650015418
2022-03-04 00:00:00+00:00,PLS,-0.25242059821153257
2022-03-05 00:00:00+00:00,PLS,0.34813444341658956
2022-03-06 00:00:00+00:00,PLS,0.16350601295097134
2022-03-07 00:00:00+00:00,PLS,0.0725023126734505
2022-03-08 00:00:00+00:00,PLS,-0.30862627197039777
2022-03-09 00:00:00+00:00,PLS,0.17545482577860003
2022-03-10 00:00:00+00:00,PLS,0.4653098982423682
2022-03-11 00:00:00+00:00,PLS,-0.09626888683317915
2022-03-12 00:00:00+00:00,PLS,0.17533148319457292
2022-03-13 00:00:00+00:00,PLS,0.08603145235892691
2022-03-14 00:00:00+00:00,PLS,0.04045761511683331
2022-03-15 00:00:00+00:00,PLS,-0.274745605920444
2022-03-16 00:00:00+00:00,PLS,0.09972247918593895
2022-03-17 00:00:00+00:00,PLS,-0.09811902559358618
2022-03-18 00:00:00+00:00,PLS,-0.13592771908155585
2022-03-19 00:00:00+00:00,PLS,0.5649707061362935
2022-03-20 00:00:00+00:00,PLS,-0.08023435090965156
2022-03-21 00:00:00+00:00,PLS,0.13980881899475794
2022-03-22 00:00:00+00:00,PLS,-0.4793709528214616
2022-03-23 00:00:00+00:00,PLS,0.0354995374653099
2022-03-24 00:00:00+00:00,PLS,0.17356614246068455
2022-03-25 00:00:00+00:00,PLS,0.47490749306197966
2022-03-26 00:00:00+00:00,PLS,-0.016651248843663275
2022-03-27 00:00:00+00:00,PLS,-0.08788159111933395
2022-03-28 00:00:00+00:00,PLS,-0.019648284845853233
2022-03-29 00:00:00+00:00,PLS,-0.005210594876248371
2022-03-30 00:00:00+00:00,PLS,0.0694958371877891
2022-03-31 00:00:00+00:00,PLS,0.15679925994449584
2022-04-01 00:00:00+00:00,PLS,0.16217976552323057
2022-04-02 00:00:00+00:00,PLS,-0.09411636995223623
2022-04-03 00:00:00+00:00,PLS,0.036771507863089734
2022-04-04 00:00:00+00:00,PLS,-0.05851063829787235
2022-04-05 00:00:00+00:00,PLS,0.09574468085106384
2022-04-06 00:00:00+00:00,PLS,0.07342738205365404
2022-04-07 00:00:00+00:00,PLS,0.40703052728954675
2022-04-08 00:00:00+00:00,PLS,-0.06864014801110083
2022-04-09 00:00:00+00:00,PLS,0.4817144619179771
2022-04-10 00:00:00+00:00,PLS,0.29347826086956524
2022-04-11 00:00:00+00:00,PLS,-0.05492835432045158
2022-04-12 00:00:00+00:00,PLS,0.04498149861239592
2022-04-13 00:00:00+00:00,PLS,0.04417206290471786
2022-04-14 00:00:00+00:00,PLS,0.32881024750325655
2022-04-15 00:00:00+00:00,PLS,-0.10768562744246635
2022-04-16 00:00:00+00:00,PLS,0.2621415356151712
2022-04-17 00:00:00+00:00,PLS,0.10696114708603147
2022-04-18 00:00:00+00:00,PLS,-0.2079093432007401
2022-04-19 00:00:00+00:00,PLS,0.14581406105457909
2022-04-20 00:00:00+00:00,PLS,0.23808973172987977
2022-04-21 00:00:00+00:00,PLS,0.06995837187789085
2022-04-22 00:00:00+00:00,PLS,0.16593432007400555
2022-04-23 00:00:00+00:00,PLS,0.18385753931544865
2022-04-24 00:00:00+00:00,PLS,0.25046253469010177
2022-04-25 00:00:00+00:00,PLS,0.32608695652173914
2022-04-26 00:00:00+00:00,PLS,-0.08984736355226641
2022-04-27 00:00:00+00:00,PLS,0.463357520936014
2022-04-28 00:00:00+00:00,PLS,0.571577243293247
2022-04-29 00:00:00+00:00,PLS,0.2537002775208141
2022-04-30 00:00:00+00:00,PLS,-0.3058510638297872
2022-05-01 00:00:00+00:00,PLS,0.4633441258094357
2022-05-02 00:00:00+00:00,PLS,0.12661887141535616
2022-05-03 00:00:00+00:00,PLS,-0.4569842738205365
2022-05-04 00:00:00+00:00,PLS,0.5809435707678077
2022-05-05 00:00:00+00:00,PLS,-0.0034690101757631825
2022-05-06 00:00:00+00:00,PLS,0.4491211840888067
2022-05-07 00:00:00+00:00,PLS,0.05168825161887142
2022-05-08 00:00:00+00:00,PLS,0.09007863089731731
2022-05-09 00:00:00+00:00,PLS,0.2267576318223867
2022-05-10 00:00:00+00:00,PLS,0.6395698427382054
2022-05-11 00:00:00+00:00,PLS,0.0003469010175763182
2022-05-12 00:00:00+00:00,PLS,-0.054819800260529745
2022-05-13 00:00:00+00:00,PLS,-0.3352220166512489
2022-05-14 00:00:00+00:00,PLS,0.0014112027789839339
2022-05-15 00:00:00+00:00,PLS,0.585974815458098
2022-05-16 00:00:00+00:00,PLS,-0.1466565349544073
2022-05-17 00:00:00+00:00,PLS,0.3607251411202779
2022-05-18 00:00:00+00:00,PLS,-0.02920104211897525
2022-05-19 00:00:00+00:00,PLS,0.11821857957511282
2022-05-20 00:00:00+00:00,PLS,-0.4181502388189319
2022-05-21 00:00:00+00:00,PLS,0.0779418150238819
2022-05-22 00:00:00+00:00,PLS,0.4191272253582284
2022-05-23 00:00:00+00:00,PLS,-0.0877116804168476
2022-05-24 00:00:00+00:00,PLS,0.057859313938341296
2022-05-25 00:00:00+00:00,PLS,0.28419452887537994
2022-05-26 00:00:00+00:00,PLS,0.37016934433347803
2022-05-27 00:00:00+00:00,PLS,-0.19626574033868868
2022-05-28 00:00:00+00:00,PLS,-0.1923087361958791
2022-05-29 00:00:00+00:00,PLS,-0.1768345636126791
2022-05-30 00:00:00+00:00,PLS,0.04429005644811116
2022-05-31 00:00:00+00:00,PLS,0.6918150238818931
2022-06-01 00:00:00+00:00,PLS,-0.21662550554833576
2022-06-02 00:00:00+00:00,PLS,0.40816326530612246
2022-06-03 00:00:00+00:00,PLS,-0.13195104083888853
2022-06-04 00:00:00+00:00,PLS,0.28842813721233174
2022-06-05 00:00:00+00:00,PLS,-0.16717325227963523
2022-06-06 00:00:00+00:00,PLS,0.4384498480243161
2022-06-07 00:00:00+00:00,PLS,0.3352040816326531
2022-06-08 00:00:00+00:00,PLS,-0.19795918367346935
2022-06-09 00:00:00+00:00,PLS,0.22234693877551018
2022-06-10 00:00:00+00:00,PLS,0.2127551020408163
2022-06-11 00:00:00+00:00,PLS,0.2123469387755102
2022-06-12 00:00:00+00:00,PLS,-0.14316326530612242
2022-06-13 00:00:00+00:00,PLS,-0.23714285714285713
2022-06-14 00:00:00+00:00,PLS,-0.15785714285714283
2022-06-15 00:00:00+00:00,PLS,0.41551020408163264
2022-06-16 00:00:00+00:00,PLS,0.02770708283313325
2022-06-17 00:00:00+00:00,PLS,0.11020408163265305
2022-06-18 00:00:00+00:00,PLS,-0.16504201680672267
2022-06-19 00:00:00+00:00,PLS,-0.1732052821128451
2022-06-20 00:00:00+00:00,PLS,0.06823529411764705
2022-06-21 00:00:00+00:00,PLS,0.27577430972388955
2022-06-22 00:00:00+00:00,PLS,-0.41272509003601443
2022-06-23 00:00:00+00:00,PLS,-0.1431452581032413
2022-06-24 00:00:00+00:00,PLS,-0.1495834234146261
2022-06-25 00:00:00+00:00,PLS,0.3462665066026411
2022-06-26 00:00:00+00:00,PLS,0.12528512092737062
2022-06-27 00:00:00+00:00,PLS,0.2231452581032413
2022-06-28 00:00:00+00:00,PLS,0.07543817527010806
2022-06-29 00:00:00+00:00,PLS,0.19740696278511405
2022-06-30 00:00:00+00:00,PLS,-0.04658282100548952
2022-07-01 00:00:00+00:00,PLS,-0.04081632653061224
2022-07-02 00:00:00+00:00,PLS,0.10502890334152584
2022-07-03 00:00:00+00:00,PLS,-0.4368215371254885
2022-07-04 00:00:00+00:00,PLS,-0.036257056013894916
2022-07-05 00:00:00+00:00,PLS,-0.010421189752496743
2022-07-06 00:00:00+00:00,PLS,-0.20983499782891882
2022-07-07 00:00:00+00:00,PLS,0.20104211897524968
2022-07-08 00:00:00+00:00,PLS,-0.18362417571285888
2022-07-09 00:00:00+00:00,PLS,0.03506296135475467
2022-07-10 00:00:00+00:00,PLS,0.368866695614416
2022-07-11 00:00:00+00:00,PLS,0.0438558402084238
2022-07-12 00:00:00+00:00,PLS,-0.165979157620495
2022-07-13 00:00:00+00:00,PLS,-0.10551454624402953
2022-07-14 00:00:00+00:00,PLS,0.45901639614773115
2022-07-15 00:00:00+00:00,PLS,0.422818063395571
2022-07-16 00:00:00+00:00,PLS,0.1739036039947894
2022-07-17 00:00:00+00:00,PLS,-0.18996960486322187
2022-07-18 00:00:00+00:00,PLS,-0.23143725575336518
2022-07-19 00:00:00+00:00,PLS,0.2747503256621798
2022-07-20 00:00:00+00:00,PLS,0.36680416847590097
2022-07-21 00:00:00+00:00,PLS,0.37722535822839776
2022-07-22 00:00:00+00:00,PLS,-0.1704298740772905
2022-07-23 00:00:00+00:00,PLS,0.4072617946345976
2022-07-24 00:00:00+00:00,PLS,-0.0026595744680851063
2022-07-25 00:00:00+00:00,PLS,0.039084181313598525
2022-07-26 00:00:00+00:00,PLS,0.12661887141535616
2022-07-27 00:00:00+00:00,PLS,-0.04382516188714154
2022-07-28 00:00:00+00:00,PLS,0.22201665124884368
2022-07-29 00:00:00+00:00,PLS,-0.44322386679000925
2022-07-30 00:00:00+00:00,PLS,-0.3295559666975023
2022-07-31 00:00:00+00:00,PLS,0.07342738205365404
2022-08-01 00:00:00+00:00,PLS,0.23866790009250696
2022-08-02 00:00:00+00:00,PLS,0.14361702127659576
2022-08-03 00:00:00+00:00,PLS,0.08036540240518038
2022-08-04 00:00:00+00:00,PLS,0.13066604995374653
2022-08-05 00:00:00+00:00,PLS,0.09701665124884368
2022-08-06 00:00:00+00:00,PLS,0.02092969472710453
2022-08-07 00:00:00+00:00,PLS,-0.24446374294398612
2022-08-08 00:00:00+00:00,PLS,-0.07957012592270951
2022-08-09 00:00:00+00:00,PLS,0.1580547112462006
2022-08-10 00:00:00+00:00,PLS,0.09552757273122015
2022-08-11 00:00:00+00:00,PLS,0.07522796352583586
2022-08-12 00:00:00+00:00,PLS,0.03169778549717759
2022-08-13 00:00:00+00:00,PLS,-0.1845419018671298
2022-08-14 00:00:00+00:00,PLS,0.0438558402084238
2022-08-15 00:00:00+00:00,PLS,-0.014871906209292227
2022-08-16 00:00:00+00:00,PLS,0.22112462006079028
2022-08-17 00:00:00+00:00,PLS,0.23382544507164568
2022-08-18 00:00:00+00:00,PLS,0.10594876248371689
2022-08-19 00:00:00+00:00,PLS,0.463091619626574
2022-08-20 00:00:00+00:00,PLS,-0.16571428571428568
2022-08-21 00:00:00+00:00,PLS,-0.021938775510204078
2022-08-22 00:00:00+00:00,PLS,-0.20326530612244897
2022-08-23 00:00:00+00:00,PLS,-0.06581632653061224
2022-08-24 00:00:00+00:00,PLS,0.15306122448979592
2022-08-25 00:00:00+00:00,PLS,0.3435714285714285
2022-08-26 00:00:00+00:00,PLS,-0.33402990757816536
2022-08-27 00:00:00+00:00,PLS,0.1442683456361268
2022-08-28 00:00:00+00:00,PLS,-0.10062961354754667
2022-08-29 00:00:00+00:00,PLS,0.25295918367346937
2022-08-30 00:00:00+00:00,PLS,-0.3095798319327731
2022-08-31 00:00:00+00:00,PLS,-0.004657863145258102
2022-09-01 00:00:00+00:00,PLS,0.07716686674669868
2022-09-02 00:00:00+00:00,PLS,0.13382953181272508
2022-09-03 00:00:00+00:00,PLS,0.13786314525810325
2022-09-04 00:00:00+00:00,PLS,0.33166866746698676
2022-09-05 00:00:00+00:00,PLS,0.37402160864345735
2022-09-06 00:00:00+00:00,PLS,-0.008307322929171669
2022-09-07 00:00:00+00:00,PLS,0.3160144057623049
2022-09-08 00:00:00+00:00,PLS,-0.48840336134453777
2022-09-09 00:00:00+00:00,PLS,0.18194477791116445
2022-09-10 00:00:00+00:00,PLS,0.11587034813925569
2022-09-11 00:00:00+00:00,PLS,0.17848739495798316
2022-09-12 00:00:00+00:00,PLS,0.17743097238895558
2022-09-13 00:00:00+00:00,PLS,0.33915966386554625
2022-09-14 00:00:00+00:00,PLS,0.39428571428571424
2022-09-15 00:00:00+00:00,PLS,-0.017911164465786316
2022-09-16 00:00:00+00:00,PLS,-0.0003361344537815126
2022-09-17 00:00:00+00:00,PLS,0.4853301320528211
2022-09-18 00:00:00+00:00,PLS,-0.24795918367346936
2022-09-19 00:00:00+00:00,PLS,0.3638775510204081
2022-09-20 00:00:00+00:00,PLS,0.21051020408163262
2022-09-21 00:00:00+00:00,PLS,-0.01540816326530612
2022-09-22 00:00:00+00:00,PLS,0.04377551020408163
2022-09-23 00:00:00+00:00,PLS,0.25479591836734694
2022-09-24 00:00:00+00:00,PLS,0.3121428571428571
2022-09-25 00:00:00+00:00,PLS,0.1613265306122449
2022-09-26 00:00:00+00:00,PLS,-0.11122448979591835
2022-09-27 00:00:00+00:00,PLS,0.16540816326530608
2022-09-28 00:00:00+00:00,PLS,0.4230612244897959
2022-09-29 00:00:00+00:00,PLS,-0.11989795918367346
2022-09-30 00:00:00+00:00,PLS,0.12857142857142856
2022-10-01 00:00:00+00:00,PLS,0.42642857142857143
2022-10-02 00:00:00+00:00,PLS,0.13469387755102039
2022-10-03 00:00:00+00:00,PLS,0.1107142857142857
2022-10-04 00:00:00+00:00,PLS,-0.02204081632653061
2022-10-05 00:00:00+00:00,PLS,0.14091836734693874
2022-10-06 00:00:00+00:00,PLS,-0.2480612244897959
2022-10-07 00:00:00+00:00,PLS,0.19275510204081628
2022-10-08 00:00:00+00:00,PLS,0.2211224489795918
2022-10-09 00:00:00+00:00,PLS,0.38558402084237947
2022-10-10 00:00:00+00:00,PLS,0.10410334346504559
2022-10-11 00:00:00+00:00,PLS,0.3623632861540189
2022-10-12 00:00:00+00:00,PLS,0.3689752496743378
2022-10-13 00:00:00+00:00,PLS,0.1818280503690838
2022-10-14 00:00:00+00:00,PLS,0.370929222752931
2022-10-15 00:00:00+00:00,PLS,-0.05156317846287451
2022-10-16 00:00:00+00:00,PLS,-0.1980612244897959
2022-10-17 00:00:00+00:00,PLS,0.5946938775510203
2022-10-18 00:00:00+00:00,PLS,0.5905102040816327
2022-10-19 00:00:00+00:00,PLS,-0.05642857142857142
2022-10-20 00:00:00+00:00,PLS,-0.054897959183673455
2022-10-21 00:00:00+00:00,PLS,0.3249572694238365
2022-10-22 00:00:00+00:00,PLS,0.08653061224489796
2022-10-23 00:00:00+00:00,PLS,0.19102040816326532
2022-10-24 00:00:00+00:00,PLS,-0.09091836734693877
2022-10-25 00:00:00+00:00,PLS,0.15387755102040815
2022-10-26 00:00:00+00:00,PLS,-0.027857142857142855
2022-10-27 00:00:00+00:00,PLS,-0.012959183673469385
2022-10-28 00:00:00+00:00,PLS,0.27163265306122447
2022-10-29 00:00:00+00:00,PLS,0.07877551020408162
2022-10-30 00:00:00+00:00,PLS,0.10112244897959183
2022-10-31 00:00:00+00:00,PLS,0.0286734693877551
2022-11-01 00:00:00+00:00,PLS,0.009183673469387754
2022-11-02 00:00:00+00:00,PLS,-0.16948979591836733
2022-11-03 00:00:00+00:00,PLS,-0.01489795918367347
2022-11-04 00:00:00+00:00,PLS,-0.02149370386452453
2022-11-05 00:00:00+00:00,PLS,0.24846938775510202
2022-11-06 00:00:00+00:00,PLS,0.06959183673469387
2022-11-07 00:00:00+00:00,PLS,0.4394897959183673
2022-11-08 00:00:00+00:00,PLS,0.40265306122448974
2022-11-09 00:00:00+00:00,PLS,-0.31265306122448977
2022-11-10 00:00:00+00:00,PLS,0.22653061224489796
2022-11-11 00:00:00+00:00,PLS,0.3142857142857142
2022-11-12 00:00:00+00:00,PLS,-0.03540816326530612
2022-11-13 00:00:00+00:00,PLS,-0.034591836734693876
2022-11-14 00:00:00+00:00,PLS,-0.016632653061224488
2022-11-15 00:00:00+00:00,PLS,-0.044832826747720364
2022-11-16 00:00:00+00:00,PLS,-0.12428571428571428
2022-11-17 00:00:00+00:00,PLS,0.11316326530612243
2022-11-18 00:00:00+00:00,PLS,0.32598784194528874
2022-11-19 00:00:00+00:00,PLS,0.1924663482414242
2022-11-20 00:00:00+00:00,PLS,0.08782023447676944
2022-11-21 00:00:00+00:00,PLS,-0.3094876248371689
2022-11-22 00:00:00+00:00,PLS,0.19257490230134605
2022-11-23 00:00:00+00:00,PLS,0.33445505861919234
2022-11-24 00:00:00+00:00,PLS,-0.3275075987841945
2022-11-25 00:00:00+00:00,PLS,0.23263766393890428
2022-11-26 00:00:00+00:00,PLS,-0.09574468085106383
2022-11-27 00:00:00+00:00,PLS,-0.07414242292661745
2022-11-28 00:00:00+00:00,PLS,0.3670212765957447
2022-11-29 00:00:00+00:00,PLS,0.06524099001302648
2022-11-30 00:00:00+00:00,PLS,0.07609639600521059
2022-12-01 00:00:00+00:00,PLS,-0.15295267042987407
2022-12-02 00:00:00+00:00,PLS,0.39817629179331304
2022-12-03 00:00:00+00:00,PLS,0.14307425097698653
2022-12-04 00:00:00+00:00,PLS,0.013841018269813484
2022-12-05 00:00:00+00:00,PLS,-0.013026487190620929
2022-12-06 00:00:00+00:00,PLS,0.34661311333043854
2022-12-07 00:00:00+00:00,PLS,0.26387604070305276
2022-12-08 00:00:00+00:00,PLS,0.23447676943117673
2022-12-09 00:00:00+00:00,PLS,0.09900130264871905
2022-12-10 00:00:00+00:00,PLS,0.25749023013460703
2022-12-11 00:00:00+00:00,PLS,0.25978610002188357
2022-12-12 00:00:00+00:00,PLS,0.1455709943551889
2022-12-13 00:00:00+00:00,PLS,0.23664785062961355
2022-12-14 00:00:00+00:00,PLS,0.05112896222318714
2022-12-15 00:00:00+00:00,PLS,0.6424229266174555
2022-12-16 00:00:00+00:00,PLS,-0.3015631784628745
2022-12-17 00:00:00+00:00,PLS,0.3010204081632653
2022-12-18 00:00:00+00:00,PLS,0.516391663048198
2022-12-19 00:00:00+00:00,PLS,-0.3120929222752931
2022-12-20 00:00:00+00:00,PLS,0.5198653929656969
2022-12-21 00:00:00+00:00,PLS,-0.08901432913590969
2022-12-22 00:00:00+00:00,PLS,-0.059487624837168906
2022-12-23 00:00:00+00:00,PLS,0.2694311767260095
2022-12-24 00:00:00+00:00,PLS,0.4226468377963854
2022-12-25 00:00:00+00:00,PLS,-0.013460703430308293
2022-12-26 00:00:00+00:00,PLS,0.08499782891880157
2022-12-27 00:00:00+00:00,PLS,0.553951367781155
2022-12-28 00:00:00+00:00,PLS,0.0140034737299175
2022-12-29 00:00:00+00:00,PLS,0.12418584455058619
2022-12-30 00:00:00+00:00,PLS,-0.2564046895353886
2022-12-31 00:00:00+00:00,PLS,-0.30818497611810686
2023-01-01 00:00:00+00:00,PLS,-0.37244897959183676
2023-01-02 00:00:00+00:00,PLS,-0.15870603560573165
2023-01-03 00:00:00+00:00,PLS,0.16163699522362138
2023-01-04 00:00:00+00:00,PLS,-0.08662849081812675
2023-01-05 00:00:00+00:00,PLS,0.052974381241858444
2023-01-06 00:00:00+00:00,PLS,0.1609856708640903
2023-01-07 00:00:00+00:00,PLS,0.036257056013894916
2023-01-08 00:00:00+00:00,PLS,-0.3847155883630048
2023-01-09 00:00:00+00:00,PLS,-0.11235345201910552
2023-01-10 00:00:00+00:00,PLS,0.582609639600521
2023-01-11 00:00:00+00:00,PLS,0.1751850138760407
2023-01-12 00:00:00+00:00,PLS,-0.2602913968547641
2023-01-13 00:00:00+00:00,PLS,-0.03438775510204081
2023-01-14 00:00:00+00:00,PLS,0.04504993486756405
2023-01-15 00:00:00+00:00,PLS,0.24924012158054712
2023-01-16 00:00:00+00:00,PLS,0.08051020408163265
2023-01-17 00:00:00+00:00,PLS,0.0914765906362545
2023-01-18 00:00:00+00:00,PLS,-0.02482593037214886
2023-01-19 00:00:00+00:00,PLS,0.03154861944777911
2023-01-20 00:00:00+00:00,PLS,0.1296998799519808
2023-01-21 00:00:00+00:00,PLS,-0.2703001200480192
2023-01-22 00:00:00+00:00,PLS,0.11903961584633853
2023-01-23 00:00:00+00:00,PLS,0.23928571428571424
2023-01-24 00:00:00+00:00,PLS,0.1881241858445506
2023-01-25 00:00:00+00:00,PLS,-0.007490230134607034
2023-01-26 00:00:00+00:00,PLS,0.264329135909683
2023-01-27 00:00:00+00:00,PLS,-0.2351280937907078
2023-01-28 00:00:00+00:00,PLS,0.056556665219279205
2023-01-29 00:00:00+00:00,PLS,0.07392531480677378
2023-01-30 00:00:00+00:00,PLS,-0.25618758141554493
2023-01-31 00:00:00+00:00,PLS,0.10193226226660877
2023-02-01 00:00:00+00:00,PLS,0.4192357794181502
2023-02-02 00:00:00+00:00,PLS,-0.0668693009118541
2023-02-03 00:00:00+00:00,PLS,0.07924446374294399
2023-02-04 00:00:00+00:00,PLS,0.3333695180199739
2023-02-05 00:00:00+00:00,PLS,-0.0807142857142857
2023-02-06 00:00:00+00:00,PLS,0.0323469387755102
2023-02-07 00:00:00+00:00,PLS,0.46836734693877546
2023-02-08 00:00:00+00:00,PLS,0.40499999999999997
2023-02-09 00:00:00+00:00,PLS,-0.03295918367346938
2023-02-10 00:00:00+00:00,PLS,-0.15153061224489794
2023-02-11 00:00:00+00:00,PLS,0.30336734693877554
2023-02-12 00:00:00+00:00,PLS,0.2290816326530612
2023-02-13 00:00:00+00:00,PLS,-0.09724489795918365
2023-02-14 00:00:00+00:00,PLS,-0.4124489795918367
2023-02-15 00:00:00+00:00,PLS,0.26418367346938776
2023-02-16 00:00:00+00:00,PLS,-0.03071428571428571
2023-02-17 00:00:00+00:00,PLS,0.09969387755102038
2023-02-18 00:00:00+00:00,PLS,0.17153061224489793
2023-02-19 00:00:00+00:00,PLS,-0.060102040816326516
2023-02-20 00:00:00+00:00,PLS,-0.09632653061224489
2023-02-21 00:00:00+00:00,PLS,-0.20357142857142857
2023-02-22 00:00:00+00:00,PLS,0.14448979591836736
2023-02-23 00:00:00+00:00,PLS,0.04265306122448979
2023-02-24 00:00:00+00:00,PLS,0.10836734693877549
2023-02-25 00:00:00+00:00,PLS,-0.1296938775510204
2023-02-26 00:00:00+00:00,PLS,-0.012040816326530611
2023-02-27 00:00:00+00:00,PLS,0.44724489795918365
2023-02-28 00:00:00+00:00,PLS,-0.3776530612244897
2023-03-01 00:00:00+00:00,PLS,0.5194897959183673
2023-03-02 00:00:00+00:00,PLS,0.4442460268289127
2023-03-03 00:00:00+00:00,PLS,0.5081632653061224
2023-03-04 00:00:00+00:00,PLS,-0.016632653061224488
2023-03-05 00:00:00+00:00,PLS,-0.25091836734693873
2023-03-06 00:00:00+00:00,PLS,0.41438775510204073
2023-03-07 00:00:00+00:00,PLS,0.45224489795918366
2023-03-08 00:00:00+00:00,PLS,-0.10653061224489795
2023-03-09 00:00:00+00:00,PLS,0.17153061224489793
2023-03-10 00:00:00+00:00,PLS,0.37938775510204076
2023-03-11 00:00:00+00:00,PLS,-0.6729591836734692
2023-03-12 00:00:00+00:00,PLS,-0.44076830732292915
2023-03-13 00:00:00+00:00,PLS,-0.6851860744297718
2023-03-14 00:00:00+00:00,PLS,0.36979591836734693
2023-03-15 00:00:00+00:00,PLS,-0.1208643457382953
2023-03-16 00:00:00+00:00,PLS,-0.242641056422569
2023-03-17 00:00:00+00:00,PLS,0.045954381752701084
2023-03-18 00:00:00+00:00,PLS,0.19903961584633853
2023-03-19 00:00:00+00:00,PLS,0.32479591836734695
2023-03-20 00:00:00+00:00,PLS,0.10818727490996398
2023-03-21 00:00:00+00:00,PLS,-0.10665066026410563
2023-03-22 00:00:00+00:00,PLS,0.22573829531812722
2023-03-23 00:00:00+00:00,PLS,0.4225210084033613
2023-03-24 00:00:00+00:00,PLS,0.4820648259303721
2023-03-25 00:00:00+00:00,PLS,-0.43183673469387757
2023-03-26 00:00:00+00:00,PLS,0.5844897959183672
2023-03-27 00:00:00+00:00,PLS,-0.34714285714285714
2023-03-28 00:00:00+00:00,PLS,-0.23551020408163262
2023-03-29 00:00:00+00:00,PLS,0.39979591836734696
2023-03-30 00:00:00+00:00,PLS,0.10920538428137212
2023-03-31 00:00:00+00:00,PLS,0.25825010855405994
2023-04-01 00:00:00+00:00,PLS,0.11832392531480677
2023-04-02 00:00:00+00:00,PLS,0.3050369083803734
2023-04-03 00:00:00+00:00,PLS,-0.02095093356491533
2023-04-04 00:00:00+00:00,PLS,-0.10768562744246635
2023-04-05 00:00:00+00:00,PLS,0.2460920538428137
2023-04-06 00:00:00+00:00,PLS,0.36528441163699515
2023-04-07 00:00:00+00:00,PLS,0.2534737299174989
2023-04-08 00:00:00+00:00,PLS,-0.165979157620495
2023-04-09 00:00:00+00:00,PLS,-0.28180633955709944
2023-04-10 00:00:00+00:00,PLS,0.12885366912722535
2023-04-11 00:00:00+00:00,PLS,0.38417281806339554
2023-04-12 00:00:00+00:00,PLS,0.1374294398610508
2023-04-13 00:00:00+00:00,PLS,-0.22590099869735125
2023-04-14 00:00:00+00:00,PLS,0.3503039513677812
2023-04-15 00:00:00+00:00,PLS,0.28137212331741207
2023-04-16 00:00:00+00:00,PLS,0.1223404255319149
2023-04-17 00:00:00+00:00,PLS,0.2278549717759444
2023-04-18 00:00:00+00:00,PLS,0.2687798523664785
2023-04-19 00:00:00+00:00,PLS,0.18085106382978725
2023-04-20 00:00:00+00:00,PLS,0.45538428137212333
2023-04-21 00:00:00+00:00,PLS,-0.2574005550416281
2023-04-22 00:00:00+00:00,PLS,0.5611470860314524
2023-04-23 00:00:00+00:00,PLS,-0.2265186555658341
2023-04-24 00:00:00+00:00,PLS,-0.2910268270120259
2023-04-25 00:00:00+00:00,PLS,0.0957755164970706
2023-04-26 00:00:00+00:00,PLS,0.0343509096515572
2023-04-27 00:00:00+00:00,PLS,0.2664816527906259
2023-04-28 00:00:00+00:00,PLS,0.21480111008325625
2023-04-29 00:00:00+00:00,PLS,0.19617637989515882
2023-04-30 00:00:00+00:00,PLS,0.4730804810360777
2023-05-01 00:00:00+00:00,PLS,0.18004162812210917
2023-05-02 00:00:00+00:00,PLS,-0.0862627197039778
2023-05-03 00:00:00+00:00,PLS,0.34447271045328404
2023-05-04 00:00:00+00:00,PLS,0.16894079555966696
2023-05-05 00:00:00+00:00,PLS,0.5919287696577245
2023-05-06 00:00:00+00:00,PLS,0.04532839962997225
2023-05-07 00:00:00+00:00,PLS,0.4817298797409806
2023-05-08 00:00:00+00:00,PLS,-0.14073822819605736
2023-05-09 00:00:00+00:00,PLS,-0.15917360468701816
2023-05-10 00:00:00+00:00,PLS,0.7697193956213382
2023-05-11 00:00:00+00:00,PLS,-0.23441258094357076
2023-05-12 00:00:00+00:00,PLS,0.24020968239284612
2023-05-13 00:00:00+00:00,PLS,-0.4524822695035461
2023-05-14 00:00:00+00:00,PLS,-0.121002806187846
2023-05-15 00:00:00+00:00,PLS,-0.07148584523643597
2023-05-16 00:00:00+00:00,PLS,-0.2864631514030219
2023-05-17 00:00:00+00:00,PLS,0.18655565834104224
2023-05-18 00:00:00+00:00,PLS,0.21531612278084805
2023-05-19 00:00:00+00:00,PLS,0.07238667900092507
2023-05-20 00:00:00+00:00,PLS,0.5111008325624422
2023-05-21 00:00:00+00:00,PLS,0.18813598519888994
2023-05-22 00:00:00+00:00,PLS,-0.1675531914893617
2023-05-23 00:00:00+00:00,PLS,0.3477104532839963
2023-05-24 00:00:00+00:00,PLS,-0.04937557816836263
2023-05-25 00:00:00+00:00,PLS,-0.060356057316543636
2023-05-26 00:00:00+00:00,PLS,0.25010855405992183
2023-05-27 00:00:00+00:00,PLS,-0.0803300043421624
2023-05-28 00:00:00+00:00,PLS,0.09921369102682702
2023-05-29 00:00:00+00:00,PLS,0.13367252543940797
2023-05-30 00:00:00+00:00,PLS,0.5075161887141536
2023-05-31 00:00:00+00:00,PLS,-0.1628122109158187
2023-06-01 00:00:00+00:00,PLS,0.2467622571692877
2023-06-02 00:00:00+00:00,PLS,0.4200431699044095
2023-06-03 00:00:00+00:00,PLS,0.10625963613937711
2023-06-04 00:00:00+00:00,PLS,0.7207892882311486
2023-06-05 00:00:00+00:00,PLS,-0.4281888653981677
2023-06-06 00:00:00+00:00,PLS,0.26398872445384075
2023-06-07 00:00:00+00:00,PLS,-0.01902748414376321
2023-06-08 00:00:00+00:00,PLS,0.08935870331219167
2023-06-09 00:00:00+00:00,PLS,0.2954193093727977
2023-06-10 00:00:00+00:00,PLS,-0.0038054968287526423
2023-06-11 00:00:00+00:00,PLS,-0.19380764163372857
2023-06-12 00:00:00+00:00,PLS,0.03175230566534914
2023-06-13 00:00:00+00:00,PLS,0.14460887949260043
2023-06-14 00:00:00+00:00,PLS,-0.32911725955204213
2023-06-15 00:00:00+00:00,PLS,-0.17615283267457177
2023-06-16 00:00:00+00:00,PLS,0.13280632411067195
2023-06-17 00:00:00+00:00,PLS,0.27154150197628457
2023-06-18 00:00:00+00:00,PLS,-0.22463768115942026
2023-06-19 00:00:00+00:00,PLS,-0.2903820816864295
2023-06-20 00:00:00+00:00,PLS,-0.23539932161578783
2023-06-21 00:00:00+00:00,PLS,0.11135522664199816
2023-06-22 00:00:00+00:00,PLS,0.3071230342275671
2023-06-23 00:00:00+00:00,PLS,0.10046253469010176
2023-06-24 00:00:00+00:00,PLS,0.20382362010484117
2023-06-25 00:00:00+00:00,PLS,0.289300030835646
2023-06-26 00:00:00+00:00,PLS,0.08545328399629973
2023-06-27 00:00:00+00:00,PLS,0.28388066604995377
2023-06-28 00:00:00+00:00,PLS,0.002890841813135985
2023-06-29 00:00:00+00:00,PLS,0.2513876040703053
2023-06-30 00:00:00+00:00,PLS,0.33718778908418134
2023-07-01 00:00:00+00:00,PLS,0.4219472710453284
2023-07-02 00:00:00+00:00,PLS,-0.07770582793709528
2023-07-03 00:00:00+00:00,PLS,0.37523126734505086
2023-07-04 00:00:00+00:00,PLS,0.17402867715078632
2023-07-05 00:00:00+00:00,PLS,-0.012604070305272894
2023-07-06 00:00:00+00:00,PLS,0.010522664199814985
2023-07-07 00:00:00+00:00,PLS,0.20490286771507862
2023-07-08 00:00:00+00:00,PLS,0.20964384828862165
2023-07-09 00:00:00+00:00,PLS,0.31174838112858466
2023-07-10 00:00:00+00:00,PLS,0.2135753931544866
2023-07-11 00:00:00+00:00,PLS,0.08036540240518038
2023-07-12 00:00:00+00:00,PLS,0.44565217391304346
2023-07-13 00:00:00+00:00,PLS,0.164199814986124
2023-07-14 00:00:00+00:00,PLS,0.2602913968547641
2023-07-15 00:00:00+00:00,PLS,-0.2797178538390379
2023-07-16 00:00:00+00:00,PLS,0.28191489361702127
2023-07-17 00:00:00+00:00,PLS,0.000578168362627197
2023-07-18 00:00:00+00:00,PLS,-0.14280758556891765
2023-07-19 00:00:00+00:00,PLS,0.30487699125225876
2023-07-20 00:00:00+00:00,PLS,0.2538159111933395
2023-07-21 00:00:00+00:00,PLS,0.24803422756706753
2023-07-22 00:00:00+00:00,PLS,0.1589962997224792
2023-07-23 00:00:00+00:00,PLS,0.4030989824236818
2023-07-24 00:00:00+00:00,PLS,0.1925300647548566
2023-07-25 00:00:00+00:00,PLS,-0.0043940795559666975
2023-07-26 00:00:00+00:00,PLS,-0.06706753006475485
2023-07-27 00:00:00+00:00,PLS,0.022796352583586622
2023-07-28 00:00:00+00:00,PLS,0.07516188714153563
2023-07-29 00:00:00+00:00,PLS,0.24629972247918594
2023-07-30 00:00:00+00:00,PLS,-0.09782608695652174
2023-07-31 00:00:00+00:00,PLS,0.19623034227567068
2023-08-01 00:00:00+00:00,PLS,0.1873643074250977
2023-08-02 00:00:00+00:00,PLS,0.11191923577941816
2023-08-03 00:00:00+00:00,PLS,0.22653061224489796
2023-08-04 00:00:00+00:00,PLS,0.14010204081632652
2023-08-05 00:00:00+00:00,PLS,0.11035995819810936
2023-08-06 00:00:00+00:00,PLS,0.40173469387755095
2023-08-07 00:00:00+00:00,PLS,0.11291104368581414
2023-08-08 00:00:00+00:00,PLS,-0.02239853058204808
2023-08-09 00:00:00+00:00,PLS,0.1630612244897959
2023-08-10 00:00:00+00:00,PLS,-0.17844366016332283
2023-08-11 00:00:00+00:00,PLS,0.2580072028811525
2023-08-12 00:00:00+00:00,PLS,0.060840336134453776
2023-08-13 00:00:00+00:00,PLS,-0.045858343337334934
2023-08-14 00:00:00+00:00,PLS,0.4695798319327731
2023-08-15 00:00:00+00:00,PLS,0.08081632653061224
2023-08-16 00:00:00+00:00,PLS,0.26376950780312125
2023-08-17 00:00:00+00:00,PLS,-0.14448979591836736
2023-08-18 00:00:00+00:00,PLS,-0.11020408163265306
2023-08-19 00:00:00+00:00,PLS,0.3201020408163265
2023-08-20 00:00:00+00:00,PLS,0.16989795918367348
2023-08-21 00:00:00+00:00,PLS,0.10857142857142855
2023-08-22 00:00:00+00:00,PLS,0.09775510204081632
2023-08-23 00:00:00+00:00,PLS,0.3458532349109857
2023-08-24 00:00:00+00:00,PLS,0.2464177160225792
2023-08-25 00:00:00+00:00,PLS,-0.08293530178028659
2023-08-26 00:00:00+00:00,PLS,0.05167173252279635
2023-08-27 00:00:00+00:00,PLS,0.2887537993920973
2023-08-28 00:00:00+00:00,PLS,-0.012809379070777246
2023-08-29 00:00:00+00:00,PLS,-0.012049500651324358
2023-08-30 00:00:00+00:00,PLS,0.02116804168475901
2023-08-31 00:00:00+00:00,PLS,0.17260095527572733
2023-09-01 00:00:00+00:00,PLS,0.061877493441519105
2023-09-02 00:00:00+00:00,PLS,-0.022904906643508468
2023-09-03 00:00:00+00:00,PLS,0.05275727312201477
2023-09-04 00:00:00+00:00,PLS,-0.05102040816326531
2023-09-05 00:00:00+00:00,PLS,0.27442466348241423
2023-09-06 00:00:00+00:00,PLS,0.20397307859313937
2023-09-07 00:00:00+00:00,PLS,0.12739164658530294
2023-09-08 00:00:00+00:00,PLS,-0.05020761529246068
2023-09-09 00:00:00+00:00,PLS,0.12505427702996091
2023-09-10 00:00:00+00:00,PLS,0.364090316977855
2023-09-11 00:00:00+00:00,PLS,0.09482454477397707
2023-09-12 00:00:00+00:00,PLS,0.034954407294832825
2023-09-13 00:00:00+00:00,PLS,0.08803734259661311
2023-09-14 00:00:00+00:00,PLS,-0.14190564292321922
2023-09-15 00:00:00+00:00,PLS,0.2596978106691335
2023-09-16 00:00:00+00:00,PLS,0.45013876040703055
2023-09-17 00:00:00+00:00,PLS,0.10391612704286154
2023-09-18 00:00:00+00:00,PLS,-0.33209990749306195
2023-09-19 00:00:00+00:00,PLS,-0.16682084489670057
2023-09-20 00:00:00+00:00,PLS,0.2582176996608079
2023-09-21 00:00:00+00:00,PLS,-0.23123419654132743
2023-09-22 00:00:00+00:00,PLS,0.3214924452667283
2023-09-23 00:00:00+00:00,PLS,0.29337033610854146
2023-09-24 00:00:00+00:00,PLS,-0.09417206290471786
2023-09-25 00:00:00+00:00,PLS,-0.11871723712611777
2023-09-26 00:00:00+00:00,PLS,0.14487033217902662
2023-09-27 00:00:00+00:00,PLS,0.014122725871107
2023-09-28 00:00:00+00:00,PLS,0.034227567067530065
2023-09-29 00:00:00+00:00,PLS,0.16904101140918903
2023-09-30 00:00:00+00:00,PLS,0.1567067530064755
2023-10-01 00:00:00+00:00,PLS,0.19950662966389143
2023-10-02 00:00:00+00:00,PLS,0.300531914893617
2023-10-03 00:00:00+00:00,PLS,0.06799259944495838
2023-10-04 00:00:00+00:00,PLS,0.1824699352451434
2023-10-05 00:00:00+00:00,PLS,-0.0030064754856614245
2023-10-06 00:00:00+00:00,PLS,0.32267414983425596
2023-10-07 00:00:00+00:00,PLS,0.12513105149552883
2023-10-08 00:00:00+00:00,PLS,0.33049645390070914
2023-10-09 00:00:00+00:00,PLS,-0.018563058896083874
2023-10-10 00:00:00+00:00,PLS,0.10564292321924144
2023-10-11 00:00:00+00:00,PLS,0.025470243601603455
2023-10-12 00:00:00+00:00,PLS,0.19703977798334874
2023-10-13 00:00:00+00:00,PLS,0.11637372802960222
2023-10-14 00:00:00+00:00,PLS,-0.14733725993005303
2023-10-15 00:00:00+00:00,PLS,0.10650632130743139
2023-10-16 00:00:00+00:00,PLS,0.3206521739130435
2023-10-17 00:00:00+00:00,PLS,0.3475948196114709
2023-10-18 00:00:00+00:00,PLS,0.3832099907493062
2023-10-19 00:00:00+00:00,PLS,-0.299722479185939
2023-10-20 00:00:00+00:00,PLS,0.007053654024051803
2023-10-21 00:00:00+00:00,PLS,-0.28492136910268273
2023-10-22 00:00:00+00:00,PLS,0.21073080481036077
2023-10-23 00:00:00+00:00,PLS,-0.14363243909959914
2023-10-24 00:00:00+00:00,PLS,-0.3536691272253582
2023-10-25 00:00:00+00:00,PLS,0.0006513243595310464
2023-10-26 00:00:00+00:00,PLS,0.45082501085540594
2023-10-27 00:00:00+00:00,PLS,-0.16663048198002603
2023-10-28 00:00:00+00:00,PLS,0.21602257924446375
2023-10-29 00:00:00+00:00,PLS,-0.03397742075553625
2023-10-30 00:00:00+00:00,PLS,0.25390794615718626
2023-10-31 00:00:00+00:00,PLS,0.39253148067737736
2023-11-01 00:00:00+00:00,PLS,0.3656100738167608
2023-11-02 00:00:00+00:00,PLS,0.011940946591402518
2023-11-03 00:00:00+00:00,PLS,-0.06676074685193227
2023-11-04 00:00:00+00:00,PLS,0.3850412505427703
2023-11-05 00:00:00+00:00,PLS,0.07674980326869124
2023-11-06 00:00:00+00:00,PLS,0.02529309596178897
2023-11-07 00:00:00+00:00,PLS,-0.1175640468953539
2023-11-08 00:00:00+00:00,PLS,0.34151107251411206
2023-11-09 00:00:00+00:00,PLS,0.17010421189752498
2023-11-10 00:00:00+00:00,PLS,0.34111933395004623
2023-11-11 00:00:00+00:00,PLS,0.22328862164662353
2023-11-12 00:00:00+00:00,PLS,0.13980111008325624
2023-11-13 00:00:00+00:00,PLS,0.02105948762483717
2023-11-14 00:00:00+00:00,PLS,-0.008901432913590968
2023-11-15 00:00:00+00:00,PLS,0.4089231437255753
2023-11-16 00:00:00+00:00,PLS,-0.052540165002171076
2023-11-17 00:00:00+00:00,PLS,0.0547112462006079
2023-11-18 00:00:00+00:00,PLS,-0.04689535388623534
2023-11-19 00:00:00+00:00,PLS,0.23990447242726878
2023-11-20 00:00:00+00:00,PLS,0.20332175423360835
2023-11-21 00:00:00+00:00,PLS,-0.22666087711680416
2023-11-22 00:00:00+00:00,PLS,0.06914893617021275
2023-11-23 00:00:00+00:00,PLS,0.1265740338688667
2023-11-24 00:00:00+00:00,PLS,-0.08195831524099
2023-11-25 00:00:00+00:00,PLS,0.23697351280937906
2023-11-26 00:00:00+00:00,PLS,0.1442683456361268
2023-11-27 00:00:00+00:00,PLS,-0.07283977420755536
2023-11-28 00:00:00+00:00,PLS,0.11604429005644812
2023-11-29 00:00:00+00:00,PLS,0.030395136778115502
2023-11-30 00:00:00+00:00,PLS,0.22964847363552268
2023-12-01 00:00:00+00:00,PLS,-0.17032839962997226
2023-12-02 00:00:00+00:00,PLS,0.18489824236817762
2023-12-03 00:00:00+00:00,PLS,-0.06432315757015108
2023-12-04 00:00:00+00:00,PLS,0.13709528214616096
2023-12-05 00:00:00+00:00,PLS,0.4519888991674375
2023-12-06 00:00:00+00:00,PLS,0.34714770274437246
2023-12-07 00:00:00+00:00,PLS,0.40803689064558624
2023-12-08 00:00:00+00:00,PLS,0.2749670619235836
2023-12-09 00:00:00+00:00,PLS,-0.027404479578392617
2023-12-10 00:00:00+00:00,PLS,0.20724637681159416
2023-12-11 00:00:00+00:00,PLS,0.20790513833992094
2023-12-12 00:00:00+00:00,PLS,0.06363636363636364
2023-12-13 00:00:00+00:00,PLS,-0.4433465085638998
2023-12-14 00:00:00+00:00,PLS,0.13234672304439746
2023-12-15 00:00:00+00:00,PLS,0.004228329809725159
2023-12-16 00:00:00+00:00,PLS,0.23932346723044395
2023-12-17 00:00:00+00:00,PLS,0.1829457364341085
2023-12-18 00:00:00+00:00,PLS,0.1172656800563777
2023-12-19 00:00:00+00:00,PLS,0.17035573122529643
2023-12-20 00:00:00+00:00,PLS,0.15401844532279316
2023-12-21 00:00:00+00:00,PLS,0.10243601603453592
2023-12-22 00:00:00+00:00,PLS,0.23527597903176073
2023-12-23 00:00:00+00:00,PLS,0.22343509096515574
2023-12-24 00:00:00+00:00,PLS,0.18339920948616598
2023-12-25 00:00:00+00:00,PLS,0.20210803689064558
2023-12-26 00:00:00+00:00,PLS,0.34005270092226614
2023-12-27 00:00:00+00:00,PLS,0.17799736495388668
2023-12-28 00:00:00+00:00,PLS,0.05388669301712779
2023-12-29 00:00:00+00:00,PLS,-0.13636363636363635
2023-12-30 00:00:00+00:00,PLS,0.4815546772068511
2023-12-31 00:00:00+00:00,PLS,-0.037022397891963106
2024-01-01 00:00:00+00:00,PLS,0.1686429512516469
2024-01-02 00:00:00+00:00,PLS,0.03148880105401844
2024-01-03 00:00:00+00:00,PLS,0.007246376811594202
2024-01-04 00:00:00+00:00,PLS,0.439654640764724
2024-01-05 00:00:00+00:00,PLS,0.4134387351778656
2024-01-06 00:00:00+00:00,PLS,0.3598155467720685
2024-01-07 00:00:00+00:00,PLS,-0.09736495388669301
2024-01-08 00:00:00+00:00,PLS,0.5349984582176996
2024-01-09 00:00:00+00:00,PLS,0.07417654808959155
2024-01-10 00:00:00+00:00,PLS,0.06321307431390687
2024-01-11 00:00:00+00:00,PLS,-0.020166512488436632
2024-01-12 00:00:00+00:00,PLS,0.0654332408263953
2024-01-13 00:00:00+00:00,PLS,0.19552042160737812
2024-01-14 00:00:00+00:00,PLS,-0.09471458773784354
2024-01-15 00:00:00+00:00,PLS,0.04482029598308667
2024-01-16 00:00:00+00:00,PLS,0.24143763213530656
2024-01-17 00:00:00+00:00,PLS,0.5591966173361521
2024-01-18 00:00:00+00:00,PLS,0.16988825128360013
2024-01-19 00:00:00+00:00,PLS,0.1999395952884325
2024-01-20 00:00:00+00:00,PLS,0.3501963153125943
2024-01-21 00:00:00+00:00,PLS,0.37299909392932645
2024-01-22 00:00:00+00:00,PLS,-0.012684989429175475
2024-01-23 00:00:00+00:00,PLS,-0.4065237088492902
2024-01-24 00:00:00+00:00,PLS,0.36424041075203867
2024-01-25 00:00:00+00:00,PLS,-0.440048323769254
2024-01-26 00:00:00+00:00,PLS,-0.011627906976744188
2024-01-27 00:00:00+00:00,PLS,0.3657505285412262
2024-01-28 00:00:00+00:00,PLS,-0.22848082150407728
2024-01-29 00:00:00+00:00,PLS,-0.13784355179704016
2024-01-30 00:00:00+00:00,PLS,0.37152924594785064
2024-01-31 00:00:00+00:00,PLS,0.2546863988724454
2024-02-01 00:00:00+00:00,PLS,0.11818181818181817
2024-02-02 00:00:00+00:00,PLS,0.3108036890645586
2024-02-03 00:00:00+00:00,PLS,0.2668076109936575
2024-02-04 00:00:00+00:00,PLS,-0.1408033826638478
2024-02-05 00:00:00+00:00,PLS,0.3548089591567852
2024-02-06 00:00:00+00:00,PLS,-0.27259552042160734
2024-02-07 00:00:00+00:00,PLS,0.24176548089591565
2024-02-08 00:00:00+00:00,PLS,-0.1572938689217759
2024-02-09 00:00:00+00:00,PLS,0.097815362931642
2024-02-10 00:00:00+00:00,PLS,0.2018322762508809
2024-02-11 00:00:00+00:00,PLS,-0.14446793516560955
2024-02-12 00:00:00+00:00,PLS,0.19252995066948556
2024-02-13 00:00:00+00:00,PLS,0.037068357998590554
2024-02-14 00:00:00+00:00,PLS,-0.014799154334038053
2024-02-15 00:00:00+00:00,PLS,-0.13093727977448907
2024-02-16 00:00:00+00:00,PLS,0.24834390415785762
2024-02-17 00:00:00+00:00,PLS,-0.11069163394744791
2024-02-18 00:00:00+00:00,PLS,-0.06191482935668982
2024-02-19 00:00:00+00:00,PLS,0.3572938689217759
2024-02-20 00:00:00+00:00,PLS,0.14633041377227424
2024-02-21 00:00:00+00:00,PLS,0.10978556327393538
2024-02-22 00:00:00+00:00,PLS,0.32121212121212117
2024-02-23 00:00:00+00:00,PLS,-0.2308300395256917
2024-02-24 00:00:00+00:00,PLS,0.08062015503875969
2024-02-25 00:00:00+00:00,PLS,0.558498023715415
2024-02-26 00:00:00+00:00,PLS,0.33662714097496704
2024-02-27 00:00:00+00:00,PLS,0.10553359683794467
2024-02-28 00:00:00+00:00,PLS,0.17259552042160736
2024-02-29 00:00:00+00:00,PLS,-0.2714097496706192
2024-03-01 00:00:00+00:00,PLS,-0.028194993412384715
2024-03-02 00:00:00+00:00,PLS,0.01185770750988142
2024-03-03 00:00:00+00:00,PLS,0.2515856236786469
2024-03-04 00:00:00+00:00,PLS,0.3047216349541931
2024-03-05 00:00:00+00:00,PLS,0.13601127554615927
2024-03-06 00:00:00+00:00,PLS,0.21423537702607467
2024-03-07 00:00:00+00:00,PLS,-0.19858048927816369
2024-03-08 00:00:00+00:00,PLS,-0.09634551495016612
2024-03-09 00:00:00+00:00,PLS,0.3230443974630021
2024-03-10 00:00:00+00:00,PLS,0.15673009161381252
2024-03-11 00:00:00+00:00,PLS,0.3905567300916138
2024-03-12 00:00:00+00:00,PLS,0.3391304347826087
2024-03-13 00:00:00+00:00,PLS,-0.12305665349143607
2024-03-14 00:00:00+00:00,PLS,0.38883749614554425
2024-03-15 00:00:00+00:00,PLS,0.41671292013567685
2024-03-16 00:00:00+00:00,PLS,-0.19050262102991056
2024-03-17 00:00:00+00:00,PLS,0.7699604743083003
2024-03-18 00:00:00+00:00,PLS,-0.25230566534914356
2024-03-19 00:00:00+00:00,PLS,-0.14255599472990774
2024-03-20 00:00:00+00:00,PLS,0.35207892882311487
2024-03-21 00:00:00+00:00,PLS,0.08456659619450316
2024-03-22 00:00:00+00:00,PLS,-0.24418604651162792
2024-03-23 00:00:00+00:00,PLS,-0.13893083660525524
2024-03-24 00:00:00+00:00,PLS,0.1416490486257928
2024-03-25 00:00:00+00:00,PLS,-0.0063424947145877385
2024-03-26 00:00:00+00:00,PLS,0.2975334742776603
2024-03-27 00:00:00+00:00,PLS,-0.09316420014094433
2024-03-28 00:00:00+00:00,PLS,0.49640591966173353
2024-03-29 00:00:00+00:00,PLS,-0.07246376811594202
2024-03-30 00:00:00+00:00,PLS,-0.12586328400281888
2024-03-31 00:00:00+00:00,PLS,0.42692036645525017
2024-04-01 00:00:00+00:00,PLS,0.3476943346508563
2024-04-02 00:00:00+00:00,PLS,0.21699604743083
2024-04-03 00:00:00+00:00,PLS,0.017452975639839653
2024-04-04 00:00:00+00:00,PLS,0.06864295125164689
2024-04-05 00:00:00+00:00,PLS,0.15467720685111988
2024-04-06 00:00:00+00:00,PLS,-0.541897233201581
2024-04-07 00:00:00+00:00,PLS,-0.2153629316420014
2024-04-08 00:00:00+00:00,PLS,0.3516469038208168
2024-04-09 00:00:00+00:00,PLS,0.02239789196310935
2024-04-10 00:00:00+00:00,PLS,0.31857707509881417
2024-04-11 00:00:00+00:00,PLS,0.419631093544137
2024-04-12 00:00:00+00:00,PLS,0.19617918313570484
2024-04-13 00:00:00+00:00,PLS,-0.48998682476943345
2024-04-14 00:00:00+00:00,PLS,0.2978919631093544
2024-04-15 00:00:00+00:00,PLS,-0.2518675123326286
2024-04-16 00:00:00+00:00,PLS,0.3608174770965468
2024-04-17 00:00:00+00:00,PLS,-0.03760193295077016
2024-04-18 00:00:00+00:00,PLS,-0.21383267894895805
2024-04-19 00:00:00+00:00,PLS,-0.543793415886439
2024-04-20 00:00:00+00:00,PLS,0.0200845665961945
2024-04-21 00:00:00+00:00,PLS,0.09347629115070977
2024-04-22 00:00:00+00:00,PLS,-0.12382965871337964
2024-04-23 00:00:00+00:00,PLS,0.2121715493808517
2024-04-24 00:00:00+00:00,PLS,0.060887949260042276
2024-04-25 00:00:00+00:00,PLS,0.5042988019732205
2024-04-26 00:00:00+00:00,PLS,0.1558844256518675
2024-04-27 00:00:00+00:00,PLS,0.05722339675828047
2024-04-28 00:00:00+00:00,PLS,-0.10556730091613813
2024-04-29 00:00:00+00:00,PLS,0.4720225510923185
2024-04-30 00:00:00+00:00,PLS,-0.17279774489076816
2024-05-01 00:00:00+00:00,PLS,-0.24580690627202254
2024-05-02 00:00:00+00:00,PLS,-0.5658411356085774
2024-05-03 00:00:00+00:00,PLS,-0.021473138319423064
2024-05-04 00:00:00+00:00,PLS,0.056154282473057295
2024-05-05 00:00:00+00:00,PLS,0.09245604083947818
2024-05-06 00:00:00+00:00,PLS,0.22802778616732103
2024-05-07 00:00:00+00:00,PLS,0.20416792509815768
2024-05-08 00:00:00+00:00,PLS,-0.11157928855036059
2024-05-09 00:00:00+00:00,PLS,0.05435540069686412
2024-05-10 00:00:00+00:00,PLS,-0.02682926829268293
2024-05-11 00:00:00+00:00,PLS,0.06811846689895472
2024-05-12 00:00:00+00:00,PLS,0.17944250871080145
2024-05-13 00:00:00+00:00,PLS,0.043205574912891995
2024-05-14 00:00:00+00:00,PLS,-0.24459930313588854
2024-05-15 00:00:00+00:00,PLS,0.25069686411149833
2024-05-16 00:00:00+00:00,PLS,-0.13205574912891987
2024-05-17 00:00:00+00:00,PLS,-0.1466898954703833
2024-05-18 00:00:00+00:00,PLS,0.46445993031358895
2024-05-19 00:00:00+00:00,PLS,-0.10923344947735193
2024-05-20 00:00:00+00:00,PLS,-0.40912405801798885
2024-05-21 00:00:00+00:00,PLS,0.03087270075358561
2024-05-22 00:00:00+00:00,PLS,0.07479134592010372
2024-05-23 00:00:00+00:00,PLS,0.2227534235475245
2024-05-24 00:00:00+00:00,PLS,-0.2722742373905165
2024-05-25 00:00:00+00:00,PLS,-0.057988523104802174
2024-05-26 00:00:00+00:00,PLS,-0.4157354273633344
2024-05-27 00:00:00+00:00,PLS,-0.06478405315614617
2024-05-28 00:00:00+00:00,PLS,0.16246657483186128
2024-05-29 00:00:00+00:00,PLS,0.1796450854873997
2024-05-30 00:00:00+00:00,PLS,-0.1459363098614375
2024-05-31 00:00:00+00:00,PLS,0.31934203062960864
2024-06-01 00:00:00+00:00,PLS,0.20573697431326474
2024-06-02 00:00:00+00:00,PLS,0.057774896685843936
2024-06-03 00:00:00+00:00,PLS,-0.18661372660238232
2024-06-04 00:00:00+00:00,PLS,-0.11692731545255651
2024-06-05 00:00:00+00:00,PLS,0.22863183328299608
2024-06-06 00:00:00+00:00,PLS,0.4063726970703715
2024-06-07 00:00:00+00:00,PLS,0.4199637571730595
2024-06-08 00:00:00+00:00,PLS,-0.07369374811235277
2024-06-09 00:00:00+00:00,PLS,0.35276351555421326
2024-06-10 00:00:00+00:00,PLS,0.4475989127151918
2024-06-11 00:00:00+00:00,PLS,-0.2938689217758985
2024-06-12 00:00:00+00:00,PLS,0.5471156750226518
2024-06-13 00:00:00+00:00,PLS,0.3421926910299003
2024-06-14 00:00:00+00:00,PLS,0.02100070472163495
2024-06-15 00:00:00+00:00,PLS,-0.3542736333434008
2024-06-16 00:00:00+00:00,PLS,0.7123326286116983
2024-06-17 00:00:00+00:00,PLS,0.30260747004933053
2024-06-18 00:00:00+00:00,PLS,0.10909090909090909
2024-06-19 00:00:00+00:00,PLS,-0.05947850599013389
2024-06-20 00:00:00+00:00,PLS,0.09175475687103594
2024-06-21 00:00:00+00:00,PLS,0.1643410852713178
2024-06-22 00:00:00+00:00,PLS,0.4790697674418604
2024-06-23 00:00:00+00:00,PLS,-0.5544749823819591
2024-06-24 00:00:00+00:00,PLS,0.016913319238900635
2024-06-25 00:00:00+00:00,PLS,0.20310077519379843
2024-06-26 00:00:00+00:00,PLS,0.18748353096179182
2024-06-27 00:00:00+00:00,PLS,0.5026350461133069
2024-06-28 00:00:00+00:00,PLS,-0.049892075238976256
2024-06-29 00:00:00+00:00,PLS,-0.16805427073697193
2024-06-30 00:00:00+00:00,PLS,0.3012642614862781
2024-07-01 00:00:00+00:00,PLS,0.3176456984273821
2024-07-02 00:00:00+00:00,PLS,0.39025184541901864
2024-07-03 00:00:00+00:00,PLS,0.12049028677150787
2024-07-04 00:00:00+00:00,PLS,0.1748381128584644
2024-07-05 00:00:00+00:00,PLS,-0.49606845513413506
2024-07-06 00:00:00+00:00,PLS,0.32932469935245146
2024-07-07 00:00:00+00:00,PLS,-0.09343200740055506
2024-07-08 00:00:00+00:00,PLS,-0.35707678075855687
2024-07-09 00:00:00+00:00,PLS,-0.003122109158186864
2024-07-10 00:00:00+00:00,PLS,0.4464828484585323
2024-07-11 00:00:00+00:00,PLS,0.17772895467160038
2024-07-12 00:00:00+00:00,PLS,0.42518501387604074
2024-07-13 00:00:00+00:00,PLS,-0.3709528214616096
2024-07-14 00:00:00+00:00,PLS,-0.7308048103607772
2024-07-15 00:00:00+00:00,PLS,-0.15067067530064754
2024-07-16 00:00:00+00:00,PLS,0.19172062904717854
2024-07-17 00:00:00+00:00,PLS,0.10329941412272586
2024-07-18 00:00:00+00:00,PLS,-0.0005550416281221092
2024-07-19 00:00:00+00:00,PLS,0.12303422756706751
2024-07-20 00:00:00+00:00,PLS,0.05849189570119802
2024-07-21 00:00:00+00:00,PLS,0.25539112050739954
2024-07-22 00:00:00+00:00,PLS,0.10415785764622974
2024-07-23 00:00:00+00:00,PLS,0.324876673713883
2024-07-24 00:00:00+00:00,PLS,0.45313601127554615
2024-07-25 00:00:00+00:00,PLS,-0.4272022551092319
2024-07-26 00:00:00+00:00,PLS,0.12219873150105706
2024-07-27 00:00:00+00:00,PLS,0.3771670190274841
2024-07-28 00:00:00+00:00,PLS,0.19083861874559546
2024-07-29 00:00:00+00:00,PLS,0.3622269203664552
2024-07-30 00:00:00+00:00,PLS,0.3348837209302325
2024-07-31 00:00:00+00:00,PLS,0.04312896405919661
2024-08-01 00:00:00+00:00,PLS,0.42898550724637674
2024-08-02 00:00:00+00:00,PLS,0.5868247694334651
2024-08-03 00:00:00+00:00,PLS,-0.006192358366271408
2024-08-04 00:00:00+00:00,PLS,0.3949934123847167
2024-08-05 00:00:00+00:00,PLS,-0.4367588932806324
2024-08-06 00:00:00+00:00,PLS,0.250197628458498
2024-08-07 00:00:00+00:00,PLS,-0.35467160037002776
2024-08-08 00:00:00+00:00,PLS,0.1072463768115942
2024-08-09 00:00:00+00:00,PLS,-0.15596669750231265
2024-08-10 00:00:00+00:00,PLS,0.2752389762565525
2024-08-11 00:00:00+00:00,PLS,-0.24526672833795868
2024-08-12 00:00:00+00:00,PLS,0.06222633364168979
2024-08-13 00:00:00+00:00,PLS,0.13746530989824238
2024-08-14 00:00:00+00:00,PLS,0.3611239592969473
2024-08-15 00:00:00+00:00,PLS,0.4158186864014802
2024-08-16 00:00:00+00:00,PLS,-0.021739130434782608
2024-08-17 00:00:00+00:00,PLS,0.06024514338575394
2024-08-18 00:00:00+00:00,PLS,0.06591119333950046
2024-08-19 00:00:00+00:00,PLS,0.041874807277212454
2024-08-20 00:00:00+00:00,PLS,0.10675300647548566
2024-08-21 00:00:00+00:00,PLS,-0.185445575084798
2024-08-22 00:00:00+00:00,PLS,-0.421399938328708
2024-08-23 00:00:00+00:00,PLS,-0.4500154178230034
2024-08-24 00:00:00+00:00,PLS,0.2810360777058279
2024-08-25 00:00:00+00:00,PLS,0.23214756258234515
2024-08-26 00:00:00+00:00,PLS,0.007905138339920948
2024-08-27 00:00:00+00:00,PLS,0.10237154150197628
2024-08-28 00:00:00+00:00,PLS,0.355781683626272
2024-08-29 00:00:00+00:00,PLS,-0.10268270120259018
2024-08-30 00:00:00+00:00,PLS,0.3570151094665433
2024-08-31 00:00:00+00:00,PLS,0.4830039525691699
2024-09-01 00:00:00+00:00,PLS,-0.3940711462450593
2024-09-02 00:00:00+00:00,PLS,0.3686429512516469
2024-09-03 00:00:00+00:00,PLS,-0.14893617021276595
2024-09-04 00:00:00+00:00,PLS,0.18741905642923218
2024-09-05 00:00:00+00:00,PLS,-0.0385445575084798
2024-09-06 00:00:00+00:00,PLS,-0.1679309281529448
2024-09-07 00:00:00+00:00,PLS,-0.241936478569226
2024-09-08 00:00:00+00:00,PLS,-0.27795251310514957
2024-09-09 00:00:00+00:00,PLS,0.07527752081406106
2024-09-10 00:00:00+00:00,PLS,0.2658418131359852
2024-09-11 00:00:00+00:00,PLS,-0.14280758556891765
2024-09-12 00:00:00+00:00,PLS,-0.004047178538390379
2024-09-13 00:00:00+00:00,PLS,-0.1481267345050879
2024-09-14 00:00:00+00:00,PLS,0.04891304347826087
2024-09-15 00:00:00+00:00,PLS,0.24167437557816834
2024-09-16 00:00:00+00:00,PLS,-0.4114246068455134
2024-09-17 00:00:00+00:00,PLS,-0.4781806339557099
2024-09-18 00:00:00+00:00,PLS,-0.16040816326530613
2024-09-19 00:00:00+00:00,PLS,-0.18642857142857142
2024-09-20 00:00:00+00:00,PLS,-0.026734693877551015
2024-09-21 00:00:00+00:00,PLS,0.2602040816326531
2024-09-22 00:00:00+00:00,PLS,-0.12357142857142855
2024-09-23 00:00:00+00:00,PLS,-0.09255102040816325
2024-09-24 00:00:00+00:00,PLS,0.046020408163265296
2024-09-25 00:00:00+00:00,PLS,-0.08890577507598785
2024-09-26 00:00:00+00:00,PLS,0.0737082066869301
2024-09-27 00:00:00+00:00,PLS,0.25629613547546676
2024-09-28 00:00:00+00:00,PLS,-0.2372991749891446
2024-09-29 00:00:00+00:00,PLS,-0.07316543638732088
2024-09-30 00:00:00+00:00,PLS,0.14513677811550152
2024-10-01 00:00:00+00:00,PLS,0.06382978723404255
2024-10-02 00:00:00+00:00,PLS,0.4101172383847156
2024-10-03 00:00:00+00:00,PLS,-0.4870820668693009
2024-10-04 00:00:00+00:00,PLS,0.24066435084672166
2024-10-05 00:00:00+00:00,PLS,-0.5028224055579679
2024-10-06 00:00:00+00:00,PLS,0.00510204081632653
2024-10-07 00:00:00+00:00,PLS,0.256838905775076
2024-10-08 00:00:00+00:00,PLS,0.2891880156317846
2024-10-09 00:00:00+00:00,PLS,0.15577507598784196
2024-10-10 00:00:00+00:00,PLS,-0.1818280503690838
2024-10-11 00:00:00+00:00,PLS,-0.0996526270082501
2024-10-12 00:00:00+00:00,PLS,-0.13699522362136343
2024-10-13 00:00:00+00:00,PLS,-0.1792227529309596
2024-10-14 00:00:00+00:00,PLS,0.22416413373860183
2024-10-15 00:00:00+00:00,PLS,0.25130264871906205
2024-10-16 00:00:00+00:00,PLS,0.07332716620413197
2024-10-17 00:00:00+00:00,PLS,0.029047178538390374
2024-10-18 00:00:00+00:00,PLS,0.05790934320074005
2024-10-19 00:00:00+00:00,PLS,0.312981806968856
2024-10-20 00:00:00+00:00,PLS,0.46785243741765475
2024-10-21 00:00:00+00:00,PLS,0.14650856389986824
2024-10-22 00:00:00+00:00,PLS,0.18926842132867258
2024-10-23 00:00:00+00:00,PLS,0.15942028985507245
2024-10-24 00:00:00+00:00,PLS,0.4521122417514647
2024-10-25 00:00:00+00:00,PLS,0.1627505396238051
2024-10-26 00:00:00+00:00,PLS,0.19920948616600792
2024-10-27 00:00:00+00:00,PLS,0.3541501976284585
2024-10-28 00:00:00+00:00,PLS,-0.24334650856389983
2024-10-29 00:00:00+00:00,PLS,0.27602108036890644
2024-10-30 00:00:00+00:00,PLS,0.22911725955204212
2024-10-31 00:00:00+00:00,PLS,0.34799154334038057
2024-11-01 00:00:00+00:00,PLS,0.3141649048625793
2024-11-02 00:00:00+00:00,PLS,0.3147562582345191
2024-11-03 00:00:00+00:00,PLS,0.026218708827404475
2024-11-04 00:00:00+00:00,PLS,-0.42951251646903815
2024-11-05 00:00:00+00:00,PLS,-0.19370952821461607
2024-11-06 00:00:00+00:00,PLS,0.19198273203823618
2024-11-07 00:00:00+00:00,PLS,0.510699969164354
2024-11-08 00:00:00+00:00,PLS,-0.34098057354301575
2024-11-09 00:00:00+00:00,PLS,-0.0654332408263953
2024-11-10 00:00:00+00:00,PLS,0.027484143763213533
2024-11-11 00:00:00+00:00,PLS,-0.15616631430584918
2024-11-12 00:00:00+00:00,PLS,0.03135704874835309
2024-11-13 00:00:00+00:00,PLS,0.35111989459815546
2024-11-14 00:00:00+00:00,PLS,-0.152832674571805
2024-11-15 00:00:00+00:00,PLS,0.22903453136011273
2024-11-16 00:00:00+00:00,PLS,0.32473572938689216
2024-11-17 00:00:00+00:00,PLS,0.3412262156448203
2024-11-18 00:00:00+00:00,PLS,0.35599472990777337
2024-11-19 00:00:00+00:00,PLS,0.2330698287220026
2024-11-20 00:00:00+00:00,PLS,0.059025032938076406
2024-11-21 00:00:00+00:00,PLS,0.2700922266139657
2024-11-22 00:00:00+00:00,PLS,-0.12608695652173912
2024-11-23 00:00:00+00:00,PLS,-0.10276679841897231
2024-11-24 00:00:00+00:00,PLS,0.15621338267036694
2024-11-25 00:00:00+00:00,PLS,0.3253160653715695
2024-11-26 00:00:00+00:00,PLS,0.49195189639222947
2024-11-27 00:00:00+00:00,PLS,0.01917977181621955
2024-11-28 00:00:00+00:00,PLS,-0.11944958371877891
2024-11-29 00:00:00+00:00,PLS,0.22340425531914893
2024-11-30 00:00:00+00:00,PLS,-0.08545328399629973
2024-12-01 00:00:00+00:00,PLS,0.2228614850195397
2024-12-02 00:00:00+00:00,PLS,0.2159140251845419
2024-12-03 00:00:00+00:00,PLS,0.2986322188449848
2024-12-04 00:00:00+00:00,PLS,0.3603994789405124
2024-12-05 00:00:00+00:00,PLS,0.26910551454624404
2024-12-06 00:00:00+00:00,PLS,0.0747937472861485
2024-12-07 00:00:00+00:00,PLS,0.31263569257490226
2024-12-08 00:00:00+00:00,PLS,0.03875379939209726
2024-12-09 00:00:00+00:00,PLS,-0.1845419018671298
2024-12-10 00:00:00+00:00,PLS,-0.052540165002171076
2024-12-11 00:00:00+00:00,PLS,0.20024668516805424
2024-12-12 00:00:00+00:00,PLS,0.03584643848288622
2024-12-13 00:00:00+00:00,PLS,0.20594357076780762
2024-12-14 00:00:00+00:00,PLS,0.3608926919518964
2024-12-15 00:00:00+00:00,PLS,0.3617021276595745
2024-12-16 00:00:00+00:00,PLS,-0.07870169344333477
2024-12-17 00:00:00+00:00,PLS,0.1136561007381676
2024-12-18 00:00:00+00:00,PLS,-0.06545809813287017
2024-12-19 00:00:00+00:00,PLS,-0.11311333043855841
2024-12-20 00:00:00+00:00,PLS,0.34551341350601295
2024-12-21 00:00:00+00:00,PLS,-0.3485198889916744
2024-12-22 00:00:00+00:00,PLS,-0.05619796484736356
2024-12-23 00:00:00+00:00,PLS,0.019888991674375578
2024-12-24 00:00:00+00:00,PLS,0.3817067530064755
2024-12-25 00:00:00+00:00,PLS,0.1895235892691952
2024-12-26 00:00:00+00:00,PLS,-0.0349213691026827
2024-12-27 00:00:00+00:00,PLS,-0.09022510021584952
2024-12-28 00:00:00+00:00,PLS,0.4493987049028677
2024-12-29 00:00:00+00:00,PLS,0.0006783842121492445
2024-12-30 00:00:00+00:00,PLS,-0.016589577551649706
2024-12-31 00:00:00+00:00,PLS,-0.05955134135060129
2025-01-01 00:00:00+00:00,PLS,-0.10222016651248844
2025-01-02 00:00:00+00:00,PLS,-0.16975023126734506
2025-01-03 00:00:00+00:00,PLS,0.08903792784458836
2025-01-04 00:00:00+00:00,PLS,0.24734042553191493
2025-01-05 00:00:00+00:00,PLS,0.09861239592969472
2025-01-06 00:00:00+00:00,PLS,0.39056429232192413
2025-01-07 00:00:00+00:00,PLS,0.01671292013567684
2025-01-08 00:00:00+00:00,PLS,0.24400527009222658
2025-01-09 00:00:00+00:00,PLS,-0.2799154334038055
2025-01-10 00:00:00+00:00,PLS,0.04679351656095841
2025-01-11 00:00:00+00:00,PLS,0.3477096546863989
2025-01-12 00:00:00+00:00,PLS,0.3795783926218709
2025-01-13 00:00:00+00:00,PLS,0.059025032938076406
2025-01-14 00:00:00+00:00,PLS,-0.133596837944664
2025-01-15 00:00:00+00:00,PLS,0.14883720930232558
2025-01-16 00:00:00+00:00,PLS,0.21578576462297389
2025-01-17 00:00:00+00:00,PLS,0.3911205073995771
2025-01-18 00:00:00+00:00,PLS,0.1866102889358703
2025-01-19 00:00:00+00:00,PLS,0.29696969696969694
2025-01-20 00:00:00+00:00,PLS,-0.10782241014799154
2025-01-21 00:00:00+00:00,PLS,-0.08761528326745717
2025-01-22 00:00:00+00:00,PLS,0.04492753623188405
2025-01-23 00:00:00+00:00,PLS,0.40790513833992087
2025-01-24 00:00:00+00:00,PLS,0.023188405797101446
2025-01-25 00:00:00+00:00,PLS,0.43162055335968375
2025-01-26 00:00:00+00:00,PLS,0.10909090909090909
2025-01-27 00:00:00+00:00,PLS,0.2442687747035573
2025-01-28 00:00:00+00:00,PLS,-0.21357048748353094
2025-01-29 00:00:00+00:00,PLS,-0.0023715415019762843
2025-01-30 00:00:00+00:00,PLS,0.03491436100131751
2025-01-31 00:00:00+00:00,PLS,0.7363636363636363
2025-02-01 00:00:00+00:00,PLS,0.06758893280632411
2025-02-02 00:00:00+00:00,PLS,-0.20704721634954193
2025-02-03 00:00:00+00:00,PLS,0.3753347427766032
2025-02-04 00:00:00+00:00,PLS,0.15461592670894997
2025-02-05 00:00:00+00:00,PLS,0.513965744400527
2025-02-06 00:00:00+00:00,PLS,0.419631093544137
2025-02-07 00:00:00+00:00,PLS,-0.41436100131752307
2025-02-08 00:00:00+00:00,PLS,0.18482886216466235
2025-02-09 00:00:00+00:00,PLS,-0.08973172987974098
2025-02-10 00:00:00+00:00,PLS,0.17287234042553193
2025-02-11 00:00:00+00:00,PLS,0.1332099907493062
2025-02-12 00:00:00+00:00,PLS,0.29902867715078635
2025-02-13 00:00:00+00:00,PLS,-0.2326549491211841
2025-02-14 00:00:00+00:00,PLS,0.4645004625346901
2025-02-15 00:00:00+00:00,PLS,0.12118408880666051
2025-02-16 00:00:00+00:00,PLS,0.15942028985507245
2025-02-17 00:00:00+00:00,PLS,0.18559204440333027
2025-02-18 00:00:00+00:00,PLS,0.22799876657415974
2025-02-19 00:00:00+00:00,PLS,-0.32778291705211227
2025-02-20 00:00:00+00:00,PLS,-0.04557508479802652
2025-02-21 00:00:00+00:00,PLS,-0.4243601603453592
2025-02-22 00:00:00+00:00,PLS,0.37812911725955206
2025-02-23 00:00:00+00:00,PLS,0.31631205673758866
2025-02-24 00:00:00+00:00,PLS,-0.2488436632747456
2025-02-25 00:00:00+00:00,PLS,-0.3604687018193031
2025-02-26 00:00:00+00:00,PLS,0.49441874807277214
2025-02-27 00:00:00+00:00,PLS,-0.36626580326857844
2025-02-28 00:00:00+00:00,PLS,0.3570151094665433
2025-03-01 00:00:00+00:00,PLS,0.0016651248843663274
2025-03-02 00:00:00+00:00,PLS,0.5040394696268887
2025-03-03 00:00:00+00:00,PLS,0.09454209065679926
2025-03-04 00:00:00+00:00,PLS,0.3371569534381745
2025-03-05 00:00:00+00:00,PLS,0.39821153253160657
2025-03-06 00:00:00+00:00,PLS,0.08048103607770582
2025-03-07 00:00:00+00:00,PLS,0.14079990138983303
2025-03-08 00:00:00+00:00,PLS,0.17127799736495386
2025-03-09 00:00:00+00:00,PLS,-0.11515151515151513
2025-03-10 00:00:00+00:00,PLS,-0.018840579710144925
2025-03-11 00:00:00+00:00,PLS,-0.42565186751233264
2025-03-12 00:00:00+00:00,PLS,0.2879492600422833
2025-03-13 00:00:00+00:00,PLS,-0.15659921473874963
2025-03-14 00:00:00+00:00,PLS,0.079734219269103
2025-03-15 00:00:00+00:00,PLS,0.4770462096043491
2025-03-16 00:00:00+00:00,PLS,-0.09936950209067907
2025-03-17 00:00:00+00:00,PLS,0.28231148696264974
2025-03-18 00:00:00+00:00,PLS,0.2081747709654686
2025-03-19 00:00:00+00:00,PLS,0.0902043692741367
2025-03-20 00:00:00+00:00,PLS,-0.018604651162790697
2025-03-21 00:00:00+00:00,PLS,0.12783650458069062
2025-03-22 00:00:00+00:00,PLS,0.009211718514044096
2025-03-23 00:00:00+00:00,PLS,-0.06236786469344609
2025-03-24 00:00:00+00:00,PLS,-0.11507097553609182
2025-03-25 00:00:00+00:00,PLS,0.09106010268800967
2025-03-26 00:00:00+00:00,PLS,0.07037148897614015
2025-03-27 00:00:00+00:00,PLS,0.4040873854827343
2025-03-28 00:00:00+00:00,PLS,0.07339172455451526
2025-03-29 00:00:00+00:00,PLS,-0.08775625962239689
2025-03-30 00:00:00+00:00,PLS,0.4099343651243822
2025-03-31 00:00:00+00:00,PLS,0.17154938085170643
2025-04-01 00:00:00+00:00,PLS,0.6419510721836303
2025-04-02 00:00:00+00:00,PLS,-0.08215040773180309
2025-04-03 00:00:00+00:00,PLS,0.05662941709453338
2025-04-04 00:00:00+00:00,PLS,0.1407429779522803
2025-04-05 00:00:00+00:00,PLS,0.1917849592268197
2025-04-06 00:00:00+00:00,PLS,-0.2553609181516158
2025-04-07 00:00:00+00:00,PLS,0.327544548474781
2025-04-08 00:00:00+00:00,PLS,-0.07762005436424041
2025-04-09 00:00:00+00:00,PLS,0.2754454847478103
2025-04-10 00:00:00+00:00,PLS,-0.08532165508909693
2025-04-11 00:00:00+00:00,PLS,-0.07535487768045906
2025-04-12 00:00:00+00:00,PLS,0.5813953488372092
2025-04-13 00:00:00+00:00,PLS,-0.10299003322259137
2025-04-14 00:00:00+00:00,PLS,0.08426457263666566
2025-04-15 00:00:00+00:00,PLS,0.2947749924494111
2025-04-16 00:00:00+00:00,PLS,-0.08458498023715415
2025-04-17 00:00:00+00:00,PLS,-0.11304347826086955
2025-04-18 00:00:00+00:00,PLS,-0.05428194993412384
2025-04-19 00:00:00+00:00,PLS,0.05746993524514339
2025-04-20 00:00:00+00:00,PLS,0.21757104458225865
2025-04-21 00:00:00+00:00,PLS,-0.04928354320451585
2025-04-22 00:00:00+00:00,PLS,-0.24782891880156319
2025-04-23 00:00:00+00:00,PLS,0.20617483811285847
2025-04-24 00:00:00+00:00,PLS,-0.4285538082022818
2025-04-25 00:00:00+00:00,PLS,-0.162627197039778
2025-04-26 00:00:00+00:00,PLS,0.5890063424947146
2025-04-27 00:00:00+00:00,PLS,-0.178168362627197
2025-04-28 00:00:00+00:00,PLS,0.6139377119950663
2025-04-29 00:00:00+00:00,PLS,-0.4129278445883441
2025-04-30 00:00:00+00:00,PLS,0.48442799876657416
2025-05-01 00:00:00+00:00,PLS,0.09651557200123342
2025-05-02 00:00:00+00:00,PLS,0.6769657724329324
2025-05-03 00:00:00+00:00,PLS,-0.05260561208757323
2025-05-04 00:00:00+00:00,PLS,0.10995991366019119
2025-05-05 00:00:00+00:00,PLS,0.1448658649398705
2025-05-06 00:00:00+00:00,PLS,-0.0011717545482577859
2025-05-07 00:00:00+00:00,PLS,-0.19588344125809434
2025-05-08 00:00:00+00:00,PLS,-0.4645004625346901
2025-05-09 00:00:00+00:00,PLS,0.08869102682701203
2025-05-10 00:00:00+00:00,PLS,0.055689176688251615
2025-05-11 00:00:00+00:00,PLS,0.08597603946441155
2025-05-12 00:00:00+00:00,PLS,0.03484427998766574
2025-05-13 00:00:00+00:00,PLS,0.24378661732963305
2025-05-14 00:00:00+00:00,PLS,0.37628458498023715
2025-05-15 00:00:00+00:00,PLS,0.20263504611330693
2025-05-16 00:00:00+00:00,PLS,0.4444005270092226
2025-05-17 00:00:00+00:00,PLS,-0.3168054270736972
2025-05-18 00:00:00+00:00,PLS,0.42423681776133204
2025-05-19 00:00:00+00:00,PLS,0.3185322232500771
2025-05-20 00:00:00+00:00,PLS,-0.21652790625963614
2025-05-21 00:00:00+00:00,PLS,-0.2688482886216466
2025-05-22 00:00:00+00:00,PLS,0.4553654024051804
2025-05-23 00:00:00+00:00,PLS,-0.3837881591119334
2025-05-24 00:00:00+00:00,PLS,0.13425840271353684
2025-05-25 00:00:00+00:00,PLS,0.14992291088498305
2025-05-26 00:00:00+00:00,PLS,-0.2939870490286771
2025-05-27 00:00:00+00:00,PLS,0.15423990132593277
2025-05-28 00:00:00+00:00,PLS,0.3465085638998682
2025-05-29 00:00:00+00:00,PLS,0.5834720937403638
2025-05-30 00:00:00+00:00,PLS,-0.21119894598155464
2025-05-31 00:00:00+00:00,PLS,-0.46416337285902504
2025-06-01 00:00:00+00:00,PLS,-0.030961791831357045
2025-06-02 00:00:00+00:00,PLS,-0.2670619235836627
2025-06-03 00:00:00+00:00,PLS,0.4164690382081686
2025-06-04 00:00:00+00:00,PLS,0.5061923583662714
2025-06-05 00:00:00+00:00,PLS,0.2700922266139657
2025-06-06 00:00:00+00:00,PLS,-0.2740447957839262
2025-06-07 00:00:00+00:00,PLS,0.09710144927536231
2025-06-08 00:00:00+00:00,PLS,-0.3971014492753623
2025-06-09 00:00:00+00:00,PLS,0.01673254281949934
2025-06-10 00:00:00+00:00,PLS,0.49499341238471667
2025-06-11 00:00:00+00:00,PLS,0.178168362627197
2025-06-12 00:00:00+00:00,PLS,0.0016651248843663274
2025-06-13 00:00:00+00:00,PLS,0.25550416281221094
2025-06-14 00:00:00+00:00,PLS,0.035309617918313566
2025-06-15 00:00:00+00:00,PLS,0.3974714770274437
2025-06-16 00:00:00+00:00,PLS,0.3938076416337286
2025-06-17 00:00:00+00:00,PLS,-0.3016342892383595
2025-06-18 00:00:00+00:00,PLS,0.21640456367560898
2025-06-19 00:00:00+00:00,PLS,0.43570767807585564
2025-06-20 00:00:00+00:00,PLS,0.37403638606228795
2025-06-21 00:00:00+00:00,PLS,0.07365864939870491
2025-06-22 00:00:00+00:00,PLS,-0.5461378353376503
2025-06-23 00:00:00+00:00,PLS,-0.16315911193339502
2025-06-24 00:00:00+00:00,PLS,0.6352913968547642
2025-06-25 00:00:00+00:00,PLS,0.27548566142460684
2025-06-26 00:00:00+00:00,PLS,-0.0734505087881591
2025-06-27 00:00:00+00:00,PLS,-0.2765480895915678
2025-06-28 00:00:00+00:00,PLS,-0.3223558433549183
2025-06-29 00:00:00+00:00,PLS,0.633441258094357
2025-06-30 00:00:00+00:00,PLS,0.17414431082331178
2025-07-01 00:00:00+00:00,PLS,0.004509713228492137
2025-07-02 00:00:00+00:00,PLS,0.037993920972644375
2025-07-03 00:00:00+00:00,PLS,0.28462874511506725
2025-07-04 00:00:00+00:00,PLS,0.10508033000434215
2025-07-05 00:00:00+00:00,PLS,0.03994789405123751
2025-07-06 00:00:00+00:00,PLS,0.4703977798334876
2025-07-07 00:00:00+00:00,PLS,0.2609851988899167
2025-07-08 00:00:00+00:00,PLS,-0.18351063829787234
2025-07-09 00:00:00+00:00,PLS,-0.5767807585568918
2025-07-10 00:00:00+00:00,PLS,0.30036014405762307
2025-07-11 00:00:00+00:00,PLS,0.2463091619626574
2025-07-12 00:00:00+00:00,PLS,-0.007381676074685192
2025-07-13 00:00:00+00:00,PLS,0.31828050369083805
2025-07-14 00:00:00+00:00,PLS,-0.08836300477637862
2025-07-15 00:00:00+00:00,PLS,-0.08977420755536257
2025-07-16 00:00:00+00:00,PLS,0.30590534085974813
2025-07-17 00:00:00+00:00,PLS,0.18177613320999075
2025-07-18 00:00:00+00:00,PLS,0.1877551020408163
2025-07-19 00:00:00+00:00,PLS,-0.04224489795918367
2025-07-20 00:00:00+00:00,PLS,-0.20836734693877548
2025-07-21 00:00:00+00:00,PLS,0.002929171668667467
2025-07-22 00:00:00+00:00,PLS,-0.08705882352941177
2025-07-23 00:00:00+00:00,PLS,0.1793877551020408
2025-07-24 00:00:00+00:00,PLS,-0.45538428137212333
2025-07-25 00:00:00+00:00,PLS,0.07207989578810248
2025-07-26 00:00:00+00:00,PLS,0.048334875115633676
2025-07-27 00:00:00+00:00,PLS,0.35164199814986125
2025-07-28 00:00:00+00:00,PLS,0.2546253469010176
2025-07-29 00:00:00+00:00,PLS,-0.008094357076780759
2025-07-30 00:00:00+00:00,PLS,0.5254394079555967
2025-07-31 00:00:00+00:00,PLS,-0.20316836262719704
2025-08-01 00:00:00+00:00,PLS,0.23022664199814988
2025-08-02 00:00:00+00:00,PLS,-0.14754856614246067
2025-08-03 00:00:00+00:00,PLS,0.2540471785383904
2025-08-04 00:00:00+00:00,PLS,0.7210915818686401
2025-08-05 00:00:00+00:00,PLS,-0.09227567067530064
2025-08-06 00:00:00+00:00,PLS,-0.054116558741905636
2025-08-07 00:00:00+00:00,PLS,0.10605731654363873
2025-08-08 00:00:00+00:00,PLS,-0.2986322188449848
2025-08-09 00:00:00+00:00,PLS,-0.1508901432913591
2025-08-10 00:00:00+00:00,PLS,0.2066869300911854
2025-08-11 00:00:00+00:00,PLS,0.34943551888840635
2025-08-12 00:00:00+00:00,PLS,-0.04005644811115936
2025-08-13 00:00:00+00:00,PLS,0.5995440729483282
2025-08-14 00:00:00+00:00,PLS,-0.24435518888406427
2025-08-15 00:00:00+00:00,PLS,-0.16825879287885367
2025-08-16 00:00:00+00:00,PLS,0.02197039777983349
2025-08-17 00:00:00+00:00,PLS,0.4047486894850447
2025-08-18 00:00:00+00:00,PLS,0.298427382053654
2025-08-19 00:00:00+00:00,PLS,-0.22294172062904719
2025-08-20 00:00:00+00:00,PLS,0.3565217391304347
2025-08-21 00:00:00+00:00,PLS,-0.3602220166512488
2025-08-22 00:00:00+00:00,PLS,0.10314523589269195
2025-08-23 00:00:00+00:00,PLS,0.3918801563178463
2025-08-24 00:00:00+00:00,PLS,0.2789839339991315
2025-08-25 00:00:00+00:00,PLS,-0.25922709509335645
2025-08-26 00:00:00+00:00,PLS,0.2359965262700825
2025-08-27 00:00:00+00:00,PLS,-0.2596613113330439
2025-08-28 00:00:00+00:00,PLS,0.5825624421831638
2025-08-29 00:00:00+00:00,PLS,-0.2135753931544866
2025-08-30 00:00:00+00:00,PLS,0.6305504162812211
2025-08-31 00:00:00+00:00,PLS,0.6517585757707339
2025-09-01 00:00:00+00:00,PLS,0.061224489795918366
2025-09-02 00:00:00+00:00,PLS,0.2066869300911854
2025-09-03 00:00:00+00:00,PLS,0.49652627008250105
2025-09-04 00:00:00+00:00,PLS,-0.35071692876965777
2025-09-05 00:00:00+00:00,PLS,0.08580018501387604
2025-09-06 00:00:00+00:00,PLS,-0.07412118408880666
2025-09-07 00:00:00+00:00,PLS,-0.19368640148011101
2025-09-08 00:00:00+00:00,PLS,0.24734042553191493
2025-09-09 00:00:00+00:00,PLS,-0.13818223866790008
2025-09-10 00:00:00+00:00,PLS,-0.19576780758556891
2025-09-11 00:00:00+00:00,PLS,0.29162812210915817
2025-09-12 00:00:00+00:00,PLS,0.06296135475466783
2025-09-13 00:00:00+00:00,PLS,0.4993486756404689
2025-09-14 00:00:00+00:00,PLS,0.11105080330004342
2025-09-15 00:00:00+00:00,PLS,-0.029743812418584453
2025-09-16 00:00:00+00:00,PLS,-0.32121146330872774
2025-09-17 00:00:00+00:00,PLS,-0.07076780758556893
2025-09-18 00:00:00+00:00,PLS,0.17846287451150672
2025-09-19 00:00:00+00:00,PLS,0.1251020408163265
2025-09-20 00:00:00+00:00,PLS,0.33816326530612234
2025-09-21 00:00:00+00:00,PLS,0.25724489795918365
2025-09-22 00:00:00+00:00,PLS,0.1170408163265306
2025-09-23 00:00:00+00:00,PLS,0.05367346938775509
2025-09-24 00:00:00+00:00,PLS,0.3720408163265306
2025-09-25 00:00:00+00:00,PLS,-0.025408163265306122
2025-09-26 00:00:00+00:00,PLS,0.2460920538428137
2025-09-27 00:00:00+00:00,PLS,-0.22058184976118106
2025-09-28 00:00:00+00:00,PLS,0.36135522664199815
2025-09-29 00:00:00+00:00,PLS,0.237980977810411
2025-09-30 00:00:00+00:00,PLS,0.10661424606845515
2025-10-01 00:00:00+00:00,PLS,0.11612704286154796
2025-10-02 00:00:00+00:00,PLS,0.0828722002635046
2025-10-03 00:00:00+00:00,PLS,0.14572926302806044
2025-10-04 00:00:00+00:00,PLS,0.35676842429848904
2025-10-05 00:00:00+00:00,PLS,-0.02152328091273512
2025-10-06 00:00:00+00:00,PLS,0.18100524205982116
2025-10-07 00:00:00+00:00,PLS,0.00955905026210299
2025-10-08 00:00:00+00:00,PLS,0.4051383399209486
2025-10-09 00:00:00+00:00,PLS,0.41752305665349143
2025-10-10 00:00:00+00:00,PLS,-0.07836504580690626
2025-10-11 00:00:00+00:00,PLS,-0.11990335246149202
2025-10-12 00:00:00+00:00,PLS,-0.4559045605557233
2025-10-13 00:00:00+00:00,PLS,0.21987315010570824
2025-10-14 00:00:00+00:00,PLS,0.38402295379039564
2025-10-15 00:00:00+00:00,PLS,0.3465683494044243
2025-10-16 00:00:00+00:00,PLS,0.10655538449072201
2025-10-17 00:00:00+00:00,PLS,0.08629770683088892
2025-10-18 00:00:00+00:00,PLS,-0.18519163763066207
2025-10-19 00:00:00+00:00,PLS,0.20348432055749135
2025-10-20 00:00:00+00:00,PLS,0.5229965156794426
2025-10-21 00:00:00+00:00,PLS,0.6817073170731709
2025-10-22 00:00:00+00:00,PLS,-0.17148217636022517
2025-10-23 00:00:00+00:00,PLS,-0.1681050656660413
2025-10-24 00:00:00+00:00,PLS,-0.047212543554006975
2025-10-25 00:00:00+00:00,PLS,-0.26735459662288935
2025-10-26 00:00:00+00:00,PLS,0.41088180112570366
2025-10-27 00:00:00+00:00,PLS,0.1459662288930582
2025-10-28 00:00:00+00:00,PLS,-0.28818011257035653
2025-10-29 00:00:00+00:00,PLS,0.5099437148217637
2025-10-30 00:00:00+00:00,PLS,-0.13339587242026268
2025-10-31 00:00:00+00:00,PLS,-0.17335834896810506
2025-11-01 00:00:00+00:00,PLS,0.3906191369606004
2025-11-02 00:00:00+00:00,PLS,0.25853658536585367
2025-11-03 00:00:00+00:00,PLS,-0.1853658536585366
2025-11-04 00:00:00+00:00,PLS,-0.13039399624765483
2025-11-05 00:00:00+00:00,PLS,0.0006072874493927126
2025-11-06 00:00:00+00:00,PLS,-0.26943319838056684
2025-11-07 00:00:00+00:00,PLS,0.45222672064777325
2025-11-08 00:00:00+00:00,PLS,0.042026266416510326
2025-11-09 00:00:00+00:00,PLS,0.46315789473684216
2025-11-10 00:00:00+00:00,PLS,0.501500938086304
2025-11-11 00:00:00+00:00,PLS,-0.3401500938086304
2025-11-12 00:00:00+00:00,PLS,0.3190283400809717
2025-11-13 00:00:00+00:00,PLS,-0.30167414377940693
2025-11-14 00:00:00+00:00,PLS,-0.056570740781267094
2025-11-15 00:00:00+00:00,PLS,0.29379582011160954
2025-11-16 00:00:00+00:00,PLS,0.0402834008097166
2025-11-17 00:00:00+00:00,PLS,0.12449392712550608
2025-11-18 00:00:00+00:00,PLS,-0.07469635627530365
2025-11-19 00:00:00+00:00,PLS,0.3117408906882591
2025-11-20 00:00:00+00:00,PLS,0.3287054409005629
2025-11-21 00:00:00+00:00,PLS,0.32440546027526457
2025-11-22 00:00:00+00:00,PLS,-0.13686087026983226
2025-11-23 00:00:00+00:00,PLS,-0.05113037841341869
2025-11-24 00:00:00+00:00,PLS,-0.3117251438295114
2025-11-25 00:00:00+00:00,PLS,0.15225670529130542
2025-11-26 00:00:00+00:00,PLS,0.4585527915079815
2025-11-27 00:00:00+00:00,PLS,0.13361964184425898
2025-11-28 00:00:00+00:00,PLS,0.26260948353971614
2025-11-29 00:00:00+00:00,PLS,0.39985905567300917
2025-11-30 00:00:00+00:00,PLS,0.11396574440052701
2025-12-01 00:00:00+00:00,PLS,0.42898550724637674
2025-12-02 00:00:00+00:00,PLS,-0.07602108036890644
2025-12-03 00:00:00+00:00,PLS,-0.040169133192389
2025-12-04 00:00:00+00:00,PLS,0.1884425651867512
2025-12-05 00:00:00+00:00,PLS,0.15701198026779423
2025-12-06 00:00:00+00:00,PLS,0.5015101177891875
2025-12-07 00:00:00+00:00,PLS,-0.18238195912614516
2025-12-08 00:00:00+00:00,PLS,-0.3664552501761804
2025-12-09 00:00:00+00:00,PLS,0.640169133192389
2025-12-10 00:00:00+00:00,PLS,0.08972332015810276
2025-12-11 00:00:00+00:00,PLS,0.12938689217758984
2025-12-12 00:00:00+00:00,PLS,0.1952078928823115
2025-12-13 00:00:00+00:00,PLS,0.5632739353669587
2025-12-14 00:00:00+00:00,PLS,0.20084566596194503
2025-12-15 00:00:00+00:00,PLS,0.32014497130776204
2025-12-16 00:00:00+00:00,PLS,0.6265478707339172
2025-12-17 00:00:00+00:00,PLS,0.2700090607067351
2025-12-18 00:00:00+00:00,PLS,-0.3206483439041578
2025-12-19 00:00:00+00:00,PLS,0.15926708949964763
2025-12-20 00:00:00+00:00,PLS,0.4614517265680056
2025-12-21 00:00:00+00:00,PLS,0.40225510923185337
2025-12-22 00:00:00+00:00,PLS,0.12642706131078224
2025-12-23 00:00:00+00:00,PLS,-0.1152832674571805
2025-12-24 00:00:00+00:00,PLS,-0.025963613937711995
2025-12-25 00:00:00+00:00,PLS,-0.09022510021584952
2025-12-26 00:00:00+00:00,PLS,-0.2119642306506321
2025-12-27 00:00:00+00:00,PLS,0.18651711378353378
2025-12-28 00:00:00+00:00,PLS,0.22490749306197966
2025-12-29 00:00:00+00:00,PLS,0.23686495874945726
2025-12-30 00:00:00+00:00,PLS,-0.12071211463308727
2025-12-31 00:00:00+00:00,PLS,0.016419981498612398
2026-01-01 00:00:00+00:00,PLS,-0.22010484119642307
2026-01-02 00:00:00+00:00,PLS,-0.027636447733580018
2026-01-03 00:00:00+00:00,PLS,-0.15113757920223866
2026-01-04 00:00:00+00:00,PLS,0.1435084672166739
2026-01-05 00:00:00+00:00,PLS,-0.17357794181502387
2026-01-06 00:00:00+00:00,PLS,0.7266608771168042
2026-01-07 00:00:00+00:00,PLS,-0.08890577507598785
2026-01-08 00:00:00+00:00,PLS,0.0692574902301346
2026-01-09 00:00:00+00:00,PLS,0.5130264871906209
2026-01-10 00:00:00+00:00,PLS,-0.12505427702996091
2026-01-11 00:00:00+00:00,PLS,0.30026052974381245
2026-01-12 00:00:00+00:00,PLS,-0.10573165436387322
2026-01-13 00:00:00+00:00,PLS,0.0
2026-01-14 00:00:00+00:00,PLS,-0.024641771602257924
2026-01-15 00:00:00+00:00,PLS,-0.25091836734693873
2026-01-16 00:00:00+00:00,PLS,0.6346938775510202
2026-01-17 00:00:00+00:00,PLS,0.08408163265306122
2026-01-18 00:00:00+00:00,PLS,0.09295918367346936
2026-01-19 00:00:00+00:00,PLS,0.10040816326530612
2026-01-20 00:00:00+00:00,PLS,-0.0573469387755102
2026-01-21 00:00:00+00:00,PLS,0.09499999999999999
2026-01-22 00:00:00+00:00,PLS,-0.10061224489795917
2026-01-23 00:00:00+00:00,PLS,0.19164465786314525
2026-01-24 00:00:00+00:00,PLS,0.5290276110444178
2026-01-25 00:00:00+00:00,PLS,-0.0739015606242497
2026-01-26 00:00:00+00:00,PLS,-0.4029291716686674
2026-01-27 00:00:00+00:00,PLS,0.3669147659063625
2026-01-28 00:00:00+00:00,PLS,0.36307322929171665
2026-01-29 00:00:00+00:00,PLS,0.013493397358943579
2026-01-30 00:00:00+00:00,PLS,0.48984393757503
2026-01-31 00:00:00+00:00,PLS,0.23366707490708524
2026-02-01 00:00:00+00:00,PLS,0.15418967587034815
2026-02-02 00:00:00+00:00,PLS,-0.031068427370948382
2026-02-03 00:00:00+00:00,PLS,-0.21296518607442977
2026-02-04 00:00:00+00:00,PLS,0.4979111644657863
2026-02-05 00:00:00+00:00,PLS,0.06061379118786588
2026-02-06 00:00:00+00:00,PLS,0.3200740055504163
2026-02-07 00:00:00+00:00,PLS,0.2841119333950046
2026-02-08 00:00:00+00:00,PLS,0.13460148599189428
2026-02-09 00:00:00+00:00,PLS,0.2901248843663275
2026-02-10 00:00:00+00:00,PLS,0.024398704902867715
2026-02-11 00:00:00+00:00,PLS,-0.1349444958371878
2026-02-12 00:00:00+00:00,PLS,0.16940333024976872
2026-02-13 00:00:00+00:00,PLS,-0.17853839037927843
2026-02-14 00:00:00+00:00,PLS,0.725691699604743
2026-02-15 00:00:00+00:00,PLS,0.05243741765480895
2026-02-16 00:00:00+00:00,PLS,0.1716130308253366
2026-02-17 00:00:00+00:00,PLS,0.32476943346508563
2026-02-18 00:00:00+00:00,PLS,0.09881422924901186
2026-02-19 00:00:00+00:00,PLS,-0.1276679841897233
2026-02-20 00:00:00+00:00,PLS,0.17459142769041008
2026-02-21 00:00:00+00:00,PLS,0.3454545454545454
2026-02-22 00:00:00+00:00,PLS,-0.07997364953886693
2026-02-23 00:00:00+00:00,PLS,-0.3575757575757576
2026-02-24 00:00:00+00:00,PLS,0.19301712779973648
2026-02-25 00:00:00+00:00,PLS,0.5185770750988142
2026-02-26 00:00:00+00:00,PLS,0.019235836627140974
2026-02-27 00:00:00+00:00,PLS,-0.11156336725254394
2026-02-28 00:00:00+00:00,PLS,0.19451725316843335
2026-03-01 00:00:00+00:00,PLS,-0.17992599444958368
2026-03-02 00:00:00+00:00,PLS,-0.11944958371877891
2026-03-03 00:00:00+00:00,PLS,0.40413968547641077
2026-03-04 00:00:00+00:00,PLS,0.004748689485044712
2026-03-05 00:00:00+00:00,PLS,0.1944495837187789
2026-03-06 00:00:00+00:00,PLS,0.35454825778600063
2026-03-07 00:00:00+00:00,PLS,-0.3037311131668208
2026-03-08 00:00:00+00:00,PLS,-0.028923835954363243
2026-03-09 00:00:00+00:00,PLS,-0.08800493370336109
2026-03-10 00:00:00+00:00,PLS,0.16620413197656492
2026-03-11 00:00:00+00:00,PLS,-0.25735430157261796
2026-03-12 00:00:00+00:00,PLS,0.06925686093123651
2026-03-13 00:00:00+00:00,PLS,0.13922294172062905
2026-03-14 00:00:00+00:00,PLS,0.21973481344434165
2026-03-15 00:00:00+00:00,PLS,-0.06321307431390687
2026-03-16 00:00:00+00:00,PLS,0.1072463768115942
2026-03-17 00:00:00+00:00,PLS,0.16509404872032069
2026-03-18 00:00:00+00:00,PLS,0.13290163428923837
2026-03-19 00:00:00+00:00,PLS,0.019796484736355223
2026-03-20 00:00:00+00:00,PLS,0.11600370027752083
2026-03-21 00:00:00+00:00,PLS,0.016766882516188714
2026-03-22 00:00:00+00:00,PLS,-0.1569148936170213
2026-03-23 00:00:00+00:00,PLS,-0.12303422756706751
2026-03-24 00:00:00+00:00,PLS,0.0694958371877891
2026-03-25 00:00:00+00:00,PLS,0.33575770733825444
2026-03-26 00:00:00+00:00,PLS,0.27399044724272686
2026-03-27 00:00:00+00:00,PLS,-0.03469387755102041
2026-03-28 00:00:00+00:00,PLS,0.11061224489795918
2026-03-29 00:00:00+00:00,PLS,0.033265306122448976
2026-03-30 00:00:00+00:00,PLS,0.04408163265306122
2026-03-31 00:00:00+00:00,PLS,0.30969387755102035
2026-04-01 00:00:00+00:00,PLS,0.28459183673469385
2026-04-02 00:00:00+00:00,PLS,0.20959183673469384
2026-04-03 00:00:00+00:00,PLS,-0.2005087881591119
2026-04-04 00:00:00+00:00,PLS,0.47549940755899417
2026-04-05 00:00:00+00:00,PLS,0.2865402405180389
2026-04-06 00:00:00+00:00,PLS,-0.188945420906568
2026-04-07 00:00:00+00:00,PLS,0.34273820536540245
2026-04-08 00:00:00+00:00,PLS,-0.24352451433857542
2026-04-09 00:00:00+00:00,PLS,0.13621646623496764
2026-04-10 00:00:00+00:00,PLS,0.00030835646006783845
2026-04-11 00:00:00+00:00,PLS,0.0866481652790626
2026-04-12 00:00:00+00:00,PLS,0.17052112241751463
2026-04-13 00:00:00+00:00,PLS,0.21040154962392751
2026-04-14 00:00:00+00:00,PLS,0.023242368177613326
2026-04-15 00:00:00+00:00,PLS,-0.19617637989515882
2026-04-16 00:00:00+00:00,PLS,0.12587110699969162
2026-04-17 00:00:00+00:00,PLS,0.3509881422924901
2026-04-18 00:00:00+00:00,PLS,0.3955204216073781
2026-04-19 00:00:00+00:00,PLS,-0.2879432624113475
2026-04-20 00:00:00+00:00,PLS,0.26278137526981193
2026-04-21 00:00:00+00:00,PLS,0.24946037619488123
2026-04-22 00:00:00+00:00,PLS,-0.21480111008325625
2026-04-23 00:00:00+00:00,PLS,-0.17435011880379236
2026-04-24 00:00:00+00:00,PLS,0.3351321349769394
2026-04-25 00:00:00+00:00,PLS,0.06679824882748936
2026-04-26 00:00:00+00:00,PLS,0.0807277212457601
2026-04-27 00:00:00+00:00,PLS,-0.06544865864939871
2026-04-28 00:00:00+00:00,PLS,0.26074685193226227
2026-04-29 00:00:00+00:00,PLS,0.12147199305254017
2026-04-30 00:00:00+00:00,PLS,-0.20235892691951896
2026-05-01 00:00:00+00:00,PLS,-0.12557816836262722
2026-05-02 00:00:00+00:00,PLS,0.4054116558741906
2026-05-03 00:00:00+00:00,PLS,0.044507164567954845
2026-05-04 00:00:00+00:00,PLS,0.1987755102040816
2026-05-05 00:00:00+00:00,PLS,-0.002040816326530612
2026-05-06 00:00:00+00:00,PLS,-0.18622448979591832
2026-05-07 00:00:00+00:00,PLS,-0.09999999999999998
2026-05-08 00:00:00+00:00,PLS,0.2933673469387755
2026-05-09 00:00:00+00:00,PLS,0.3856122448979591
2026-05-10 00:00:00+00:00,PLS,0.22581632653061223
2026-05-11 00:00:00+00:00,PLS,-0.1354081632653061
2026-05-12 00:00:00+00:00,PLS,0.1468367346938775
2026-05-13 00:00:00+00:00,PLS,0.19663265306122446
2026-05-14 00:00:00+00:00,PLS,0.28234693877551015
2026-05-15 00:00:00+00:00,PLS,0.09377551020408162
2026-05-16 00:00:00+00:00,PLS,0.1777551020408163
2026-05-17 00:00:00+00:00,PLS,-0.35495803475924487
2026-05-18 00:00:00+00:00,PLS,0.5515306122448979
2026-05-19 00:00:00+00:00,PLS,-0.033673469387755096
2026-05-20 00:00:00+00:00,PLS,-0.10877551020408163
2026-05-21 00:00:00+00:00,PLS,0.24012158054711244
2026-05-22 00:00:00+00:00,PLS,-0.18063395570994353
2026-05-23 00:00:00+00:00,PLS,0.2543421623968737
2026-05-24 00:00:00+00:00,PLS,0.16044290056448113
2026-05-25 00:00:00+00:00,PLS,0.2713265306122449
2026-05-26 00:00:00+00:00,PLS,0.09448979591836733
2026-05-27 00:00:00+00:00,PLS,0.09785714285714284
2026-05-28 00:00:00+00:00,PLS,-0.12551020408163266
2026-05-29 00:00:00+00:00,PLS,0.18561224489795913
2026-05-30 00:00:00+00:00,PLS,-0.03853669127225358
2026-05-31 00:00:00+00:00,PLS,0.020191055145462437
2026-06-01 00:00:00+00:00,PLS,-0.059921841076856275
2026-06-02 00:00:00+00:00,PLS,-0.379461014604965
2026-06-03 00:00:00+00:00,PLS,0.16684759009986974
2026-06-04 00:00:00+00:00,PLS,-0.1580547112462006
2026-06-05 00:00:00+00:00,PLS,-0.15262700825010853
2026-06-06 00:00:00+00:00,PLS,-0.009661311333043857
2026-06-07 00:00:00+00:00,PLS,0.03778706909409216
2026-06-08 00:00:00+00:00,PLS,0.09932696482848459
2026-06-09 00:00:00+00:00,PLS,0.4045809813287017
2026-06-10 00:00:00+00:00,PLS,-0.07457663916630483
2026-06-11 00:00:00+00:00,PLS,0.48740772904906643
2026-06-12 00:00:00+00:00,PLS,0.297112462006079
2026-06-13 00:00:00+00:00,PLS,0.286734693877551
2026-06-14 00:00:00+00:00,PLS,0.14510204081632655
2026-06-15 00:00:00+00:00,PLS,0.05428571428571428
2026-06-16 00:00:00+00:00,PLS,-0.046224489795918366
2026-06-17 00:00:00+00:00,PLS,-0.03
2026-06-18 00:00:00+00:00,PLS,0.2741836734693877
2026-06-19 00:00:00+00:00,PLS,0.2673469387755102
2026-06-20 00:00:00+00:00,PLS,0.06826530612244898
2026-06-21 00:00:00+00:00,PLS,0.12314986123959297
2026-06-22 00:00:00+00:00,PLS,-0.034574468085106384
2026-06-23 00:00:00+00:00,PLS,-0.0853376503237743
2026-06-24 00:00:00+00:00,PLS,0.006475485661424607
2026-06-25 00:00:00+00:00,PLS,0.29509713228492135
2026-06-26 00:00:00+00:00,PLS,0.49572155411655877
2026-06-27 00:00:00+00:00,PLS,0.3047035357290733
2026-06-28 00:00:00+00:00,PLS,0.052382053654024055
2026-06-29 00:00:00+00:00,PLS,0.18975485661424607
2026-06-30 00:00:00+00:00,PLS,0.2340425531914894
2026-07-01 00:00:00+00:00,PLS,0.09932932469935246
2026-07-02 00:00:00+00:00,PLS,-0.1087566130372651
2026-07-03 00:00:00+00:00,PLS,0.08325624421831637
2026-07-04 00:00:00+00:00,PLS,0.3000434216239687
2026-07-05 00:00:00+00:00,PLS,0.07967867998263135
2026-07-06 00:00:00+00:00,PLS,0.5117946345975949
2026-07-07 00:00:00+00:00,PLS,-0.0322617946345976
2026-07-08 00:00:00+00:00,PLS,0.14673913043478262
2026-07-09 00:00:00+00:00,PLS,0.1687095282146161
2026-07-10 00:00:00+00:00,PLS,0.37037465309898243
2026-07-11 00:00:00+00:00,PLS,-0.10077399862942933
2026-07-12 00:00:00+00:00,PLS,0.05753931544865865
2026-07-13 00:00:00+00:00,PLS,0.31927227875423986
2026-07-14 00:00:00+00:00,PLS,0.006352143077397472
2026-07-15 00:00:00+00:00,PLS,0.03607770582793709
2026-07-16 00:00:00+00:00,PLS,0.12049028677150787
2026-07-17 00:00:00+00:00,PLS,0.1706950398832183
2026-07-18 00:00:00+00:00,PLS,0.25476410730804805
2026-07-19 00:00:00+00:00,PLS,-0.07752081406105457
2026-07-20 00:00:00+00:00,PLS,0.24045636756090039
2026-07-21 00:00:00+00:00,PLS,-0.2616793611901277
2026-07-22 00:00:00+00:00,PLS,0.09121184088806661
2026-07-23 00:00:00+00:00,PLS,-0.021769966080789394
2026-07-24 00:00:00+00:00,PLS,0.3286463151403022
2026-07-25 00:00:00+00:00,PLS,0.4159343200740056
2026-07-26 00:00:00+00:00,PLS,0.0807123034227567
2026-07-27 00:00:00+00:00,PLS,0.18755781683626271
2021-07-30 00:00:00+00:00,LASSO,-0.20831524099001306
2021-07-31 00:00:00+00:00,LASSO,0.3122014763352149
2021-08-01 00:00:00+00:00,LASSO,0.04537559704732957
2021-08-02 00:00:00+00:00,LASSO,0.3924229266174555
2021-08-03 00:00:00+00:00,LASSO,-0.00797872340425532
2021-08-04 00:00:00+00:00,LASSO,0.28006475485661425
2021-08-05 00:00:00+00:00,LASSO,0.2425994449583719
2021-08-06 00:00:00+00:00,LASSO,-0.04567530064754857
2021-08-07 00:00:00+00:00,LASSO,0.09216003700277521
2021-08-08 00:00:00+00:00,LASSO,0.058163265306122446
2021-08-09 00:00:00+00:00,LASSO,-0.11327731092436974
2021-08-10 00:00:00+00:00,LASSO,0.1950060024009604
2021-08-11 00:00:00+00:00,LASSO,-0.16897959183673472
2021-08-12 00:00:00+00:00,LASSO,0.41042016806722686
2021-08-13 00:00:00+00:00,LASSO,0.1510204081632653
2021-08-14 00:00:00+00:00,LASSO,-0.10146458583433372
2021-08-15 00:00:00+00:00,LASSO,-0.030300120048019206
2021-08-16 00:00:00+00:00,LASSO,-0.01935174069627851
2021-08-17 00:00:00+00:00,LASSO,0.16177671068427368
2021-08-18 00:00:00+00:00,LASSO,0.06525810324129651
2021-08-19 00:00:00+00:00,LASSO,0.44009603841536615
2021-08-20 00:00:00+00:00,LASSO,-0.08148859543817527
2021-08-21 00:00:00+00:00,LASSO,0.4519087635054021
2021-08-22 00:00:00+00:00,LASSO,-0.02255102040816326
2021-08-23 00:00:00+00:00,LASSO,0.19663265306122446
2021-08-24 00:00:00+00:00,LASSO,-0.11683673469387754
2021-08-25 00:00:00+00:00,LASSO,0.24897959183673465
2021-08-26 00:00:00+00:00,LASSO,0.1770408163265306
2021-08-27 00:00:00+00:00,LASSO,-0.26989795918367343
2021-08-28 00:00:00+00:00,LASSO,0.15387755102040815
2021-08-29 00:00:00+00:00,LASSO,0.4205102040816326
2021-08-30 00:00:00+00:00,LASSO,0.250204081632653
2021-08-31 00:00:00+00:00,LASSO,0.03744897959183673
2021-09-01 00:00:00+00:00,LASSO,0.12642857142857142
2021-09-02 00:00:00+00:00,LASSO,0.14275510204081632
2021-09-03 00:00:00+00:00,LASSO,0.02204081632653061
2021-09-04 00:00:00+00:00,LASSO,0.42979591836734693
2021-09-05 00:00:00+00:00,LASSO,0.2866326530612245
2021-09-06 00:00:00+00:00,LASSO,0.17122448979591834
2021-09-07 00:00:00+00:00,LASSO,-0.2729591836734694
2021-09-08 00:00:00+00:00,LASSO,0.08448979591836735
2021-09-09 00:00:00+00:00,LASSO,0.2476118106817195
2021-09-10 00:00:00+00:00,LASSO,0.30905340859748154
2021-09-11 00:00:00+00:00,LASSO,0.29374728614850193
2021-09-12 00:00:00+00:00,LASSO,0.37277464177160224
2021-09-13 00:00:00+00:00,LASSO,0.27865827181936603
2021-09-14 00:00:00+00:00,LASSO,-0.3328267477203647
2021-09-15 00:00:00+00:00,LASSO,0.17992599444958368
2021-09-16 00:00:00+00:00,LASSO,0.024398704902867715
2021-09-17 00:00:00+00:00,LASSO,0.09678538390379278
2021-09-18 00:00:00+00:00,LASSO,0.08556891766882516
2021-09-19 00:00:00+00:00,LASSO,0.23924606845513416
2021-09-20 00:00:00+00:00,LASSO,-0.2851526364477336
2021-09-21 00:00:00+00:00,LASSO,-0.24329324699352453
2021-09-22 00:00:00+00:00,LASSO,-0.4410268270120259
2021-09-23 00:00:00+00:00,LASSO,0.0694958371877891
2021-09-24 00:00:00+00:00,LASSO,0.13783533765032377
2021-09-25 00:00:00+00:00,LASSO,0.22213228492136913
2021-09-26 00:00:00+00:00,LASSO,0.1372571692876966
2021-09-27 00:00:00+00:00,LASSO,0.2080249768732655
2021-09-28 00:00:00+00:00,LASSO,-0.055272895467160035
2021-09-29 00:00:00+00:00,LASSO,0.05804810360777059
2021-09-30 00:00:00+00:00,LASSO,-0.21530989824236818
2021-10-01 00:00:00+00:00,LASSO,0.27162349676225717
2021-10-02 00:00:00+00:00,LASSO,0.11251156336725254
2021-10-03 00:00:00+00:00,LASSO,0.0011717545482577859
2021-10-04 00:00:00+00:00,LASSO,0.25057816836262725
2021-10-05 00:00:00+00:00,LASSO,0.23196114708603147
2021-10-06 00:00:00+00:00,LASSO,-0.014454209065679928
2021-10-07 00:00:00+00:00,LASSO,-0.12870027752081406
2021-10-08 00:00:00+00:00,LASSO,0.31880203515263644
2021-10-09 00:00:00+00:00,LASSO,0.058649398704902864
2021-10-10 00:00:00+00:00,LASSO,0.4921985815602836
2021-10-11 00:00:00+00:00,LASSO,-0.07678075855689176
2021-10-12 00:00:00+00:00,LASSO,0.39833487511563365
2021-10-13 00:00:00+00:00,LASSO,-0.014624505928853754
2021-10-14 00:00:00+00:00,LASSO,0.25573122529644265
2021-10-15 00:00:00+00:00,LASSO,0.056059204440333014
2021-10-16 00:00:00+00:00,LASSO,0.3536077705827937
2021-10-17 00:00:00+00:00,LASSO,0.056082331174838115
2021-10-18 00:00:00+00:00,LASSO,0.07504625346901017
2021-10-19 00:00:00+00:00,LASSO,0.21171754548257787
2021-10-20 00:00:00+00:00,LASSO,-0.14930619796484737
2021-10-21 00:00:00+00:00,LASSO,-0.13089731729879742
2021-10-22 00:00:00+00:00,LASSO,0.24895929694727104
2021-10-23 00:00:00+00:00,LASSO,0.10927382053654025
2021-10-24 00:00:00+00:00,LASSO,-0.17553191489361705
2021-10-25 00:00:00+00:00,LASSO,-0.2503469010175763
2021-10-26 00:00:00+00:00,LASSO,0.48658649398704906
2021-10-27 00:00:00+00:00,LASSO,-0.030178028658271818
2021-10-28 00:00:00+00:00,LASSO,0.31697785497177594
2021-10-29 00:00:00+00:00,LASSO,-0.05275727312201477
2021-10-30 00:00:00+00:00,LASSO,0.14817629179331307
2021-10-31 00:00:00+00:00,LASSO,0.13482414242292662
2021-11-01 00:00:00+00:00,LASSO,0.007815892314372557
2021-11-02 00:00:00+00:00,LASSO,0.08098132870169343
2021-11-03 00:00:00+00:00,LASSO,0.3737516283108988
2021-11-04 00:00:00+00:00,LASSO,0.08673469387755102
2021-11-05 00:00:00+00:00,LASSO,0.17433782023447675
2021-11-06 00:00:00+00:00,LASSO,0.24967433782023446
2021-11-07 00:00:00+00:00,LASSO,0.38004776378636557
2021-11-08 00:00:00+00:00,LASSO,-0.04320451584889275
2021-11-09 00:00:00+00:00,LASSO,0.07034303082935302
2021-11-10 00:00:00+00:00,LASSO,-0.032457663916630485
2021-11-11 00:00:00+00:00,LASSO,-0.4668910117238384
2021-11-12 00:00:00+00:00,LASSO,0.30959183673469387
2021-11-13 00:00:00+00:00,LASSO,-0.08224489795918365
2021-11-14 00:00:00+00:00,LASSO,-0.20846938775510201
2021-11-15 00:00:00+00:00,LASSO,-0.28306122448979587
2021-11-16 00:00:00+00:00,LASSO,-0.158418131359852
2021-11-17 00:00:00+00:00,LASSO,-0.20501850138760408
2021-11-18 00:00:00+00:00,LASSO,0.3318686401480111
2021-11-19 00:00:00+00:00,LASSO,0.21311285846438482
2021-11-20 00:00:00+00:00,LASSO,-0.011332099907493063
2021-11-21 00:00:00+00:00,LASSO,-0.0930308293530178
2021-11-22 00:00:00+00:00,LASSO,0.28321754233608337
2021-11-23 00:00:00+00:00,LASSO,-0.11875814155449414
2021-11-24 00:00:00+00:00,LASSO,0.08260963960052106
2021-11-25 00:00:00+00:00,LASSO,0.0462440295267043
2021-11-26 00:00:00+00:00,LASSO,-0.10616587060356056
2021-11-27 00:00:00+00:00,LASSO,0.3021059487624837
2021-11-28 00:00:00+00:00,LASSO,0.23653929656969172
2021-11-29 00:00:00+00:00,LASSO,0.2518454190186713
2021-11-30 00:00:00+00:00,LASSO,0.2026704298740773
2021-12-01 00:00:00+00:00,LASSO,0.2085323491098567
2021-12-02 00:00:00+00:00,LASSO,0.5004342162396874
2021-12-03 00:00:00+00:00,LASSO,0.15924880590534088
2021-12-04 00:00:00+00:00,LASSO,0.062418584455058615
2021-12-05 00:00:00+00:00,LASSO,-0.13438992618323925
2021-12-06 00:00:00+00:00,LASSO,0.08304385584020843
2021-12-07 00:00:00+00:00,LASSO,0.09607034303082936
2021-12-08 00:00:00+00:00,LASSO,0.2323469387755102
2021-12-09 00:00:00+00:00,LASSO,-0.06948979591836733
2021-12-10 00:00:00+00:00,LASSO,0.0900998697351281
2021-12-11 00:00:00+00:00,LASSO,-0.06046461137646548
2021-12-12 00:00:00+00:00,LASSO,0.44836734693877545
2021-12-13 00:00:00+00:00,LASSO,0.18693877551020407
2021-12-14 00:00:00+00:00,LASSO,0.049183673469387755
2021-12-15 00:00:00+00:00,LASSO,0.16367346938775507
2021-12-16 00:00:00+00:00,LASSO,0.05448979591836734
2021-12-17 00:00:00+00:00,LASSO,0.11326530612244898
2021-12-18 00:00:00+00:00,LASSO,0.29673469387755097
2021-12-19 00:00:00+00:00,LASSO,0.293469387755102
2021-12-20 00:00:00+00:00,LASSO,-0.2583673469387755
2021-12-21 00:00:00+00:00,LASSO,-0.16969387755102036
2021-12-22 00:00:00+00:00,LASSO,-0.4449999999999999
2021-12-23 00:00:00+00:00,LASSO,0.0433673469387755
2021-12-24 00:00:00+00:00,LASSO,-0.15265306122448977
2021-12-25 00:00:00+00:00,LASSO,-0.09969387755102038
2021-12-26 00:00:00+00:00,LASSO,0.22969387755102036
2021-12-27 00:00:00+00:00,LASSO,0.17765306122448976
2021-12-28 00:00:00+00:00,LASSO,0.03734693877551021
2021-12-29 00:00:00+00:00,LASSO,-0.15061224489795916
2021-12-30 00:00:00+00:00,LASSO,0.16459183673469385
2021-12-31 00:00:00+00:00,LASSO,-0.11051020408163266
2022-01-01 00:00:00+00:00,LASSO,0.1946938775510204
2022-01-02 00:00:00+00:00,LASSO,0.14795918367346936
2022-01-03 00:00:00+00:00,LASSO,0.07020408163265306
2022-01-04 00:00:00+00:00,LASSO,0.27091836734693875
2022-01-05 00:00:00+00:00,LASSO,0.09285951175245447
2022-01-06 00:00:00+00:00,LASSO,0.20112244897959183
2022-01-07 00:00:00+00:00,LASSO,0.06846938775510204
2022-01-08 00:00:00+00:00,LASSO,-0.26285714285714284
2022-01-09 00:00:00+00:00,LASSO,0.2883673469387755
2022-01-10 00:00:00+00:00,LASSO,0.030612244897959183
2022-01-11 00:00:00+00:00,LASSO,-0.256734693877551
2022-01-12 00:00:00+00:00,LASSO,-0.06051020408163265
2022-01-13 00:00:00+00:00,LASSO,0.1279591836734694
2022-01-14 00:00:00+00:00,LASSO,0.031224489795918367
2022-01-15 00:00:00+00:00,LASSO,0.2593877551020408
2022-01-16 00:00:00+00:00,LASSO,0.13478991596638654
2022-01-17 00:00:00+00:00,LASSO,0.316110444177671
2022-01-18 00:00:00+00:00,LASSO,0.0966626650660264
2022-01-19 00:00:00+00:00,LASSO,-0.013205282112845136
2022-01-20 00:00:00+00:00,LASSO,0.27078031212484993
2022-01-21 00:00:00+00:00,LASSO,0.12979591836734694
2022-01-22 00:00:00+00:00,LASSO,0.05520408163265305
2022-01-23 00:00:00+00:00,LASSO,0.3432893157262905
2022-01-24 00:00:00+00:00,LASSO,-0.045954381752701084
2022-01-25 00:00:00+00:00,LASSO,-0.12605042016806722
2022-01-26 00:00:00+00:00,LASSO,0.08869360611454716
2022-01-27 00:00:00+00:00,LASSO,-0.13407284692572585
2022-01-28 00:00:00+00:00,LASSO,-0.1433373349339736
2022-01-29 00:00:00+00:00,LASSO,0.015990396158463382
2022-01-30 00:00:00+00:00,LASSO,-0.23102040816326527
2022-01-31 00:00:00+00:00,LASSO,0.003775510204081632
2022-02-01 00:00:00+00:00,LASSO,0.35397959183673466
2022-02-02 00:00:00+00:00,LASSO,0.0723469387755102
2022-02-03 00:00:00+00:00,LASSO,0.1470408163265306
2022-02-04 00:00:00+00:00,LASSO,-0.11551020408163264
2022-02-05 00:00:00+00:00,LASSO,-0.40622448979591835
2022-02-06 00:00:00+00:00,LASSO,-0.033265306122448976
2022-02-07 00:00:00+00:00,LASSO,0.29622448979591837
2022-02-08 00:00:00+00:00,LASSO,0.16642857142857143
2022-02-09 00:00:00+00:00,LASSO,0.22010204081632653
2022-02-10 00:00:00+00:00,LASSO,0.28560573165436387
2022-02-11 00:00:00+00:00,LASSO,0.05188884064264003
2022-02-12 00:00:00+00:00,LASSO,0.5015197568389057
2022-02-13 00:00:00+00:00,LASSO,-0.3179548415110725
2022-02-14 00:00:00+00:00,LASSO,-0.4857794181502388
2022-02-15 00:00:00+00:00,LASSO,0.14470256187581415
2022-02-16 00:00:00+00:00,LASSO,0.5036908380373426
2022-02-17 00:00:00+00:00,LASSO,0.26438775510204077
2022-02-18 00:00:00+00:00,LASSO,0.31295918367346937
2022-02-19 00:00:00+00:00,LASSO,0.27816326530612245
2022-02-20 00:00:00+00:00,LASSO,0.4381632653061224
2022-02-21 00:00:00+00:00,LASSO,-0.1220408163265306
2022-02-22 00:00:00+00:00,LASSO,0.3266391663048198
2022-02-23 00:00:00+00:00,LASSO,0.3227312201476335
2022-02-24 00:00:00+00:00,LASSO,-0.46022201665124884
2022-02-25 00:00:00+00:00,LASSO,0.07065217391304349
2022-02-26 00:00:00+00:00,LASSO,0.4122725871107
2022-02-27 00:00:00+00:00,LASSO,-0.03903792784458834
2022-02-28 00:00:00+00:00,LASSO,-0.032500770891150166
2022-03-01 00:00:00+00:00,LASSO,0.2576009867406722
2022-03-02 00:00:00+00:00,LASSO,0.41473943879124264
2022-03-03 00:00:00+00:00,LASSO,-0.14511255010792476
2022-03-04 00:00:00+00:00,LASSO,-0.19370952821461607
2022-03-05 00:00:00+00:00,LASSO,0.2910268270120259
2022-03-06 00:00:00+00:00,LASSO,0.2490749306197965
2022-03-07 00:00:00+00:00,LASSO,0.04463459759481961
2022-03-08 00:00:00+00:00,LASSO,-0.2746299722479186
2022-03-09 00:00:00+00:00,LASSO,0.1491828553808202
2022-03-10 00:00:00+00:00,LASSO,0.46481652790625966
2022-03-11 00:00:00+00:00,LASSO,-0.19851988899167433
2022-03-12 00:00:00+00:00,LASSO,0.22047486894850443
2022-03-13 00:00:00+00:00,LASSO,0.02608695652173913
2022-03-14 00:00:00+00:00,LASSO,-0.05279225387196542
2022-03-15 00:00:00+00:00,LASSO,-0.23391921060746224
2022-03-16 00:00:00+00:00,LASSO,0.10305272895467159
2022-03-17 00:00:00+00:00,LASSO,-0.17459142769041008
2022-03-18 00:00:00+00:00,LASSO,0.02164729101525685
2022-03-19 00:00:00+00:00,LASSO,0.5415356151711378
2022-03-20 00:00:00+00:00,LASSO,0.008818994757940178
2022-03-21 00:00:00+00:00,LASSO,0.17397471477027443
2022-03-22 00:00:00+00:00,LASSO,-0.2809127351218008
2022-03-23 00:00:00+00:00,LASSO,0.022895467160037
2022-03-24 00:00:00+00:00,LASSO,0.04139685476410731
2022-03-25 00:00:00+00:00,LASSO,0.4580249768732655
2022-03-26 00:00:00+00:00,LASSO,0.05180388529139686
2022-03-27 00:00:00+00:00,LASSO,-0.05434782608695653
2022-03-28 00:00:00+00:00,LASSO,-0.1265740338688667
2022-03-29 00:00:00+00:00,LASSO,-0.047872340425531915
2022-03-30 00:00:00+00:00,LASSO,0.10580481036077706
2022-03-31 00:00:00+00:00,LASSO,0.1496299722479186
2022-04-01 00:00:00+00:00,LASSO,0.25206252713851496
2022-04-02 00:00:00+00:00,LASSO,0.03907946157186278
2022-04-03 00:00:00+00:00,LASSO,0.07724329324699351
2022-04-04 00:00:00+00:00,LASSO,0.04174375578168363
2022-04-05 00:00:00+00:00,LASSO,0.10788621646623497
2022-04-06 00:00:00+00:00,LASSO,0.08730342275670674
2022-04-07 00:00:00+00:00,LASSO,0.41246530989824237
2022-04-08 00:00:00+00:00,LASSO,-0.012889300030835646
2022-04-09 00:00:00+00:00,LASSO,0.3941412272587111
2022-04-10 00:00:00+00:00,LASSO,0.30920444033302497
2022-04-11 00:00:00+00:00,LASSO,-0.044507164567954845
2022-04-12 00:00:00+00:00,LASSO,0.014338575393154489
2022-04-13 00:00:00+00:00,LASSO,0.018848288621646624
2022-04-14 00:00:00+00:00,LASSO,0.30536257056013894
2022-04-15 00:00:00+00:00,LASSO,-0.05134607034303083
2022-04-16 00:00:00+00:00,LASSO,0.21253469010175763
2022-04-17 00:00:00+00:00,LASSO,0.0874190564292322
2022-04-18 00:00:00+00:00,LASSO,-0.12419056429232192
2022-04-19 00:00:00+00:00,LASSO,0.09343200740055506
2022-04-20 00:00:00+00:00,LASSO,0.2724329324699353
2022-04-21 00:00:00+00:00,LASSO,0.15622109158186864
2022-04-22 00:00:00+00:00,LASSO,0.02497687326549491
2022-04-23 00:00:00+00:00,LASSO,0.18154486586493987
2022-04-24 00:00:00+00:00,LASSO,0.24664662349676228
2022-04-25 00:00:00+00:00,LASSO,0.3138297872340426
2022-04-26 00:00:00+00:00,LASSO,-0.04440333024976873
2022-04-27 00:00:00+00:00,LASSO,0.4584429477790935
2022-04-28 00:00:00+00:00,LASSO,0.588691026827012
2022-04-29 00:00:00+00:00,LASSO,0.3222710453283996
2022-04-30 00:00:00+00:00,LASSO,-0.19727104532839967
2022-05-01 00:00:00+00:00,LASSO,0.4287696577243293
2022-05-02 00:00:00+00:00,LASSO,0.18825161887141537
2022-05-03 00:00:00+00:00,LASSO,-0.3817067530064755
2022-05-04 00:00:00+00:00,LASSO,0.5823311748381129
2022-05-05 00:00:00+00:00,LASSO,-0.0015032377428307122
2022-05-06 00:00:00+00:00,LASSO,0.4376734505087882
2022-05-07 00:00:00+00:00,LASSO,0.049722479185938945
2022-05-08 00:00:00+00:00,LASSO,0.19576780758556891
2022-05-09 00:00:00+00:00,LASSO,0.2599444958371878
2022-05-10 00:00:00+00:00,LASSO,0.6016419981498613
2022-05-11 00:00:00+00:00,LASSO,0.028908418131359855
2022-05-12 00:00:00+00:00,LASSO,-0.017694311767260096
2022-05-13 00:00:00+00:00,LASSO,-0.38864477335800185
2022-05-14 00:00:00+00:00,LASSO,-0.033760312635692576
2022-05-15 00:00:00+00:00,LASSO,0.6103994789405123
2022-05-16 00:00:00+00:00,LASSO,-0.24001302648719064
2022-05-17 00:00:00+00:00,LASSO,0.3631133304385584
2022-05-18 00:00:00+00:00,LASSO,-0.07631350412505426
2022-05-19 00:00:00+00:00,LASSO,0.05824083373925438
2022-05-20 00:00:00+00:00,LASSO,-0.43291359096830223
2022-05-21 00:00:00+00:00,LASSO,0.11984368215371255
2022-05-22 00:00:00+00:00,LASSO,0.46862787668258793
2022-05-23 00:00:00+00:00,LASSO,-0.0924880590534086
2022-05-24 00:00:00+00:00,LASSO,0.06415544941380807
2022-05-25 00:00:00+00:00,LASSO,0.3536691272253582
2022-05-26 00:00:00+00:00,LASSO,0.4265089014329136
2022-05-27 00:00:00+00:00,LASSO,-0.3123100303951368
2022-05-28 00:00:00+00:00,LASSO,-0.1937742557773888
2022-05-29 00:00:00+00:00,LASSO,-0.27149370386452454
2022-05-30 00:00:00+00:00,LASSO,0.029635258358662615
2022-05-31 00:00:00+00:00,LASSO,0.7139600521059487
2022-06-01 00:00:00+00:00,LASSO,-0.17043449947927192
2022-06-02 00:00:00+00:00,LASSO,0.4671081198436821
2022-06-03 00:00:00+00:00,LASSO,-0.25624881275211553
2022-06-04 00:00:00+00:00,LASSO,0.3226226660877117
2022-06-05 00:00:00+00:00,LASSO,-0.21396005210594876
2022-06-06 00:00:00+00:00,LASSO,0.44669995657837597
2022-06-07 00:00:00+00:00,LASSO,0.28255102040816327
2022-06-08 00:00:00+00:00,LASSO,-0.24938775510204078
2022-06-09 00:00:00+00:00,LASSO,0.24071428571428566
2022-06-10 00:00:00+00:00,LASSO,0.2427551020408163
2022-06-11 00:00:00+00:00,LASSO,0.18989795918367341
2022-06-12 00:00:00+00:00,LASSO,-0.009795918367346938
2022-06-13 00:00:00+00:00,LASSO,-0.19755102040816325
2022-06-14 00:00:00+00:00,LASSO,-0.17887755102040812
2022-06-15 00:00:00+00:00,LASSO,0.6288115246098439
2022-06-16 00:00:00+00:00,LASSO,-0.166578631452581
2022-06-17 00:00:00+00:00,LASSO,0.11500600240096039
2022-06-18 00:00:00+00:00,LASSO,-0.1811764705882353
2022-06-19 00:00:00+00:00,LASSO,-0.19423769507803118
2022-06-20 00:00:00+00:00,LASSO,0.10472989195678271
2022-06-21 00:00:00+00:00,LASSO,0.26338535414165665
2022-06-22 00:00:00+00:00,LASSO,-0.42751500600240094
2022-06-23 00:00:00+00:00,LASSO,-0.019639855942376952
2022-06-24 00:00:00+00:00,LASSO,0.01997647002904798
2022-06-25 00:00:00+00:00,LASSO,0.34088835534213685
2022-06-26 00:00:00+00:00,LASSO,0.1934260126851088
2022-06-27 00:00:00+00:00,LASSO,0.10444177671068428
2022-06-28 00:00:00+00:00,LASSO,0.14612244897959184
2022-06-29 00:00:00+00:00,LASSO,0.38804321728691477
2022-06-30 00:00:00+00:00,LASSO,-0.049542080171227076
2022-07-01 00:00:00+00:00,LASSO,-0.12755102040816327
2022-07-02 00:00:00+00:00,LASSO,0.10334626974794069
2022-07-03 00:00:00+00:00,LASSO,-0.3537776812852801
2022-07-04 00:00:00+00:00,LASSO,0.0028224055579678677
2022-07-05 00:00:00+00:00,LASSO,0.0011940946591402519
2022-07-06 00:00:00+00:00,LASSO,-0.2159140251845419
2022-07-07 00:00:00+00:00,LASSO,0.11246200607902736
2022-07-08 00:00:00+00:00,LASSO,-0.24050804687664135
2022-07-09 00:00:00+00:00,LASSO,0.10247503256621797
2022-07-10 00:00:00+00:00,LASSO,0.4147850629613547
2022-07-11 00:00:00+00:00,LASSO,0.10985670864090316
2022-07-12 00:00:00+00:00,LASSO,-0.301237516283109
2022-07-13 00:00:00+00:00,LASSO,-0.1075770733825445
2022-07-14 00:00:00+00:00,LASSO,0.41200738490554395
2022-07-15 00:00:00+00:00,LASSO,0.23686495874945726
2022-07-16 00:00:00+00:00,LASSO,0.19463742943986104
2022-07-17 00:00:00+00:00,LASSO,-0.1318931828050369
2022-07-18 00:00:00+00:00,LASSO,-0.2700825010855406
2022-07-19 00:00:00+00:00,LASSO,0.21917064698219715
2022-07-20 00:00:00+00:00,LASSO,0.3801563178462874
2022-07-21 00:00:00+00:00,LASSO,0.3057967867998263
2022-07-22 00:00:00+00:00,LASSO,-0.1245115067303517
2022-07-23 00:00:00+00:00,LASSO,0.3954671600370028
2022-07-24 00:00:00+00:00,LASSO,-0.011794634597594821
2022-07-25 00:00:00+00:00,LASSO,-0.012141535615171138
2022-07-26 00:00:00+00:00,LASSO,0.18154486586493987
2022-07-27 00:00:00+00:00,LASSO,-0.11482423681776134
2022-07-28 00:00:00+00:00,LASSO,0.22745143385753933
2022-07-29 00:00:00+00:00,LASSO,-0.2908186864014801
2022-07-30 00:00:00+00:00,LASSO,-0.23739592969472711
2022-07-31 00:00:00+00:00,LASSO,0.04856614246068455
2022-08-01 00:00:00+00:00,LASSO,0.3070074005550416
2022-08-02 00:00:00+00:00,LASSO,0.20524976873265496
2022-08-03 00:00:00+00:00,LASSO,0.12835337650323775
2022-08-04 00:00:00+00:00,LASSO,0.037580943570767814
2022-08-05 00:00:00+00:00,LASSO,0.026711378353376503
2022-08-06 00:00:00+00:00,LASSO,-0.000578168362627197
2022-08-07 00:00:00+00:00,LASSO,-0.17010421189752498
2022-08-08 00:00:00+00:00,LASSO,-0.0869518019973947
2022-08-09 00:00:00+00:00,LASSO,0.14633087277464177
2022-08-10 00:00:00+00:00,LASSO,0.10866261398176291
2022-08-11 00:00:00+00:00,LASSO,0.05851063829787234
2022-08-12 00:00:00+00:00,LASSO,-0.06784628745115066
2022-08-13 00:00:00+00:00,LASSO,-0.16608771168041686
2022-08-14 00:00:00+00:00,LASSO,0.014112027789839337
2022-08-15 00:00:00+00:00,LASSO,-0.037993920972644375
2022-08-16 00:00:00+00:00,LASSO,0.2087494572297004
2022-08-17 00:00:00+00:00,LASSO,0.1289622231871472
2022-08-18 00:00:00+00:00,LASSO,0.2037559704732957
2022-08-19 00:00:00+00:00,LASSO,0.4074033868866696
2022-08-20 00:00:00+00:00,LASSO,-0.18224489795918364
2022-08-21 00:00:00+00:00,LASSO,-0.02061224489795918
2022-08-22 00:00:00+00:00,LASSO,-0.2604081632653061
2022-08-23 00:00:00+00:00,LASSO,-0.08448979591836735
2022-08-24 00:00:00+00:00,LASSO,0.23551020408163262
2022-08-25 00:00:00+00:00,LASSO,0.388469387755102
2022-08-26 00:00:00+00:00,LASSO,-0.32056883882948406
2022-08-27 00:00:00+00:00,LASSO,0.16207121146330872
2022-08-28 00:00:00+00:00,LASSO,-0.16587060356057318
2022-08-29 00:00:00+00:00,LASSO,0.21285714285714283
2022-08-30 00:00:00+00:00,LASSO,-0.3821848739495798
2022-08-31 00:00:00+00:00,LASSO,0.009747899159663865
2022-09-01 00:00:00+00:00,LASSO,0.06506602641056422
2022-09-02 00:00:00+00:00,LASSO,0.20921968787515002
2022-09-03 00:00:00+00:00,LASSO,0.2786554621848739
2022-09-04 00:00:00+00:00,LASSO,0.22468187274909962
2022-09-05 00:00:00+00:00,LASSO,0.37440576230492195
2022-09-06 00:00:00+00:00,LASSO,-0.16254501800720286
2022-09-07 00:00:00+00:00,LASSO,0.32638655462184873
2022-09-08 00:00:00+00:00,LASSO,-0.4166626650660264
2022-09-09 00:00:00+00:00,LASSO,0.18424969987995196
2022-09-10 00:00:00+00:00,LASSO,0.11807923169267706
2022-09-11 00:00:00+00:00,LASSO,0.19289315726290512
2022-09-12 00:00:00+00:00,LASSO,0.2215126050420168
2022-09-13 00:00:00+00:00,LASSO,0.2225690276110444
2022-09-14 00:00:00+00:00,LASSO,0.4836974789915966
2022-09-15 00:00:00+00:00,LASSO,-0.02156062424969988
2022-09-16 00:00:00+00:00,LASSO,0.06064825930372149
2022-09-17 00:00:00+00:00,LASSO,0.5224009603841536
2022-09-18 00:00:00+00:00,LASSO,-0.27469387755102037
2022-09-19 00:00:00+00:00,LASSO,0.3408163265306122
2022-09-20 00:00:00+00:00,LASSO,0.21071428571428566
2022-09-21 00:00:00+00:00,LASSO,-0.0015306122448979593
2022-09-22 00:00:00+00:00,LASSO,0.06040816326530611
2022-09-23 00:00:00+00:00,LASSO,0.2922448979591836
2022-09-24 00:00:00+00:00,LASSO,0.24959183673469384
2022-09-25 00:00:00+00:00,LASSO,0.0804081632653061
2022-09-26 00:00:00+00:00,LASSO,-0.08102040816326529
2022-09-27 00:00:00+00:00,LASSO,0.21132653061224485
2022-09-28 00:00:00+00:00,LASSO,0.4678571428571428
2022-09-29 00:00:00+00:00,LASSO,-0.10857142857142855
2022-09-30 00:00:00+00:00,LASSO,0.11571428571428571
2022-10-01 00:00:00+00:00,LASSO,0.4154081632653061
2022-10-02 00:00:00+00:00,LASSO,0.05561224489795918
2022-10-03 00:00:00+00:00,LASSO,0.12408163265306121
2022-10-04 00:00:00+00:00,LASSO,0.02438775510204081
2022-10-05 00:00:00+00:00,LASSO,0.0907142857142857
2022-10-06 00:00:00+00:00,LASSO,-0.22316326530612243
2022-10-07 00:00:00+00:00,LASSO,0.31591836734693873
2022-10-08 00:00:00+00:00,LASSO,0.3106122448979592
2022-10-09 00:00:00+00:00,LASSO,0.3183890577507599
2022-10-10 00:00:00+00:00,LASSO,0.06524099001302648
2022-10-11 00:00:00+00:00,LASSO,0.3432029745883556
2022-10-12 00:00:00+00:00,LASSO,0.32142857142857145
2022-10-13 00:00:00+00:00,LASSO,0.04798089448545375
2022-10-14 00:00:00+00:00,LASSO,0.32674772036474165
2022-10-15 00:00:00+00:00,LASSO,-0.057859313938341296
2022-10-16 00:00:00+00:00,LASSO,-0.21224489795918364
2022-10-17 00:00:00+00:00,LASSO,0.5535714285714285
2022-10-18 00:00:00+00:00,LASSO,0.5735714285714284
2022-10-19 00:00:00+00:00,LASSO,0.028367346938775507
2022-10-20 00:00:00+00:00,LASSO,0.003571428571428571
2022-10-21 00:00:00+00:00,LASSO,0.41740860749825826
2022-10-22 00:00:00+00:00,LASSO,0.1333673469387755
2022-10-23 00:00:00+00:00,LASSO,0.14510204081632655
2022-10-24 00:00:00+00:00,LASSO,-0.03428571428571428
2022-10-25 00:00:00+00:00,LASSO,0.186734693877551
2022-10-26 00:00:00+00:00,LASSO,0.07153061224489796
2022-10-27 00:00:00+00:00,LASSO,0.006632653061224489
2022-10-28 00:00:00+00:00,LASSO,0.2181632653061224
2022-10-29 00:00:00+00:00,LASSO,0.022755102040816325
2022-10-30 00:00:00+00:00,LASSO,0.09520408163265306
2022-10-31 00:00:00+00:00,LASSO,0.042142857142857135
2022-11-01 00:00:00+00:00,LASSO,-0.07857142857142856
2022-11-02 00:00:00+00:00,LASSO,-0.20693877551020406
2022-11-03 00:00:00+00:00,LASSO,0.012040816326530611
2022-11-04 00:00:00+00:00,LASSO,0.05905340859748154
2022-11-05 00:00:00+00:00,LASSO,0.2324489795918367
2022-11-06 00:00:00+00:00,LASSO,0.11112244897959182
2022-11-07 00:00:00+00:00,LASSO,0.4172448979591837
2022-11-08 00:00:00+00:00,LASSO,0.436734693877551
2022-11-09 00:00:00+00:00,LASSO,-0.3279591836734693
2022-11-10 00:00:00+00:00,LASSO,0.26051020408163267
2022-11-11 00:00:00+00:00,LASSO,0.30612244897959184
2022-11-12 00:00:00+00:00,LASSO,-0.07908163265306122
2022-11-13 00:00:00+00:00,LASSO,-0.050408163265306116
2022-11-14 00:00:00+00:00,LASSO,-0.01040816326530612
2022-11-15 00:00:00+00:00,LASSO,-0.15468953538862354
2022-11-16 00:00:00+00:00,LASSO,-0.08775510204081631
2022-11-17 00:00:00+00:00,LASSO,0.1576530612244898
2022-11-18 00:00:00+00:00,LASSO,0.34628745115067305
2022-11-19 00:00:00+00:00,LASSO,0.34910985670864086
2022-11-20 00:00:00+00:00,LASSO,0.052105948762483714
2022-11-21 00:00:00+00:00,LASSO,-0.24033868866695612
2022-11-22 00:00:00+00:00,LASSO,0.28137212331741207
2022-11-23 00:00:00+00:00,LASSO,0.3009118541033434
2022-11-24 00:00:00+00:00,LASSO,-0.29320451584889273
2022-11-25 00:00:00+00:00,LASSO,0.17070589199436628
2022-11-26 00:00:00+00:00,LASSO,0.009444203213200175
2022-11-27 00:00:00+00:00,LASSO,-0.01715154146765089
2022-11-28 00:00:00+00:00,LASSO,0.2278549717759444
2022-11-29 00:00:00+00:00,LASSO,-0.014546244029526704
2022-11-30 00:00:00+00:00,LASSO,0.12494572297003907
2022-12-01 00:00:00+00:00,LASSO,-0.13276161528441163
2022-12-02 00:00:00+00:00,LASSO,0.3947025618758141
2022-12-03 00:00:00+00:00,LASSO,0.061984368215371254
2022-12-04 00:00:00+00:00,LASSO,0.05227019840717798
2022-12-05 00:00:00+00:00,LASSO,-0.018779852366478507
2022-12-06 00:00:00+00:00,LASSO,0.35779418150238823
2022-12-07 00:00:00+00:00,LASSO,0.15911193339500462
2022-12-08 00:00:00+00:00,LASSO,0.256838905775076
2022-12-09 00:00:00+00:00,LASSO,0.13037342596613113
2022-12-10 00:00:00+00:00,LASSO,0.2286148501953973
2022-12-11 00:00:00+00:00,LASSO,0.28019980401524375
2022-12-12 00:00:00+00:00,LASSO,0.18844984802431614
2022-12-13 00:00:00+00:00,LASSO,0.09053408597481546
2022-12-14 00:00:00+00:00,LASSO,0.06187581415544941
2022-12-15 00:00:00+00:00,LASSO,0.5746851932262266
2022-12-16 00:00:00+00:00,LASSO,-0.21493703864524533
2022-12-17 00:00:00+00:00,LASSO,0.2591185410334346
2022-12-18 00:00:00+00:00,LASSO,0.5337603126356926
2022-12-19 00:00:00+00:00,LASSO,-0.2676943117672601
2022-12-20 00:00:00+00:00,LASSO,0.5502605297438125
2022-12-21 00:00:00+00:00,LASSO,-0.03603994789405124
2022-12-22 00:00:00+00:00,LASSO,-0.008467216673903604
2022-12-23 00:00:00+00:00,LASSO,0.322405557967868
2022-12-24 00:00:00+00:00,LASSO,0.388231464669888
2022-12-25 00:00:00+00:00,LASSO,-0.07077724706904039
2022-12-26 00:00:00+00:00,LASSO,0.0383195831524099
2022-12-27 00:00:00+00:00,LASSO,0.558076422058185
2022-12-28 00:00:00+00:00,LASSO,0.05026052974381242
2022-12-29 00:00:00+00:00,LASSO,0.13797221016066
2022-12-30 00:00:00+00:00,LASSO,-0.20408163265306123
2022-12-31 00:00:00+00:00,LASSO,-0.272579244463743
2023-01-01 00:00:00+00:00,LASSO,-0.3924229266174555
2023-01-02 00:00:00+00:00,LASSO,-0.0755536257056014
2023-01-03 00:00:00+00:00,LASSO,0.07587928788536691
2023-01-04 00:00:00+00:00,LASSO,0.061117594399254835
2023-01-05 00:00:00+00:00,LASSO,-0.0200825010855406
2023-01-06 00:00:00+00:00,LASSO,0.09943551888840642
2023-01-07 00:00:00+00:00,LASSO,-0.014437689969604862
2023-01-08 00:00:00+00:00,LASSO,-0.3517151541467651
2023-01-09 00:00:00+00:00,LASSO,-0.03538862353452019
2023-01-10 00:00:00+00:00,LASSO,0.5749023013460703
2023-01-11 00:00:00+00:00,LASSO,0.10326086956521739
2023-01-12 00:00:00+00:00,LASSO,-0.23623959296947272
2023-01-13 00:00:00+00:00,LASSO,0.029489795918367343
2023-01-14 00:00:00+00:00,LASSO,0.04895788102475033
2023-01-15 00:00:00+00:00,LASSO,0.1648936170212766
2023-01-16 00:00:00+00:00,LASSO,-0.04244897959183673
2023-01-17 00:00:00+00:00,LASSO,-0.040480192076830734
2023-01-18 00:00:00+00:00,LASSO,0.1038655462184874
2023-01-19 00:00:00+00:00,LASSO,0.22746698679471786
2023-01-20 00:00:00+00:00,LASSO,0.21603841536614646
2023-01-21 00:00:00+00:00,LASSO,-0.1733013205282113
2023-01-22 00:00:00+00:00,LASSO,0.1276830732292917
2023-01-23 00:00:00+00:00,LASSO,0.19428571428571426
2023-01-24 00:00:00+00:00,LASSO,0.33065566652192796
2023-01-25 00:00:00+00:00,LASSO,0.21938775510204084
2023-01-26 00:00:00+00:00,LASSO,0.25032566217976554
2023-01-27 00:00:00+00:00,LASSO,-0.2600955275727312
2023-01-28 00:00:00+00:00,LASSO,0.21341728180633956
2023-01-29 00:00:00+00:00,LASSO,0.10095527572731221
2023-01-30 00:00:00+00:00,LASSO,-0.3492184107685627
2023-01-31 00:00:00+00:00,LASSO,0.10269214068606165
2023-02-01 00:00:00+00:00,LASSO,0.3912288319583153
2023-02-02 00:00:00+00:00,LASSO,-0.06958315240990012
2023-02-03 00:00:00+00:00,LASSO,0.12885366912722535
2023-02-04 00:00:00+00:00,LASSO,0.2835432045158489
2023-02-05 00:00:00+00:00,LASSO,-0.11357142857142856
2023-02-06 00:00:00+00:00,LASSO,0.05744897959183673
2023-02-07 00:00:00+00:00,LASSO,0.42132653061224484
2023-02-08 00:00:00+00:00,LASSO,0.30795918367346936
2023-02-09 00:00:00+00:00,LASSO,0.014795918367346936
2023-02-10 00:00:00+00:00,LASSO,-0.16642857142857143
2023-02-11 00:00:00+00:00,LASSO,0.3093877551020408
2023-02-12 00:00:00+00:00,LASSO,0.303469387755102
2023-02-13 00:00:00+00:00,LASSO,-0.075
2023-02-14 00:00:00+00:00,LASSO,-0.3294897959183673
2023-02-15 00:00:00+00:00,LASSO,0.25795918367346937
2023-02-16 00:00:00+00:00,LASSO,0.04030612244897959
2023-02-17 00:00:00+00:00,LASSO,0.07561224489795917
2023-02-18 00:00:00+00:00,LASSO,0.233469387755102
2023-02-19 00:00:00+00:00,LASSO,0.07061224489795917
2023-02-20 00:00:00+00:00,LASSO,-0.08663265306122449
2023-02-21 00:00:00+00:00,LASSO,-0.23867346938775508
2023-02-22 00:00:00+00:00,LASSO,0.13255102040816327
2023-02-23 00:00:00+00:00,LASSO,0.09428571428571428
2023-02-24 00:00:00+00:00,LASSO,0.0012244897959183673
2023-02-25 00:00:00+00:00,LASSO,-0.12285714285714285
2023-02-26 00:00:00+00:00,LASSO,-0.13765306122448978
2023-02-27 00:00:00+00:00,LASSO,0.45591836734693875
2023-02-28 00:00:00+00:00,LASSO,-0.27775510204081627
2023-03-01 00:00:00+00:00,LASSO,0.5126530612244897
2023-03-02 00:00:00+00:00,LASSO,0.41592897791538946
2023-03-03 00:00:00+00:00,LASSO,0.575204081632653
2023-03-04 00:00:00+00:00,LASSO,-0.03938775510204081
2023-03-05 00:00:00+00:00,LASSO,-0.16397959183673466
2023-03-06 00:00:00+00:00,LASSO,0.4226530612244897
2023-03-07 00:00:00+00:00,LASSO,0.5149999999999999
2023-03-08 00:00:00+00:00,LASSO,-0.0639795918367347
2023-03-09 00:00:00+00:00,LASSO,0.22418367346938772
2023-03-10 00:00:00+00:00,LASSO,0.3714285714285714
2023-03-11 00:00:00+00:00,LASSO,-0.6727551020408163
2023-03-12 00:00:00+00:00,LASSO,-0.45056422569027604
2023-03-13 00:00:00+00:00,LASSO,-0.7009363745498199
2023-03-14 00:00:00+00:00,LASSO,0.3617286914765906
2023-03-15 00:00:00+00:00,LASSO,-0.20921968787515002
2023-03-16 00:00:00+00:00,LASSO,-0.2256422569027611
2023-03-17 00:00:00+00:00,LASSO,0.09061224489795917
2023-03-18 00:00:00+00:00,LASSO,0.12048019207683074
2023-03-19 00:00:00+00:00,LASSO,0.2602040816326531
2023-03-20 00:00:00+00:00,LASSO,0.12672268907563025
2023-03-21 00:00:00+00:00,LASSO,-0.10799519807923168
2023-03-22 00:00:00+00:00,LASSO,0.3425210084033613
2023-03-23 00:00:00+00:00,LASSO,0.5549579831932773
2023-03-24 00:00:00+00:00,LASSO,0.517406962785114
2023-03-25 00:00:00+00:00,LASSO,-0.4115726290516207
2023-03-26 00:00:00+00:00,LASSO,0.5994897959183673
2023-03-27 00:00:00+00:00,LASSO,-0.39469387755102037
2023-03-28 00:00:00+00:00,LASSO,-0.26459183673469383
2023-03-29 00:00:00+00:00,LASSO,0.4151020408163265
2023-03-30 00:00:00+00:00,LASSO,0.14839339991315675
2023-03-31 00:00:00+00:00,LASSO,0.25445071645679546
2023-04-01 00:00:00+00:00,LASSO,0.28614850195397307
2023-04-02 00:00:00+00:00,LASSO,0.2873425966131133
2023-04-03 00:00:00+00:00,LASSO,-0.14003473729917498
2023-04-04 00:00:00+00:00,LASSO,-0.1429656969170647
2023-04-05 00:00:00+00:00,LASSO,0.22036474164133737
2023-04-06 00:00:00+00:00,LASSO,0.34628745115067305
2023-04-07 00:00:00+00:00,LASSO,0.15686061658706035
2023-04-08 00:00:00+00:00,LASSO,-0.1387320885801129
2023-04-09 00:00:00+00:00,LASSO,-0.28897090751194093
2023-04-10 00:00:00+00:00,LASSO,0.16369952236213633
2023-04-11 00:00:00+00:00,LASSO,0.39090316977854966
2023-04-12 00:00:00+00:00,LASSO,0.28126356925749024
2023-04-13 00:00:00+00:00,LASSO,-0.14253148067737734
2023-04-14 00:00:00+00:00,LASSO,0.38308727746417714
2023-04-15 00:00:00+00:00,LASSO,0.21819366044290053
2023-04-16 00:00:00+00:00,LASSO,0.17401215805471124
2023-04-17 00:00:00+00:00,LASSO,0.29342162396873644
2023-04-18 00:00:00+00:00,LASSO,0.2293747286148502
2023-04-19 00:00:00+00:00,LASSO,0.17661745549283542
2023-04-20 00:00:00+00:00,LASSO,0.3821102909248806
2023-04-21 00:00:00+00:00,LASSO,-0.3819380203515264
2023-04-22 00:00:00+00:00,LASSO,0.648350292938637
2023-04-23 00:00:00+00:00,LASSO,-0.15066296638914584
2023-04-24 00:00:00+00:00,LASSO,-0.26993524514338574
2023-04-25 00:00:00+00:00,LASSO,0.15855689176688248
2023-04-26 00:00:00+00:00,LASSO,0.07505396238051187
2023-04-27 00:00:00+00:00,LASSO,0.24378661732963305
2023-04-28 00:00:00+00:00,LASSO,0.22035152636447736
2023-04-29 00:00:00+00:00,LASSO,0.22910884983040392
2023-04-30 00:00:00+00:00,LASSO,0.4260869565217391
2023-05-01 00:00:00+00:00,LASSO,0.09146623496762257
2023-05-02 00:00:00+00:00,LASSO,-0.19553654024051806
2023-05-03 00:00:00+00:00,LASSO,0.3322155411655874
2023-05-04 00:00:00+00:00,LASSO,0.13297872340425532
2023-05-05 00:00:00+00:00,LASSO,0.5543478260869565
2023-05-06 00:00:00+00:00,LASSO,0.14604532839962997
2023-05-07 00:00:00+00:00,LASSO,0.46403792784458836
2023-05-08 00:00:00+00:00,LASSO,-0.06210490613209017
2023-05-09 00:00:00+00:00,LASSO,-0.15497995683009558
2023-05-10 00:00:00+00:00,LASSO,0.7189022510021587
2023-05-11 00:00:00+00:00,LASSO,-0.19420289855072462
2023-05-12 00:00:00+00:00,LASSO,0.23786617329633053
2023-05-13 00:00:00+00:00,LASSO,-0.5035460992907801
2023-05-14 00:00:00+00:00,LASSO,-0.09244811746971514
2023-05-15 00:00:00+00:00,LASSO,-0.0850552032623341
2023-05-16 00:00:00+00:00,LASSO,-0.21221091581868637
2023-05-17 00:00:00+00:00,LASSO,0.1692876965772433
2023-05-18 00:00:00+00:00,LASSO,0.19860657404731824
2023-05-19 00:00:00+00:00,LASSO,0.08996299722479184
2023-05-20 00:00:00+00:00,LASSO,0.5280989824236818
2023-05-21 00:00:00+00:00,LASSO,0.2135753931544866
2023-05-22 00:00:00+00:00,LASSO,-0.15737742830712304
2023-05-23 00:00:00+00:00,LASSO,0.3834412580943571
2023-05-24 00:00:00+00:00,LASSO,0.005434782608695652
2023-05-25 00:00:00+00:00,LASSO,-0.1276595744680851
2023-05-26 00:00:00+00:00,LASSO,0.21623968736430746
2023-05-27 00:00:00+00:00,LASSO,-0.07012592270950933
2023-05-28 00:00:00+00:00,LASSO,0.027520814061054583
2023-05-29 00:00:00+00:00,LASSO,0.1343663274745606
2023-05-30 00:00:00+00:00,LASSO,0.5558510638297873
2023-05-31 00:00:00+00:00,LASSO,-0.26376040703052733
2023-06-01 00:00:00+00:00,LASSO,0.11470860314523591
2023-06-02 00:00:00+00:00,LASSO,0.3684859697810669
2023-06-03 00:00:00+00:00,LASSO,0.10181930311440024
2023-06-04 00:00:00+00:00,LASSO,0.6897815362931641
2023-06-05 00:00:00+00:00,LASSO,-0.28132487667371386
2023-06-06 00:00:00+00:00,LASSO,0.34277660324171955
2023-06-07 00:00:00+00:00,LASSO,0.09006342494714586
2023-06-08 00:00:00+00:00,LASSO,0.10599013389711062
2023-06-09 00:00:00+00:00,LASSO,0.3085271317829457
2023-06-10 00:00:00+00:00,LASSO,0.12896405919661733
2023-06-11 00:00:00+00:00,LASSO,-0.17444005270092228
2023-06-12 00:00:00+00:00,LASSO,0.06086956521739129
2023-06-13 00:00:00+00:00,LASSO,0.14686398872445383
2023-06-14 00:00:00+00:00,LASSO,-0.3550724637681159
2023-06-15 00:00:00+00:00,LASSO,-0.08945981554677206
2023-06-16 00:00:00+00:00,LASSO,0.1424242424242424
2023-06-17 00:00:00+00:00,LASSO,0.29433465085639
2023-06-18 00:00:00+00:00,LASSO,-0.1579710144927536
2023-06-19 00:00:00+00:00,LASSO,-0.26653491436100124
2023-06-20 00:00:00+00:00,LASSO,-0.2331791551032994
2023-06-21 00:00:00+00:00,LASSO,0.20259019426456987
2023-06-22 00:00:00+00:00,LASSO,0.24838112858464384
2023-06-23 00:00:00+00:00,LASSO,-0.03089731729879741
2023-06-24 00:00:00+00:00,LASSO,0.20727721245760097
2023-06-25 00:00:00+00:00,LASSO,0.2615479494295405
2023-06-26 00:00:00+00:00,LASSO,0.0694958371877891
2023-06-27 00:00:00+00:00,LASSO,0.3256244218316374
2023-06-28 00:00:00+00:00,LASSO,0.03573080481036078
2023-06-29 00:00:00+00:00,LASSO,0.14095744680851063
2023-06-30 00:00:00+00:00,LASSO,0.20756244218316375
2023-07-01 00:00:00+00:00,LASSO,0.323427382053654
2023-07-02 00:00:00+00:00,LASSO,0.0020814061054579094
2023-07-03 00:00:00+00:00,LASSO,0.4039084181313599
2023-07-04 00:00:00+00:00,LASSO,0.23612395929694727
2023-07-05 00:00:00+00:00,LASSO,-0.06683626271970398
2023-07-06 00:00:00+00:00,LASSO,0.0035846438482886223
2023-07-07 00:00:00+00:00,LASSO,0.3016882516188714
2023-07-08 00:00:00+00:00,LASSO,0.21160962072155412
2023-07-09 00:00:00+00:00,LASSO,0.18489824236817762
2023-07-10 00:00:00+00:00,LASSO,0.20756244218316375
2023-07-11 00:00:00+00:00,LASSO,0.06567992599444959
2023-07-12 00:00:00+00:00,LASSO,0.4558279370952822
2023-07-13 00:00:00+00:00,LASSO,0.1267345050878816
2023-07-14 00:00:00+00:00,LASSO,0.21808510638297873
2023-07-15 00:00:00+00:00,LASSO,-0.14789546716003701
2023-07-16 00:00:00+00:00,LASSO,0.22386679000925072
2023-07-17 00:00:00+00:00,LASSO,-0.08406567992599445
2023-07-18 00:00:00+00:00,LASSO,0.06903330249768733
2023-07-19 00:00:00+00:00,LASSO,0.20756844274523215
2023-07-20 00:00:00+00:00,LASSO,0.09956059204440333
2023-07-21 00:00:00+00:00,LASSO,0.17657261794634596
2023-07-22 00:00:00+00:00,LASSO,0.15679925994449584
2023-07-23 00:00:00+00:00,LASSO,0.37661887141535616
2023-07-24 00:00:00+00:00,LASSO,0.13980111008325624
2023-07-25 00:00:00+00:00,LASSO,0.04613783533765032
2023-07-26 00:00:00+00:00,LASSO,-0.057932469935245146
2023-07-27 00:00:00+00:00,LASSO,-0.07207989578810248
2023-07-28 00:00:00+00:00,LASSO,0.09759481961147086
2023-07-29 00:00:00+00:00,LASSO,0.23022664199814988
2023-07-30 00:00:00+00:00,LASSO,-0.08233117483811286
2023-07-31 00:00:00+00:00,LASSO,0.12072155411655874
2023-08-01 00:00:00+00:00,LASSO,0.21222318714719932
2023-08-02 00:00:00+00:00,LASSO,0.10062961354754667
2023-08-03 00:00:00+00:00,LASSO,0.25316326530612243
2023-08-04 00:00:00+00:00,LASSO,0.17591836734693878
2023-08-05 00:00:00+00:00,LASSO,0.005000127555901394
2023-08-06 00:00:00+00:00,LASSO,0.32122448979591833
2023-08-07 00:00:00+00:00,LASSO,0.17291257435663085
2023-08-08 00:00:00+00:00,LASSO,0.05428709917835799
2023-08-09 00:00:00+00:00,LASSO,0.23642857142857138
2023-08-10 00:00:00+00:00,LASSO,-0.0833633460827579
2023-08-11 00:00:00+00:00,LASSO,0.23476590636254502
2023-08-12 00:00:00+00:00,LASSO,-0.07687875150060022
2023-08-13 00:00:00+00:00,LASSO,-0.04883553421368547
2023-08-14 00:00:00+00:00,LASSO,0.4523889555822329
2023-08-15 00:00:00+00:00,LASSO,0.08955582232893158
2023-08-16 00:00:00+00:00,LASSO,0.17483793517406962
2023-08-17 00:00:00+00:00,LASSO,-0.15785714285714283
2023-08-18 00:00:00+00:00,LASSO,-0.17836734693877548
2023-08-19 00:00:00+00:00,LASSO,0.29734693877551016
2023-08-20 00:00:00+00:00,LASSO,0.2393877551020408
2023-08-21 00:00:00+00:00,LASSO,0.18285714285714283
2023-08-22 00:00:00+00:00,LASSO,0.04428571428571428
2023-08-23 00:00:00+00:00,LASSO,0.35508033000434214
2023-08-24 00:00:00+00:00,LASSO,0.23947025618758142
2023-08-25 00:00:00+00:00,LASSO,0.00412505427702996
2023-08-26 00:00:00+00:00,LASSO,0.0033651758575770734
2023-08-27 00:00:00+00:00,LASSO,0.27312201476335213
2023-08-28 00:00:00+00:00,LASSO,0.036691272253582284
2023-08-29 00:00:00+00:00,LASSO,0.033217542336083365
2023-08-30 00:00:00+00:00,LASSO,0.13015631784628745
2023-08-31 00:00:00+00:00,LASSO,0.3021059487624837
2023-09-01 00:00:00+00:00,LASSO,0.11648166747850876
2023-09-02 00:00:00+00:00,LASSO,0.0121580547112462
2023-09-03 00:00:00+00:00,LASSO,0.01606600086843248
2023-09-04 00:00:00+00:00,LASSO,0.0023881893182805037
2023-09-05 00:00:00+00:00,LASSO,0.20625271385149804
2023-09-06 00:00:00+00:00,LASSO,0.3046026921406861
2023-09-07 00:00:00+00:00,LASSO,0.16576654821964856
2023-09-08 00:00:00+00:00,LASSO,0.041360219300383826
2023-09-09 00:00:00+00:00,LASSO,0.14231437255753362
2023-09-10 00:00:00+00:00,LASSO,0.4926183239253148
2023-09-11 00:00:00+00:00,LASSO,0.019703096595852135
2023-09-12 00:00:00+00:00,LASSO,0.09889274858879722
2023-09-13 00:00:00+00:00,LASSO,0.00303951367781155
2023-09-14 00:00:00+00:00,LASSO,-0.07875423990132592
2023-09-15 00:00:00+00:00,LASSO,0.21147086031452358
2023-09-16 00:00:00+00:00,LASSO,0.3934011717545482
2023-09-17 00:00:00+00:00,LASSO,0.048165279062596364
2023-09-18 00:00:00+00:00,LASSO,-0.32445266728337957
2023-09-19 00:00:00+00:00,LASSO,-0.14091890225100215
2023-09-20 00:00:00+00:00,LASSO,0.22565525747764414
2023-09-21 00:00:00+00:00,LASSO,-0.23407142594674252
2023-09-22 00:00:00+00:00,LASSO,0.32297255627505395
2023-09-23 00:00:00+00:00,LASSO,0.28596978106691334
2023-09-24 00:00:00+00:00,LASSO,-0.12377428307123034
2023-09-25 00:00:00+00:00,LASSO,-0.08492136910268269
2023-09-26 00:00:00+00:00,LASSO,0.11119676837751595
2023-09-27 00:00:00+00:00,LASSO,0.06567992599444958
2023-09-28 00:00:00+00:00,LASSO,0.055689176688251615
2023-09-29 00:00:00+00:00,LASSO,0.18199198273203823
2023-09-30 00:00:00+00:00,LASSO,0.12093740363860624
2023-10-01 00:00:00+00:00,LASSO,0.1965464076472402
2023-10-02 00:00:00+00:00,LASSO,0.3358001850138761
2023-10-03 00:00:00+00:00,LASSO,0.052960222016651244
2023-10-04 00:00:00+00:00,LASSO,0.2173913043478261
2023-10-05 00:00:00+00:00,LASSO,-0.1511332099907493
2023-10-06 00:00:00+00:00,LASSO,0.31558173255005495
2023-10-07 00:00:00+00:00,LASSO,0.15300647548566143
2023-10-08 00:00:00+00:00,LASSO,0.2875732346592661
2023-10-09 00:00:00+00:00,LASSO,-0.03324082639531298
2023-10-10 00:00:00+00:00,LASSO,0.053222325007708904
2023-10-11 00:00:00+00:00,LASSO,0.031514030218933085
2023-10-12 00:00:00+00:00,LASSO,0.24637681159420288
2023-10-13 00:00:00+00:00,LASSO,0.023743447425223555
2023-10-14 00:00:00+00:00,LASSO,-0.241820592794365
2023-10-15 00:00:00+00:00,LASSO,0.09959913660191182
2023-10-16 00:00:00+00:00,LASSO,0.29579093432007403
2023-10-17 00:00:00+00:00,LASSO,0.3274745605920444
2023-10-18 00:00:00+00:00,LASSO,0.35545790934320076
2023-10-19 00:00:00+00:00,LASSO,-0.2827243293246994
2023-10-20 00:00:00+00:00,LASSO,0.09724791859389453
2023-10-21 00:00:00+00:00,LASSO,-0.2276827012025902
2023-10-22 00:00:00+00:00,LASSO,0.10625963613937711
2023-10-23 00:00:00+00:00,LASSO,-0.1330249768732655
2023-10-24 00:00:00+00:00,LASSO,-0.25130264871906205
2023-10-25 00:00:00+00:00,LASSO,-0.00206252713851498
2023-10-26 00:00:00+00:00,LASSO,0.45256187581415547
2023-10-27 00:00:00+00:00,LASSO,-0.13145896656534956
2023-10-28 00:00:00+00:00,LASSO,0.25217108119843684
2023-10-29 00:00:00+00:00,LASSO,-0.13797221016066
2023-10-30 00:00:00+00:00,LASSO,0.30829353017802863
2023-10-31 00:00:00+00:00,LASSO,0.38319583152409903
2023-11-01 00:00:00+00:00,LASSO,0.319691706469822
2023-11-02 00:00:00+00:00,LASSO,0.031914893617021274
2023-11-03 00:00:00+00:00,LASSO,0.014980460269214069
2023-11-04 00:00:00+00:00,LASSO,0.35453755970473294
2023-11-05 00:00:00+00:00,LASSO,0.06274594948982112
2023-11-06 00:00:00+00:00,LASSO,0.1313504125054277
2023-11-07 00:00:00+00:00,LASSO,-0.0650238818931828
2023-11-08 00:00:00+00:00,LASSO,0.3659357359965263
2023-11-09 00:00:00+00:00,LASSO,0.2063612679114199
2023-11-10 00:00:00+00:00,LASSO,0.33290934320074006
2023-11-11 00:00:00+00:00,LASSO,0.24329324699352453
2023-11-12 00:00:00+00:00,LASSO,0.1414199814986124
2023-11-13 00:00:00+00:00,LASSO,0.004559270516717325
2023-11-14 00:00:00+00:00,LASSO,0.1585974815458098
2023-11-15 00:00:00+00:00,LASSO,0.2821320017368649
2023-11-16 00:00:00+00:00,LASSO,-0.004776378636561007
2023-11-17 00:00:00+00:00,LASSO,0.05058619192357794
2023-11-18 00:00:00+00:00,LASSO,0.055145462440295265
2023-11-19 00:00:00+00:00,LASSO,0.19018671298306553
2023-11-20 00:00:00+00:00,LASSO,0.13970907511940947
2023-11-21 00:00:00+00:00,LASSO,-0.2596613113330439
2023-11-22 00:00:00+00:00,LASSO,0.03343465045592705
2023-11-23 00:00:00+00:00,LASSO,0.14122883195831523
2023-11-24 00:00:00+00:00,LASSO,-0.009444203213200175
2023-11-25 00:00:00+00:00,LASSO,0.2381676074685193
2023-11-26 00:00:00+00:00,LASSO,0.07729049066435086
2023-11-27 00:00:00+00:00,LASSO,-0.05188884064264003
2023-11-28 00:00:00+00:00,LASSO,0.18823273990447245
2023-11-29 00:00:00+00:00,LASSO,-0.026921406860616587
2023-11-30 00:00:00+00:00,LASSO,0.1866327474560592
2023-12-01 00:00:00+00:00,LASSO,-0.10291396854764107
2023-12-02 00:00:00+00:00,LASSO,0.06995837187789085
2023-12-03 00:00:00+00:00,LASSO,0.013999383287079862
2023-12-04 00:00:00+00:00,LASSO,0.20555041628122106
2023-12-05 00:00:00+00:00,LASSO,0.40869565217391307
2023-12-06 00:00:00+00:00,LASSO,0.37613320999074923
2023-12-07 00:00:00+00:00,LASSO,0.30263504611330694
2023-12-08 00:00:00+00:00,LASSO,0.1996047430830039
2023-12-09 00:00:00+00:00,LASSO,0.01185770750988142
2023-12-10 00:00:00+00:00,LASSO,0.15322793148880104
2023-12-11 00:00:00+00:00,LASSO,0.20065876152832673
2023-12-12 00:00:00+00:00,LASSO,0.08300395256916995
2023-12-13 00:00:00+00:00,LASSO,-0.3736495388669301
2023-12-14 00:00:00+00:00,LASSO,0.08921775898520085
2023-12-15 00:00:00+00:00,LASSO,-0.011275546159267088
2023-12-16 00:00:00+00:00,LASSO,0.16236786469344608
2023-12-17 00:00:00+00:00,LASSO,0.2105708245243129
2023-12-18 00:00:00+00:00,LASSO,0.08907681465821
2023-12-19 00:00:00+00:00,LASSO,0.05665349143610013
2023-12-20 00:00:00+00:00,LASSO,0.19499341238471674
2023-12-21 00:00:00+00:00,LASSO,0.2205982115325316
2023-12-22 00:00:00+00:00,LASSO,0.17927844588344127
2023-12-23 00:00:00+00:00,LASSO,0.21628122109158188
2023-12-24 00:00:00+00:00,LASSO,0.1284584980237154
2023-12-25 00:00:00+00:00,LASSO,0.09209486166007903
2023-12-26 00:00:00+00:00,LASSO,0.3396574440052701
2023-12-27 00:00:00+00:00,LASSO,0.1608695652173913
2023-12-28 00:00:00+00:00,LASSO,0.08537549407114624
2023-12-29 00:00:00+00:00,LASSO,-0.16205533596837943
2023-12-30 00:00:00+00:00,LASSO,0.470223978919631
2023-12-31 00:00:00+00:00,LASSO,0.05559947299077734
2024-01-01 00:00:00+00:00,LASSO,0.08010540184453227
2024-01-02 00:00:00+00:00,LASSO,0.04268774703557312
2024-01-03 00:00:00+00:00,LASSO,0.09407114624505929
2024-01-04 00:00:00+00:00,LASSO,0.3059512796793093
2024-01-05 00:00:00+00:00,LASSO,0.30830039525691694
2024-01-06 00:00:00+00:00,LASSO,0.3607378129117259
2024-01-07 00:00:00+00:00,LASSO,-0.07285902503293806
2024-01-08 00:00:00+00:00,LASSO,0.5441258094357077
2024-01-09 00:00:00+00:00,LASSO,0.04795783926218709
2024-01-10 00:00:00+00:00,LASSO,0.1669441874807277
2024-01-11 00:00:00+00:00,LASSO,0.07591736046870182
2024-01-12 00:00:00+00:00,LASSO,0.07123034227567068
2024-01-13 00:00:00+00:00,LASSO,0.1346508563899868
2024-01-14 00:00:00+00:00,LASSO,-0.04312896405919661
2024-01-15 00:00:00+00:00,LASSO,-0.05567300916138126
2024-01-16 00:00:00+00:00,LASSO,0.3268498942917547
2024-01-17 00:00:00+00:00,LASSO,0.5199335548172757
2024-01-18 00:00:00+00:00,LASSO,0.11794019933554818
2024-01-19 00:00:00+00:00,LASSO,0.13092721232256116
2024-01-20 00:00:00+00:00,LASSO,0.35850196315312594
2024-01-21 00:00:00+00:00,LASSO,0.34793113862881303
2024-01-22 00:00:00+00:00,LASSO,-0.01676230745998188
2024-01-23 00:00:00+00:00,LASSO,-0.36952582301419507
2024-01-24 00:00:00+00:00,LASSO,0.34838417396556925
2024-01-25 00:00:00+00:00,LASSO,-0.46753246753246747
2024-01-26 00:00:00+00:00,LASSO,-0.12126245847176079
2024-01-27 00:00:00+00:00,LASSO,0.28405315614617943
2024-01-28 00:00:00+00:00,LASSO,-0.2716701902748414
2024-01-29 00:00:00+00:00,LASSO,0.05863284002818885
2024-01-30 00:00:00+00:00,LASSO,0.3162790697674418
2024-01-31 00:00:00+00:00,LASSO,0.3281183932346723
2024-02-01 00:00:00+00:00,LASSO,0.10408432147562581
2024-02-02 00:00:00+00:00,LASSO,0.3081686429512516
2024-02-03 00:00:00+00:00,LASSO,0.23044397463002114
2024-02-04 00:00:00+00:00,LASSO,-0.08766737138830162
2024-02-05 00:00:00+00:00,LASSO,0.3181818181818182
2024-02-06 00:00:00+00:00,LASSO,-0.27747035573122525
2024-02-07 00:00:00+00:00,LASSO,0.22872200263504605
2024-02-08 00:00:00+00:00,LASSO,-0.15898520084566595
2024-02-09 00:00:00+00:00,LASSO,0.004651162790697674
2024-02-10 00:00:00+00:00,LASSO,0.07822410147991543
2024-02-11 00:00:00+00:00,LASSO,-0.2178999295278365
2024-02-12 00:00:00+00:00,LASSO,0.2463706835799859
2024-02-13 00:00:00+00:00,LASSO,-0.0008456659619450317
2024-02-14 00:00:00+00:00,LASSO,-0.028329809725158563
2024-02-15 00:00:00+00:00,LASSO,-0.1062720225510923
2024-02-16 00:00:00+00:00,LASSO,0.23875968992248062
2024-02-17 00:00:00+00:00,LASSO,-0.10117789187556628
2024-02-18 00:00:00+00:00,LASSO,-0.1356085774690426
2024-02-19 00:00:00+00:00,LASSO,0.4331017819389912
2024-02-20 00:00:00+00:00,LASSO,0.061159770462096044
2024-02-21 00:00:00+00:00,LASSO,0.09181516158260344
2024-02-22 00:00:00+00:00,LASSO,0.2913043478260869
2024-02-23 00:00:00+00:00,LASSO,-0.16851119894598152
2024-02-24 00:00:00+00:00,LASSO,0.11120507399577165
2024-02-25 00:00:00+00:00,LASSO,0.5383399209486165
2024-02-26 00:00:00+00:00,LASSO,0.3217391304347826
2024-02-27 00:00:00+00:00,LASSO,0.00013175230566534913
2024-02-28 00:00:00+00:00,LASSO,0.1533596837944664
2024-02-29 00:00:00+00:00,LASSO,-0.2872200263504611
2024-03-01 00:00:00+00:00,LASSO,-0.04295125164690381
2024-03-02 00:00:00+00:00,LASSO,0.04940711462450593
2024-03-03 00:00:00+00:00,LASSO,0.1763213530655391
2024-03-04 00:00:00+00:00,LASSO,0.26553911205073993
2024-03-05 00:00:00+00:00,LASSO,0.15715292459478505
2024-03-06 00:00:00+00:00,LASSO,0.15630725863284003
2024-03-07 00:00:00+00:00,LASSO,-0.28390214436726063
2024-03-08 00:00:00+00:00,LASSO,-0.07293868921775899
2024-03-09 00:00:00+00:00,LASSO,0.24749823819591263
2024-03-10 00:00:00+00:00,LASSO,0.12825933756166313
2024-03-11 00:00:00+00:00,LASSO,0.3461592670894996
2024-03-12 00:00:00+00:00,LASSO,0.32793148880105394
2024-03-13 00:00:00+00:00,LASSO,-0.22529644268774704
2024-03-14 00:00:00+00:00,LASSO,0.280172679617638
2024-03-15 00:00:00+00:00,LASSO,0.5481961147086031
2024-03-16 00:00:00+00:00,LASSO,-0.2983040394696269
2024-03-17 00:00:00+00:00,LASSO,0.696969696969697
2024-03-18 00:00:00+00:00,LASSO,-0.24110671936758893
2024-03-19 00:00:00+00:00,LASSO,-0.1989459815546772
2024-03-20 00:00:00+00:00,LASSO,0.41775898520084565
2024-03-21 00:00:00+00:00,LASSO,0.0960434913923286
2024-03-22 00:00:00+00:00,LASSO,-0.16309272123225613
2024-03-23 00:00:00+00:00,LASSO,-0.07928118393234672
2024-03-24 00:00:00+00:00,LASSO,0.07822410147991543
2024-03-25 00:00:00+00:00,LASSO,-0.08118393234672304
2024-03-26 00:00:00+00:00,LASSO,0.3799859055673009
2024-03-27 00:00:00+00:00,LASSO,-0.03988724453840732
2024-03-28 00:00:00+00:00,LASSO,0.5083861874559549
2024-03-29 00:00:00+00:00,LASSO,-0.2380764163372859
2024-03-30 00:00:00+00:00,LASSO,-0.10415785764622974
2024-03-31 00:00:00+00:00,LASSO,0.3482734319943622
2024-04-01 00:00:00+00:00,LASSO,0.32463768115942027
2024-04-02 00:00:00+00:00,LASSO,0.2123847167325428
2024-04-03 00:00:00+00:00,LASSO,0.01905642923219241
2024-04-04 00:00:00+00:00,LASSO,0.08063241106719368
2024-04-05 00:00:00+00:00,LASSO,0.0994729907773386
2024-04-06 00:00:00+00:00,LASSO,-0.48313570487483526
2024-04-07 00:00:00+00:00,LASSO,-0.2748414376321353
2024-04-08 00:00:00+00:00,LASSO,0.32411067193675885
2024-04-09 00:00:00+00:00,LASSO,-0.05665349143610013
2024-04-10 00:00:00+00:00,LASSO,0.3022397891963109
2024-04-11 00:00:00+00:00,LASSO,0.40316205533596833
2024-04-12 00:00:00+00:00,LASSO,0.15652173913043474
2024-04-13 00:00:00+00:00,LASSO,-0.4135704874835309
2024-04-14 00:00:00+00:00,LASSO,0.330961791831357
2024-04-15 00:00:00+00:00,LASSO,-0.21634954193093725
2024-04-16 00:00:00+00:00,LASSO,0.4028188865398167
2024-04-17 00:00:00+00:00,LASSO,-0.0466626396858955
2024-04-18 00:00:00+00:00,LASSO,-0.07142857142857142
2024-04-19 00:00:00+00:00,LASSO,-0.6288130474176986
2024-04-20 00:00:00+00:00,LASSO,0.05013591060102687
2024-04-21 00:00:00+00:00,LASSO,0.08018725460585927
2024-04-22 00:00:00+00:00,LASSO,-0.14633041377227424
2024-04-23 00:00:00+00:00,LASSO,0.24781032920567805
2024-04-24 00:00:00+00:00,LASSO,0.03974630021141649
2024-04-25 00:00:00+00:00,LASSO,0.4661028893587032
2024-04-26 00:00:00+00:00,LASSO,0.12445384073291048
2024-04-27 00:00:00+00:00,LASSO,0.08935870331219167
2024-04-28 00:00:00+00:00,LASSO,-0.10007047216349543
2024-04-29 00:00:00+00:00,LASSO,0.4804792107117688
2024-04-30 00:00:00+00:00,LASSO,-0.21775898520084566
2024-05-01 00:00:00+00:00,LASSO,-0.2486257928118393
2024-05-02 00:00:00+00:00,LASSO,-0.5534581697372395
2024-05-03 00:00:00+00:00,LASSO,-0.030710639332306947
2024-05-04 00:00:00+00:00,LASSO,0.08273235556275829
2024-05-05 00:00:00+00:00,LASSO,0.05631634389433596
2024-05-06 00:00:00+00:00,LASSO,0.20446994865599516
2024-05-07 00:00:00+00:00,LASSO,0.24041075203865903
2024-05-08 00:00:00+00:00,LASSO,-0.09845231342678877
2024-05-09 00:00:00+00:00,LASSO,0.15783972125435544
2024-05-10 00:00:00+00:00,LASSO,0.02491289198606272
2024-05-11 00:00:00+00:00,LASSO,0.09268292682926832
2024-05-12 00:00:00+00:00,LASSO,0.25435540069686413
2024-05-13 00:00:00+00:00,LASSO,0.04494773519163764
2024-05-14 00:00:00+00:00,LASSO,-0.29721254355400706
2024-05-15 00:00:00+00:00,LASSO,0.2898954703832753
2024-05-16 00:00:00+00:00,LASSO,-0.2266550522648084
2024-05-17 00:00:00+00:00,LASSO,-0.17160278745644603
2024-05-18 00:00:00+00:00,LASSO,0.3571428571428572
2024-05-19 00:00:00+00:00,LASSO,-0.10522648083623697
2024-05-20 00:00:00+00:00,LASSO,-0.3159387407827567
2024-05-21 00:00:00+00:00,LASSO,0.05599222105177863
2024-05-22 00:00:00+00:00,LASSO,0.04318936877076412
2024-05-23 00:00:00+00:00,LASSO,0.16246657483186128
2024-05-24 00:00:00+00:00,LASSO,-0.18423437028088194
2024-05-25 00:00:00+00:00,LASSO,-0.011627906976744188
2024-05-26 00:00:00+00:00,LASSO,-0.34370280881908793
2024-05-27 00:00:00+00:00,LASSO,-0.04439746300211417
2024-05-28 00:00:00+00:00,LASSO,0.19698565756421685
2024-05-29 00:00:00+00:00,LASSO,0.052102746941090676
2024-05-30 00:00:00+00:00,LASSO,-0.12373389514626043
2024-05-31 00:00:00+00:00,LASSO,0.19066526213434892
2024-06-01 00:00:00+00:00,LASSO,0.19520298193015154
2024-06-02 00:00:00+00:00,LASSO,0.11789968398022851
2024-06-03 00:00:00+00:00,LASSO,-0.16975933878940122
2024-06-04 00:00:00+00:00,LASSO,-0.0501580098857467
2024-06-05 00:00:00+00:00,LASSO,0.31244337058290544
2024-06-06 00:00:00+00:00,LASSO,0.33871942011476897
2024-06-07 00:00:00+00:00,LASSO,0.26396858954998487
2024-06-08 00:00:00+00:00,LASSO,-0.04922983992751435
2024-06-09 00:00:00+00:00,LASSO,0.26336454243430985
2024-06-10 00:00:00+00:00,LASSO,0.49486559951676234
2024-06-11 00:00:00+00:00,LASSO,-0.36349541930937274
2024-06-12 00:00:00+00:00,LASSO,0.525369978858351
2024-06-13 00:00:00+00:00,LASSO,0.3409845967985503
2024-06-14 00:00:00+00:00,LASSO,0.052149400986610285
2024-06-15 00:00:00+00:00,LASSO,-0.2878284506191483
2024-06-16 00:00:00+00:00,LASSO,0.7213530655391119
2024-06-17 00:00:00+00:00,LASSO,0.34108527131782945
2024-06-18 00:00:00+00:00,LASSO,0.09133192389006342
2024-06-19 00:00:00+00:00,LASSO,-0.09936575052854121
2024-06-20 00:00:00+00:00,LASSO,0.13967582804792106
2024-06-21 00:00:00+00:00,LASSO,0.14672304439746298
2024-06-22 00:00:00+00:00,LASSO,0.3940803382663847
2024-06-23 00:00:00+00:00,LASSO,-0.6042283298097252
2024-06-24 00:00:00+00:00,LASSO,0.129245947850599
2024-06-25 00:00:00+00:00,LASSO,0.19027484143763213
2024-06-26 00:00:00+00:00,LASSO,0.2102766798418972
2024-06-27 00:00:00+00:00,LASSO,0.44242424242424244
2024-06-28 00:00:00+00:00,LASSO,0.0016651248843663274
2024-06-29 00:00:00+00:00,LASSO,-0.2488436632747456
2024-06-30 00:00:00+00:00,LASSO,0.2968239284613013
2024-07-01 00:00:00+00:00,LASSO,0.29417206290471787
2024-07-02 00:00:00+00:00,LASSO,0.33879722101606596
2024-07-03 00:00:00+00:00,LASSO,0.14280758556891765
2024-07-04 00:00:00+00:00,LASSO,0.166049953746531
2024-07-05 00:00:00+00:00,LASSO,-0.5485661424606846
2024-07-06 00:00:00+00:00,LASSO,0.22086031452358929
2024-07-07 00:00:00+00:00,LASSO,-0.1352913968547641
2024-07-08 00:00:00+00:00,LASSO,-0.39061054579093435
2024-07-09 00:00:00+00:00,LASSO,-0.06036077705827937
2024-07-10 00:00:00+00:00,LASSO,0.4431176726009553
2024-07-11 00:00:00+00:00,LASSO,0.05596669750231268
2024-07-12 00:00:00+00:00,LASSO,0.3822849213691027
2024-07-13 00:00:00+00:00,LASSO,-0.4087650323774283
2024-07-14 00:00:00+00:00,LASSO,-0.71577243293247
2024-07-15 00:00:00+00:00,LASSO,-0.07018963922294172
2024-07-16 00:00:00+00:00,LASSO,0.16258094357076783
2024-07-17 00:00:00+00:00,LASSO,0.15325316065371566
2024-07-18 00:00:00+00:00,LASSO,0.03496762257169288
2024-07-19 00:00:00+00:00,LASSO,0.09084181313598519
2024-07-20 00:00:00+00:00,LASSO,0.169415081042988
2024-07-21 00:00:00+00:00,LASSO,0.3911205073995771
2024-07-22 00:00:00+00:00,LASSO,0.06878083157152924
2024-07-23 00:00:00+00:00,LASSO,0.3587033121916843
2024-07-24 00:00:00+00:00,LASSO,0.4211416490486258
2024-07-25 00:00:00+00:00,LASSO,-0.29105003523608175
2024-07-26 00:00:00+00:00,LASSO,-0.01930937279774489
2024-07-27 00:00:00+00:00,LASSO,0.4064834390415786
2024-07-28 00:00:00+00:00,LASSO,0.11627906976744186
2024-07-29 00:00:00+00:00,LASSO,0.3436222692036645
2024-07-30 00:00:00+00:00,LASSO,0.28357998590556727
2024-07-31 00:00:00+00:00,LASSO,0.011557434813248767
2024-08-01 00:00:00+00:00,LASSO,0.37075098814229246
2024-08-02 00:00:00+00:00,LASSO,0.5797101449275361
2024-08-03 00:00:00+00:00,LASSO,-0.004347826086956521
2024-08-04 00:00:00+00:00,LASSO,0.3272727272727272
2024-08-05 00:00:00+00:00,LASSO,-0.41014492753623183
2024-08-06 00:00:00+00:00,LASSO,0.267193675889328
2024-08-07 00:00:00+00:00,LASSO,-0.40302189330866484
2024-08-08 00:00:00+00:00,LASSO,0.04582176996608079
2024-08-09 00:00:00+00:00,LASSO,-0.22947887758248536
2024-08-10 00:00:00+00:00,LASSO,0.13943879124267652
2024-08-11 00:00:00+00:00,LASSO,-0.185445575084798
2024-08-12 00:00:00+00:00,LASSO,-0.00425531914893617
2024-08-13 00:00:00+00:00,LASSO,0.055689176688251615
2024-08-14 00:00:00+00:00,LASSO,0.33822849213691025
2024-08-15 00:00:00+00:00,LASSO,0.3767345050878816
2024-08-16 00:00:00+00:00,LASSO,0.051572617946345975
2024-08-17 00:00:00+00:00,LASSO,0.06463922294172063
2024-08-18 00:00:00+00:00,LASSO,0.104995374653099
2024-08-19 00:00:00+00:00,LASSO,0.06358310206598829
2024-08-20 00:00:00+00:00,LASSO,-0.009435707678075856
2024-08-21 00:00:00+00:00,LASSO,-0.22109158186864014
2024-08-22 00:00:00+00:00,LASSO,-0.44162812210915814
2024-08-23 00:00:00+00:00,LASSO,-0.43607770582793703
2024-08-24 00:00:00+00:00,LASSO,0.20542707369719393
2024-08-25 00:00:00+00:00,LASSO,0.25164690382081684
2024-08-26 00:00:00+00:00,LASSO,0.1067193675889328
2024-08-27 00:00:00+00:00,LASSO,0.0903820816864295
2024-08-28 00:00:00+00:00,LASSO,0.2843663274745606
2024-08-29 00:00:00+00:00,LASSO,-0.16645081714461918
2024-08-30 00:00:00+00:00,LASSO,0.43003391921060746
2024-08-31 00:00:00+00:00,LASSO,0.4628458498023715
2024-09-01 00:00:00+00:00,LASSO,-0.35599472990777337
2024-09-02 00:00:00+00:00,LASSO,0.3805006587615283
2024-09-03 00:00:00+00:00,LASSO,-0.15929694727104532
2024-09-04 00:00:00+00:00,LASSO,0.13438174529756397
2024-09-05 00:00:00+00:00,LASSO,-0.03410422448350293
2024-09-06 00:00:00+00:00,LASSO,-0.25390070921985813
2024-09-07 00:00:00+00:00,LASSO,-0.1728646315140302
2024-09-08 00:00:00+00:00,LASSO,-0.3483811285846438
2024-09-09 00:00:00+00:00,LASSO,0.10684551341350601
2024-09-10 00:00:00+00:00,LASSO,0.2024745605920444
2024-09-11 00:00:00+00:00,LASSO,-0.13691026827012026
2024-09-12 00:00:00+00:00,LASSO,0.12153098982423681
2024-09-13 00:00:00+00:00,LASSO,-0.13760407030527289
2024-09-14 00:00:00+00:00,LASSO,-0.018038852913968548
2024-09-15 00:00:00+00:00,LASSO,0.2538159111933395
2024-09-16 00:00:00+00:00,LASSO,-0.4512025901942646
2024-09-17 00:00:00+00:00,LASSO,-0.39350846721667393
2024-09-18 00:00:00+00:00,LASSO,-0.17857142857142855
2024-09-19 00:00:00+00:00,LASSO,-0.2097959183673469
2024-09-20 00:00:00+00:00,LASSO,-0.0413265306122449
2024-09-21 00:00:00+00:00,LASSO,0.12173469387755101
2024-09-22 00:00:00+00:00,LASSO,-0.11112244897959182
2024-09-23 00:00:00+00:00,LASSO,-0.09387755102040815
2024-09-24 00:00:00+00:00,LASSO,0.11418367346938775
2024-09-25 00:00:00+00:00,LASSO,-0.07544507164567955
2024-09-26 00:00:00+00:00,LASSO,0.10117238384715588
2024-09-27 00:00:00+00:00,LASSO,0.2615067303517151
2024-09-28 00:00:00+00:00,LASSO,-0.25944420321320016
2024-09-29 00:00:00+00:00,LASSO,-0.17889709075119412
2024-09-30 00:00:00+00:00,LASSO,0.1615284411636995
2024-10-01 00:00:00+00:00,LASSO,0.07620495006513242
2024-10-02 00:00:00+00:00,LASSO,0.2583586626139817
2024-10-03 00:00:00+00:00,LASSO,-0.3433564915327833
2024-10-04 00:00:00+00:00,LASSO,0.2391445940078159
2024-10-05 00:00:00+00:00,LASSO,-0.3698436821537125
2024-10-06 00:00:00+00:00,LASSO,-0.034954407294832825
2024-10-07 00:00:00+00:00,LASSO,0.06524099001302648
2024-10-08 00:00:00+00:00,LASSO,0.24012158054711244
2024-10-09 00:00:00+00:00,LASSO,0.1490447242726878
2024-10-10 00:00:00+00:00,LASSO,-0.09878419452887537
2024-10-11 00:00:00+00:00,LASSO,-0.11951801997394704
2024-10-12 00:00:00+00:00,LASSO,-0.20104211897524968
2024-10-13 00:00:00+00:00,LASSO,-0.07251411202778983
2024-10-14 00:00:00+00:00,LASSO,0.1445940078158923
2024-10-15 00:00:00+00:00,LASSO,0.381133304385584
2024-10-16 00:00:00+00:00,LASSO,0.01227258711069997
2024-10-17 00:00:00+00:00,LASSO,0.1417823003391921
2024-10-18 00:00:00+00:00,LASSO,0.1306814677767499
2024-10-19 00:00:00+00:00,LASSO,0.14609929078014183
2024-10-20 00:00:00+00:00,LASSO,0.3689064558629776
2024-10-21 00:00:00+00:00,LASSO,0.044532279314888006
2024-10-22 00:00:00+00:00,LASSO,0.22319575755709806
2024-10-23 00:00:00+00:00,LASSO,0.09565217391304347
2024-10-24 00:00:00+00:00,LASSO,0.36281221091581867
2024-10-25 00:00:00+00:00,LASSO,0.2794326241134752
2024-10-26 00:00:00+00:00,LASSO,0.21646903820816862
2024-10-27 00:00:00+00:00,LASSO,0.2733860342555995
2024-10-28 00:00:00+00:00,LASSO,-0.2191040843214756
2024-10-29 00:00:00+00:00,LASSO,0.21449275362318837
2024-10-30 00:00:00+00:00,LASSO,0.2595520421607378
2024-10-31 00:00:00+00:00,LASSO,0.3705426356589147
2024-11-01 00:00:00+00:00,LASSO,0.3168428470754052
2024-11-02 00:00:00+00:00,LASSO,0.3284584980237154
2024-11-03 00:00:00+00:00,LASSO,0.0
2024-11-04 00:00:00+00:00,LASSO,-0.436627140974967
2024-11-05 00:00:00+00:00,LASSO,-0.2545174221399938
2024-11-06 00:00:00+00:00,LASSO,0.20061671292013566
2024-11-07 00:00:00+00:00,LASSO,0.4734505087881591
2024-11-08 00:00:00+00:00,LASSO,-0.25871106999691645
2024-11-09 00:00:00+00:00,LASSO,0.03842121492445267
2024-11-10 00:00:00+00:00,LASSO,0.14319943622269204
2024-11-11 00:00:00+00:00,LASSO,-0.0711768851303735
2024-11-12 00:00:00+00:00,LASSO,0.26956521739130435
2024-11-13 00:00:00+00:00,LASSO,0.2722002635046113
2024-11-14 00:00:00+00:00,LASSO,0.03610013175230566
2024-11-15 00:00:00+00:00,LASSO,-0.05919661733615221
2024-11-16 00:00:00+00:00,LASSO,0.3653276955602537
2024-11-17 00:00:00+00:00,LASSO,0.02903453136011275
2024-11-18 00:00:00+00:00,LASSO,0.35889328063241105
2024-11-19 00:00:00+00:00,LASSO,0.34466403162055326
2024-11-20 00:00:00+00:00,LASSO,-0.013438735177865613
2024-11-21 00:00:00+00:00,LASSO,0.19631093544137024
2024-11-22 00:00:00+00:00,LASSO,-0.32055335968379445
2024-11-23 00:00:00+00:00,LASSO,-0.3258234519104084
2024-11-24 00:00:00+00:00,LASSO,0.05223558433549182
2024-11-25 00:00:00+00:00,LASSO,0.17767499229108852
2024-11-26 00:00:00+00:00,LASSO,0.27129201356768423
2024-11-27 00:00:00+00:00,LASSO,-0.07049028677150786
2024-11-28 00:00:00+00:00,LASSO,-0.020467160037002774
2024-11-29 00:00:00+00:00,LASSO,0.12523126734505088
2024-11-30 00:00:00+00:00,LASSO,0.002890841813135985
2024-12-01 00:00:00+00:00,LASSO,0.23122014763352147
2024-12-02 00:00:00+00:00,LASSO,0.08391228831958317
2024-12-03 00:00:00+00:00,LASSO,0.2826747720364742
2024-12-04 00:00:00+00:00,LASSO,0.34617889709075117
2024-12-05 00:00:00+00:00,LASSO,0.1302648719062093
2024-12-06 00:00:00+00:00,LASSO,0.12668258792878853
2024-12-07 00:00:00+00:00,LASSO,0.2577073382544507
2024-12-08 00:00:00+00:00,LASSO,0.09943551888840642
2024-12-09 00:00:00+00:00,LASSO,-0.19865392965696918
2024-12-10 00:00:00+00:00,LASSO,-0.12613981762917933
2024-12-11 00:00:00+00:00,LASSO,0.18285538082022817
2024-12-12 00:00:00+00:00,LASSO,0.02937095282146161
2024-12-13 00:00:00+00:00,LASSO,0.19669287696577245
2024-12-14 00:00:00+00:00,LASSO,0.3635522664199815
2024-12-15 00:00:00+00:00,LASSO,0.3204515848892749
2024-12-16 00:00:00+00:00,LASSO,-0.15718627876682587
2024-12-17 00:00:00+00:00,LASSO,0.21363438992618325
2024-12-18 00:00:00+00:00,LASSO,0.07544507164567955
2024-12-19 00:00:00+00:00,LASSO,-0.1842162396873643
2024-12-20 00:00:00+00:00,LASSO,0.37754394079555964
2024-12-21 00:00:00+00:00,LASSO,-0.34192876965772434
2024-12-22 00:00:00+00:00,LASSO,-0.07735892691951897
2024-12-23 00:00:00+00:00,LASSO,-0.018848288621646624
2024-12-24 00:00:00+00:00,LASSO,0.457099907493062
2024-12-25 00:00:00+00:00,LASSO,0.26422294172062905
2024-12-26 00:00:00+00:00,LASSO,-0.1445420906567993
2024-12-27 00:00:00+00:00,LASSO,-0.24859697810669132
2024-12-28 00:00:00+00:00,LASSO,0.5045328399629972
2024-12-29 00:00:00+00:00,LASSO,-0.06938020351526364
2024-12-30 00:00:00+00:00,LASSO,0.07419056429232192
2024-12-31 00:00:00+00:00,LASSO,-0.2277983348751156
2025-01-01 00:00:00+00:00,LASSO,-0.05700740055504163
2025-01-02 00:00:00+00:00,LASSO,-0.21912580943570767
2025-01-03 00:00:00+00:00,LASSO,0.12950971322849214
2025-01-04 00:00:00+00:00,LASSO,0.19264569842738208
2025-01-05 00:00:00+00:00,LASSO,-0.05223558433549182
2025-01-06 00:00:00+00:00,LASSO,0.36577243293246997
2025-01-07 00:00:00+00:00,LASSO,0.16534073388837497
2025-01-08 00:00:00+00:00,LASSO,0.10237154150197628
2025-01-09 00:00:00+00:00,LASSO,-0.4745595489781536
2025-01-10 00:00:00+00:00,LASSO,-0.07794221282593375
2025-01-11 00:00:00+00:00,LASSO,0.34954193093727975
2025-01-12 00:00:00+00:00,LASSO,0.272463768115942
2025-01-13 00:00:00+00:00,LASSO,-0.09723320158102765
2025-01-14 00:00:00+00:00,LASSO,-0.13372859025032938
2025-01-15 00:00:00+00:00,LASSO,0.084707540521494
2025-01-16 00:00:00+00:00,LASSO,0.2625792811839323
2025-01-17 00:00:00+00:00,LASSO,0.3812544045102184
2025-01-18 00:00:00+00:00,LASSO,0.14305849189570122
2025-01-19 00:00:00+00:00,LASSO,0.15828047921071173
2025-01-20 00:00:00+00:00,LASSO,-0.18379140239605354
2025-01-21 00:00:00+00:00,LASSO,0.018708827404479576
2025-01-22 00:00:00+00:00,LASSO,-0.042292490118577074
2025-01-23 00:00:00+00:00,LASSO,0.330961791831357
2025-01-24 00:00:00+00:00,LASSO,0.03333333333333333
2025-01-25 00:00:00+00:00,LASSO,0.34558629776021077
2025-01-26 00:00:00+00:00,LASSO,0.13017127799736494
2025-01-27 00:00:00+00:00,LASSO,0.29472990777338604
2025-01-28 00:00:00+00:00,LASSO,-0.2823451910408432
2025-01-29 00:00:00+00:00,LASSO,-0.0603425559947299
2025-01-30 00:00:00+00:00,LASSO,0.07417654808959155
2025-01-31 00:00:00+00:00,LASSO,0.7548089591567853
2025-02-01 00:00:00+00:00,LASSO,0.24150197628458495
2025-02-02 00:00:00+00:00,LASSO,-0.14883720930232558
2025-02-03 00:00:00+00:00,LASSO,0.38054968287526425
2025-02-04 00:00:00+00:00,LASSO,0.23608174770965465
2025-02-05 00:00:00+00:00,LASSO,0.5437417654808959
2025-02-06 00:00:00+00:00,LASSO,0.2762845849802371
2025-02-07 00:00:00+00:00,LASSO,-0.4341238471673254
2025-02-08 00:00:00+00:00,LASSO,0.19605303731113166
2025-02-09 00:00:00+00:00,LASSO,-0.15888066604995374
2025-02-10 00:00:00+00:00,LASSO,0.29116558741905646
2025-02-11 00:00:00+00:00,LASSO,0.04567530064754857
2025-02-12 00:00:00+00:00,LASSO,0.18998612395929698
2025-02-13 00:00:00+00:00,LASSO,-0.36320536540240517
2025-02-14 00:00:00+00:00,LASSO,0.44449583718778907
2025-02-15 00:00:00+00:00,LASSO,0.12722787542399014
2025-02-16 00:00:00+00:00,LASSO,0.11080368906455862
2025-02-17 00:00:00+00:00,LASSO,0.2414431082331175
2025-02-18 00:00:00+00:00,LASSO,0.18211532531606536
2025-02-19 00:00:00+00:00,LASSO,-0.3205057045945112
2025-02-20 00:00:00+00:00,LASSO,0.004748689485044712
2025-02-21 00:00:00+00:00,LASSO,-0.4431082331174838
2025-02-22 00:00:00+00:00,LASSO,0.36192358366271404
2025-02-23 00:00:00+00:00,LASSO,0.4301572617946346
2025-02-24 00:00:00+00:00,LASSO,-0.3360468701819303
2025-02-25 00:00:00+00:00,LASSO,-0.3454209065679926
2025-02-26 00:00:00+00:00,LASSO,0.48504471168670976
2025-02-27 00:00:00+00:00,LASSO,-0.2574776441566451
2025-02-28 00:00:00+00:00,LASSO,0.2942337341967314
2025-03-01 00:00:00+00:00,LASSO,-0.05235892691951896
2025-03-02 00:00:00+00:00,LASSO,0.5451125501079247
2025-03-03 00:00:00+00:00,LASSO,0.2366327474560592
2025-03-04 00:00:00+00:00,LASSO,0.23046561825470244
2025-03-05 00:00:00+00:00,LASSO,0.39266111625038547
2025-03-06 00:00:00+00:00,LASSO,0.016342892383595434
2025-03-07 00:00:00+00:00,LASSO,0.1288969749911305
2025-03-08 00:00:00+00:00,LASSO,0.213965744400527
2025-03-09 00:00:00+00:00,LASSO,-0.021080368906455864
2025-03-10 00:00:00+00:00,LASSO,-0.07101449275362318
2025-03-11 00:00:00+00:00,LASSO,-0.440169133192389
2025-03-12 00:00:00+00:00,LASSO,0.25637773079633547
2025-03-13 00:00:00+00:00,LASSO,-0.21926910299003324
2025-03-14 00:00:00+00:00,LASSO,-0.06297191180912111
2025-03-15 00:00:00+00:00,LASSO,0.41422530957414677
2025-03-16 00:00:00+00:00,LASSO,-0.14686449967049453
2025-03-17 00:00:00+00:00,LASSO,0.23608174770965465
2025-03-18 00:00:00+00:00,LASSO,0.08639887244538408
2025-03-19 00:00:00+00:00,LASSO,0.12656800563777307
2025-03-20 00:00:00+00:00,LASSO,0.023396758280479206
2025-03-21 00:00:00+00:00,LASSO,0.10049330514446793
2025-03-22 00:00:00+00:00,LASSO,0.16581093325279372
2025-03-23 00:00:00+00:00,LASSO,-0.0816973723950468
2025-03-24 00:00:00+00:00,LASSO,-0.1369676834793114
2025-03-25 00:00:00+00:00,LASSO,0.10253699788583508
2025-03-26 00:00:00+00:00,LASSO,0.08396254907882815
2025-03-27 00:00:00+00:00,LASSO,0.5010570824524313
2025-03-28 00:00:00+00:00,LASSO,0.15931742675928723
2025-03-29 00:00:00+00:00,LASSO,-0.12033060529940848
2025-03-30 00:00:00+00:00,LASSO,0.2976258001782676
2025-03-31 00:00:00+00:00,LASSO,0.22470552703110838
2025-04-01 00:00:00+00:00,LASSO,0.5351857444880701
2025-04-02 00:00:00+00:00,LASSO,-0.14482029598308668
2025-04-03 00:00:00+00:00,LASSO,0.08788885533071579
2025-04-04 00:00:00+00:00,LASSO,0.12292358803986711
2025-04-05 00:00:00+00:00,LASSO,0.22591362126245848
2025-04-06 00:00:00+00:00,LASSO,-0.16928420416792508
2025-04-07 00:00:00+00:00,LASSO,0.3344910903050438
2025-04-08 00:00:00+00:00,LASSO,-0.08668076109936575
2025-04-09 00:00:00+00:00,LASSO,0.2568710359408034
2025-04-10 00:00:00+00:00,LASSO,0.004832376925400181
2025-04-11 00:00:00+00:00,LASSO,-0.027937179099969796
2025-04-12 00:00:00+00:00,LASSO,0.5049833887043189
2025-04-13 00:00:00+00:00,LASSO,-0.19238900634249473
2025-04-14 00:00:00+00:00,LASSO,-0.006795530051344006
2025-04-15 00:00:00+00:00,LASSO,0.31546360616128055
2025-04-16 00:00:00+00:00,LASSO,-0.059947299077733864
2025-04-17 00:00:00+00:00,LASSO,-0.045322793148880096
2025-04-18 00:00:00+00:00,LASSO,-0.058498023715415015
2025-04-19 00:00:00+00:00,LASSO,0.06117021276595745
2025-04-20 00:00:00+00:00,LASSO,0.1871006910093513
2025-04-21 00:00:00+00:00,LASSO,0.060790273556231005
2025-04-22 00:00:00+00:00,LASSO,-0.2573816760746852
2025-04-23 00:00:00+00:00,LASSO,0.1824699352451434
2025-04-24 00:00:00+00:00,LASSO,-0.42423681776133204
2025-04-25 00:00:00+00:00,LASSO,-0.20394696268886833
2025-04-26 00:00:00+00:00,LASSO,0.5678646934460888
2025-04-27 00:00:00+00:00,LASSO,-0.23502929386370644
2025-04-28 00:00:00+00:00,LASSO,0.5583102065988282
2025-04-29 00:00:00+00:00,LASSO,-0.4719010175763183
2025-04-30 00:00:00+00:00,LASSO,0.454209065679926
2025-05-01 00:00:00+00:00,LASSO,0.0061054579093432005
2025-05-02 00:00:00+00:00,LASSO,0.6608078939253776
2025-05-03 00:00:00+00:00,LASSO,-0.06234967622571693
2025-05-04 00:00:00+00:00,LASSO,0.004131976564909035
2025-05-05 00:00:00+00:00,LASSO,0.23515263644773357
2025-05-06 00:00:00+00:00,LASSO,-0.01868640148011101
2025-05-07 00:00:00+00:00,LASSO,-0.24976873265494912
2025-05-08 00:00:00+00:00,LASSO,-0.33961609620721556
2025-05-09 00:00:00+00:00,LASSO,0.02000462534690102
2025-05-10 00:00:00+00:00,LASSO,0.021769966080789394
2025-05-11 00:00:00+00:00,LASSO,0.04933051444679351
2025-05-12 00:00:00+00:00,LASSO,0.015602836879432624
2025-05-13 00:00:00+00:00,LASSO,0.24304656182547024
2025-05-14 00:00:00+00:00,LASSO,0.43702239789196307
2025-05-15 00:00:00+00:00,LASSO,0.272463768115942
2025-05-16 00:00:00+00:00,LASSO,0.4496706192358366
2025-05-17 00:00:00+00:00,LASSO,-0.3718162195497996
2025-05-18 00:00:00+00:00,LASSO,0.3529448041936478
2025-05-19 00:00:00+00:00,LASSO,0.29694727104532836
2025-05-20 00:00:00+00:00,LASSO,-0.21677459142769043
2025-05-21 00:00:00+00:00,LASSO,-0.29278445883441256
2025-05-22 00:00:00+00:00,LASSO,0.41709065679925994
2025-05-23 00:00:00+00:00,LASSO,-0.3650555041628122
2025-05-24 00:00:00+00:00,LASSO,0.021646623496762257
2025-05-25 00:00:00+00:00,LASSO,0.17952513105149556
2025-05-26 00:00:00+00:00,LASSO,-0.32062904717853835
2025-05-27 00:00:00+00:00,LASSO,0.1633672525439408
2025-05-28 00:00:00+00:00,LASSO,0.380764163372859
2025-05-29 00:00:00+00:00,LASSO,0.6308356460067838
2025-05-30 00:00:00+00:00,LASSO,-0.31739130434782603
2025-05-31 00:00:00+00:00,LASSO,-0.49275362318840576
2025-06-01 00:00:00+00:00,LASSO,-0.037022397891963106
2025-06-02 00:00:00+00:00,LASSO,-0.16205533596837943
2025-06-03 00:00:00+00:00,LASSO,0.46930171277997357
2025-06-04 00:00:00+00:00,LASSO,0.34716732542819495
2025-06-05 00:00:00+00:00,LASSO,0.22793148880105402
2025-06-06 00:00:00+00:00,LASSO,-0.31093544137022394
2025-06-07 00:00:00+00:00,LASSO,0.008827404479578391
2025-06-08 00:00:00+00:00,LASSO,-0.30922266139657445
2025-06-09 00:00:00+00:00,LASSO,0.04071146245059288
2025-06-10 00:00:00+00:00,LASSO,0.4542819499341238
2025-06-11 00:00:00+00:00,LASSO,0.39266111625038547
2025-06-12 00:00:00+00:00,LASSO,0.08751156336725255
2025-06-13 00:00:00+00:00,LASSO,0.13327166204131977
2025-06-14 00:00:00+00:00,LASSO,-0.02727272727272727
2025-06-15 00:00:00+00:00,LASSO,0.3506012950971323
2025-06-16 00:00:00+00:00,LASSO,0.43728590250329374
2025-06-17 00:00:00+00:00,LASSO,-0.32975639839654636
2025-06-18 00:00:00+00:00,LASSO,0.21862473018809747
2025-06-19 00:00:00+00:00,LASSO,0.41720629047178537
2025-06-20 00:00:00+00:00,LASSO,0.4075855689176688
2025-06-21 00:00:00+00:00,LASSO,0.12974098057354302
2025-06-22 00:00:00+00:00,LASSO,-0.5825624421831638
2025-06-23 00:00:00+00:00,LASSO,-0.20432469935245143
2025-06-24 00:00:00+00:00,LASSO,0.5814061054579094
2025-06-25 00:00:00+00:00,LASSO,0.36762257169287693
2025-06-26 00:00:00+00:00,LASSO,-0.0923219241443108
2025-06-27 00:00:00+00:00,LASSO,-0.3363636363636363
2025-06-28 00:00:00+00:00,LASSO,-0.31125501079247614
2025-06-29 00:00:00+00:00,LASSO,0.6291628122109159
2025-06-30 00:00:00+00:00,LASSO,0.14673913043478262
2025-07-01 00:00:00+00:00,LASSO,0.025670675300647552
2025-07-02 00:00:00+00:00,LASSO,0.06296135475466783
2025-07-03 00:00:00+00:00,LASSO,0.27996092053842814
2025-07-04 00:00:00+00:00,LASSO,0.13406426400347374
2025-07-05 00:00:00+00:00,LASSO,-0.027789839339991317
2025-07-06 00:00:00+00:00,LASSO,0.46519426456984275
2025-07-07 00:00:00+00:00,LASSO,0.24780296022201667
2025-07-08 00:00:00+00:00,LASSO,-0.22051341350601295
2025-07-09 00:00:00+00:00,LASSO,-0.6500925069380205
2025-07-10 00:00:00+00:00,LASSO,0.2925810324129652
2025-07-11 00:00:00+00:00,LASSO,0.27952670429874077
2025-07-12 00:00:00+00:00,LASSO,-0.014980460269214069
2025-07-13 00:00:00+00:00,LASSO,0.33716891011723843
2025-07-14 00:00:00+00:00,LASSO,-0.19409465914025184
2025-07-15 00:00:00+00:00,LASSO,-0.07088580112896223
2025-07-16 00:00:00+00:00,LASSO,0.31024750325662176
2025-07-17 00:00:00+00:00,LASSO,0.1681313598519889
2025-07-18 00:00:00+00:00,LASSO,0.17897959183673467
2025-07-19 00:00:00+00:00,LASSO,0.01040816326530612
2025-07-20 00:00:00+00:00,LASSO,-0.26448979591836735
2025-07-21 00:00:00+00:00,LASSO,0.11154861944777912
2025-07-22 00:00:00+00:00,LASSO,0.07428571428571429
2025-07-23 00:00:00+00:00,LASSO,0.1333673469387755
2025-07-24 00:00:00+00:00,LASSO,-0.3791793313069909
2025-07-25 00:00:00+00:00,LASSO,0.11626139817629179
2025-07-26 00:00:00+00:00,LASSO,0.10071692876965772
2025-07-27 00:00:00+00:00,LASSO,0.24352451433857542
2025-07-28 00:00:00+00:00,LASSO,0.18686401480111012
2025-07-29 00:00:00+00:00,LASSO,0.04451896392229418
2025-07-30 00:00:00+00:00,LASSO,0.43987049028677155
2025-07-31 00:00:00+00:00,LASSO,-0.1883672525439408
2025-08-01 00:00:00+00:00,LASSO,0.15240518038852915
2025-08-02 00:00:00+00:00,LASSO,-0.10730804810360779
2025-08-03 00:00:00+00:00,LASSO,0.2077937095282146
2025-08-04 00:00:00+00:00,LASSO,0.5841813135985199
2025-08-05 00:00:00+00:00,LASSO,-0.08672525439407956
2025-08-06 00:00:00+00:00,LASSO,-0.1234967622571693
2025-08-07 00:00:00+00:00,LASSO,0.07859313938341293
2025-08-08 00:00:00+00:00,LASSO,-0.22231871471993053
2025-08-09 00:00:00+00:00,LASSO,-0.07023447676943118
2025-08-10 00:00:00+00:00,LASSO,0.1754233608336952
2025-08-11 00:00:00+00:00,LASSO,0.41880156317846284
2025-08-12 00:00:00+00:00,LASSO,0.018345636126791142
2025-08-13 00:00:00+00:00,LASSO,0.5714285714285714
2025-08-14 00:00:00+00:00,LASSO,-0.2839774207555362
2025-08-15 00:00:00+00:00,LASSO,-0.1527355623100304
2025-08-16 00:00:00+00:00,LASSO,0.09470397779833489
2025-08-17 00:00:00+00:00,LASSO,0.3397471477027444
2025-08-18 00:00:00+00:00,LASSO,0.2894233734196731
2025-08-19 00:00:00+00:00,LASSO,-0.18026518655565835
2025-08-20 00:00:00+00:00,LASSO,0.2975639839654641
2025-08-21 00:00:00+00:00,LASSO,-0.34665433240826393
2025-08-22 00:00:00+00:00,LASSO,0.08753469010175763
2025-08-23 00:00:00+00:00,LASSO,0.3714719930525402
2025-08-24 00:00:00+00:00,LASSO,0.32685627442466353
2025-08-25 00:00:00+00:00,LASSO,-0.20592705167173256
2025-08-26 00:00:00+00:00,LASSO,0.21005210594876247
2025-08-27 00:00:00+00:00,LASSO,-0.13406426400347374
2025-08-28 00:00:00+00:00,LASSO,0.4878584643848289
2025-08-29 00:00:00+00:00,LASSO,-0.1408418131359852
2025-08-30 00:00:00+00:00,LASSO,0.6004856614246069
2025-08-31 00:00:00+00:00,LASSO,0.4919669995657837
2025-09-01 00:00:00+00:00,LASSO,0.15208423795049936
2025-09-02 00:00:00+00:00,LASSO,0.30525401650021705
2025-09-03 00:00:00+00:00,LASSO,0.3592053842813721
2025-09-04 00:00:00+00:00,LASSO,-0.3144079555966698
2025-09-05 00:00:00+00:00,LASSO,0.08556891766882516
2025-09-06 00:00:00+00:00,LASSO,-0.11540240518038854
2025-09-07 00:00:00+00:00,LASSO,-0.17472247918593897
2025-09-08 00:00:00+00:00,LASSO,0.23392691951896394
2025-09-09 00:00:00+00:00,LASSO,-0.016998149861239594
2025-09-10 00:00:00+00:00,LASSO,-0.14581406105457909
2025-09-11 00:00:00+00:00,LASSO,0.3450508788159112
2025-09-12 00:00:00+00:00,LASSO,0.003256621797655232
2025-09-13 00:00:00+00:00,LASSO,0.5199739470256187
2025-09-14 00:00:00+00:00,LASSO,0.11267911419887103
2025-09-15 00:00:00+00:00,LASSO,-0.03907946157186278
2025-09-16 00:00:00+00:00,LASSO,-0.22633521493703865
2025-09-17 00:00:00+00:00,LASSO,-0.021739130434782608
2025-09-18 00:00:00+00:00,LASSO,0.08195831524099
2025-09-19 00:00:00+00:00,LASSO,0.04459183673469387
2025-09-20 00:00:00+00:00,LASSO,0.2403061224489796
2025-09-21 00:00:00+00:00,LASSO,0.09612244897959182
2025-09-22 00:00:00+00:00,LASSO,0.1283673469387755
2025-09-23 00:00:00+00:00,LASSO,0.0004081632653061224
2025-09-24 00:00:00+00:00,LASSO,0.22153061224489795
2025-09-25 00:00:00+00:00,LASSO,0.053877551020408164
2025-09-26 00:00:00+00:00,LASSO,0.18095961788970907
2025-09-27 00:00:00+00:00,LASSO,-0.13091619626574033
2025-09-28 00:00:00+00:00,LASSO,0.35996762257169296
2025-09-29 00:00:00+00:00,LASSO,0.15709288549827177
2025-09-30 00:00:00+00:00,LASSO,0.06868640148011101
2025-10-01 00:00:00+00:00,LASSO,0.09762565525747763
2025-10-02 00:00:00+00:00,LASSO,0.17048748353096177
2025-10-03 00:00:00+00:00,LASSO,0.13080481036077704
2025-10-04 00:00:00+00:00,LASSO,0.3154486586493987
2025-10-05 00:00:00+00:00,LASSO,0.058402713536848595
2025-10-06 00:00:00+00:00,LASSO,0.13610854147394386
2025-10-07 00:00:00+00:00,LASSO,0.05334566759173604
2025-10-08 00:00:00+00:00,LASSO,0.3787878787878788
2025-10-09 00:00:00+00:00,LASSO,0.4333333333333333
2025-10-10 00:00:00+00:00,LASSO,-0.03439041578576462
2025-10-11 00:00:00+00:00,LASSO,-0.16581093325279372
2025-10-12 00:00:00+00:00,LASSO,-0.4815765629719118
2025-10-13 00:00:00+00:00,LASSO,0.24569616430081545
2025-10-14 00:00:00+00:00,LASSO,0.3944427665357898
2025-10-15 00:00:00+00:00,LASSO,0.4170650676606434
2025-10-16 00:00:00+00:00,LASSO,-0.07009156470302245
2025-10-17 00:00:00+00:00,LASSO,0.09991086621829674
2025-10-18 00:00:00+00:00,LASSO,-0.14459930313588854
2025-10-19 00:00:00+00:00,LASSO,0.16724738675958192
2025-10-20 00:00:00+00:00,LASSO,0.5181184668989549
2025-10-21 00:00:00+00:00,LASSO,0.6301393728222998
2025-10-22 00:00:00+00:00,LASSO,-0.17242026266416513
2025-10-23 00:00:00+00:00,LASSO,-0.18217636022514072
2025-10-24 00:00:00+00:00,LASSO,-0.060452961672473875
2025-10-25 00:00:00+00:00,LASSO,-0.2658536585365854
2025-10-26 00:00:00+00:00,LASSO,0.4305816135084429
2025-10-27 00:00:00+00:00,LASSO,0.17842401500938088
2025-10-28 00:00:00+00:00,LASSO,-0.37767354596622893
2025-10-29 00:00:00+00:00,LASSO,0.5213883677298312
2025-10-30 00:00:00+00:00,LASSO,-0.2979362101313321
2025-10-31 00:00:00+00:00,LASSO,-0.20825515947467169
2025-11-01 00:00:00+00:00,LASSO,0.4099437148217636
2025-11-02 00:00:00+00:00,LASSO,0.19399624765478427
2025-11-03 00:00:00+00:00,LASSO,-0.25647279549718577
2025-11-04 00:00:00+00:00,LASSO,-0.10881801125703565
2025-11-05 00:00:00+00:00,LASSO,-0.019230769230769235
2025-11-06 00:00:00+00:00,LASSO,-0.27975708502024293
2025-11-07 00:00:00+00:00,LASSO,0.44251012145748986
2025-11-08 00:00:00+00:00,LASSO,0.04183864915572233
2025-11-09 00:00:00+00:00,LASSO,0.4848178137651822
2025-11-10 00:00:00+00:00,LASSO,0.43133208255159483
2025-11-11 00:00:00+00:00,LASSO,-0.3570356472795498
2025-11-12 00:00:00+00:00,LASSO,0.2578947368421053
2025-11-13 00:00:00+00:00,LASSO,-0.2789145420724368
2025-11-14 00:00:00+00:00,LASSO,-0.06357369515264252
2025-11-15 00:00:00+00:00,LASSO,0.1574570521938943
2025-11-16 00:00:00+00:00,LASSO,0.1125506072874494
2025-11-17 00:00:00+00:00,LASSO,0.10526315789473685
2025-11-18 00:00:00+00:00,LASSO,-0.09271255060728746
2025-11-19 00:00:00+00:00,LASSO,0.3010121457489879
2025-11-20 00:00:00+00:00,LASSO,0.3161350844277674
2025-11-21 00:00:00+00:00,LASSO,0.386509686620616
2025-11-22 00:00:00+00:00,LASSO,-0.13459201037193097
2025-11-23 00:00:00+00:00,LASSO,-0.1243821408313751
2025-11-24 00:00:00+00:00,LASSO,-0.24965561947978288
2025-11-25 00:00:00+00:00,LASSO,0.10266591038003405
2025-11-26 00:00:00+00:00,LASSO,0.46860059962725875
2025-11-27 00:00:00+00:00,LASSO,0.22599465197309784
2025-11-28 00:00:00+00:00,LASSO,0.15720326185442465
2025-11-29 00:00:00+00:00,LASSO,0.37674418604651155
2025-11-30 00:00:00+00:00,LASSO,0.12582345191040842
2025-12-01 00:00:00+00:00,LASSO,0.31923583662714095
2025-12-02 00:00:00+00:00,LASSO,-0.028326745718050064
2025-12-03 00:00:00+00:00,LASSO,0.05313601127554615
2025-12-04 00:00:00+00:00,LASSO,0.27737843551797037
2025-12-05 00:00:00+00:00,LASSO,0.15532064834390413
2025-12-06 00:00:00+00:00,LASSO,0.4611899728178798
2025-12-07 00:00:00+00:00,LASSO,-0.23016208597603943
2025-12-08 00:00:00+00:00,LASSO,-0.4200140944326991
2025-12-09 00:00:00+00:00,LASSO,0.631430584918957
2025-12-10 00:00:00+00:00,LASSO,0.029249011857707508
2025-12-11 00:00:00+00:00,LASSO,0.11416490486257928
2025-12-12 00:00:00+00:00,LASSO,0.2386187455954898
2025-12-13 00:00:00+00:00,LASSO,0.5040773180308064
2025-12-14 00:00:00+00:00,LASSO,0.16399879190576863
2025-12-15 00:00:00+00:00,LASSO,0.2786167321051042
2025-12-16 00:00:00+00:00,LASSO,0.5768649954696466
2025-12-17 00:00:00+00:00,LASSO,0.23437028088190878
2025-12-18 00:00:00+00:00,LASSO,-0.2797744890768146
2025-12-19 00:00:00+00:00,LASSO,0.03382663847780127
2025-12-20 00:00:00+00:00,LASSO,0.42480620155038756
2025-12-21 00:00:00+00:00,LASSO,0.3684284707540521
2025-12-22 00:00:00+00:00,LASSO,0.07512332628611698
2025-12-23 00:00:00+00:00,LASSO,-0.13372859025032938
2025-12-24 00:00:00+00:00,LASSO,0.03768115942028985
2025-12-25 00:00:00+00:00,LASSO,-0.1320382362010484
2025-12-26 00:00:00+00:00,LASSO,-0.14535923527597902
2025-12-27 00:00:00+00:00,LASSO,0.2584412580943571
2025-12-28 00:00:00+00:00,LASSO,0.2506938020351526
2025-12-29 00:00:00+00:00,LASSO,0.17585757707338254
2025-12-30 00:00:00+00:00,LASSO,-0.009335649153278332
2025-12-31 00:00:00+00:00,LASSO,-0.12696577243293247
2026-01-01 00:00:00+00:00,LASSO,-0.2381128584643848
2026-01-02 00:00:00+00:00,LASSO,0.034574468085106384
2026-01-03 00:00:00+00:00,LASSO,-0.26741059824420577
2026-01-04 00:00:00+00:00,LASSO,0.0024967433782023445
2026-01-05 00:00:00+00:00,LASSO,-0.10193226226660877
2026-01-06 00:00:00+00:00,LASSO,0.6792227529309596
2026-01-07 00:00:00+00:00,LASSO,-0.16912722535822838
2026-01-08 00:00:00+00:00,LASSO,0.1609856708640903
2026-01-09 00:00:00+00:00,LASSO,0.5115067303517151
2026-01-10 00:00:00+00:00,LASSO,-0.08630047763786367
2026-01-11 00:00:00+00:00,LASSO,0.33977420755536253
2026-01-12 00:00:00+00:00,LASSO,-0.15371254884932695
2026-01-13 00:00:00+00:00,LASSO,0.07826747720364742
2026-01-14 00:00:00+00:00,LASSO,-0.045592705167173245
2026-01-15 00:00:00+00:00,LASSO,-0.29857142857142854
2026-01-16 00:00:00+00:00,LASSO,0.5791836734693878
2026-01-17 00:00:00+00:00,LASSO,0.062244897959183663
2026-01-18 00:00:00+00:00,LASSO,0.03204081632653061
2026-01-19 00:00:00+00:00,LASSO,0.06326530612244897
2026-01-20 00:00:00+00:00,LASSO,-0.1571428571428571
2026-01-21 00:00:00+00:00,LASSO,0.08530612244897957
2026-01-22 00:00:00+00:00,LASSO,-0.08244897959183672
2026-01-23 00:00:00+00:00,LASSO,0.31390156062424973
2026-01-24 00:00:00+00:00,LASSO,0.4602641056422569
2026-01-25 00:00:00+00:00,LASSO,-0.08168067226890756
2026-01-26 00:00:00+00:00,LASSO,-0.37142857142857133
2026-01-27 00:00:00+00:00,LASSO,0.3609603841536615
2026-01-28 00:00:00+00:00,LASSO,0.34136854741896755
2026-01-29 00:00:00+00:00,LASSO,0.005138055222088836
2026-01-30 00:00:00+00:00,LASSO,0.4532533013205282
2026-01-31 00:00:00+00:00,LASSO,0.3411366420345116
2026-02-01 00:00:00+00:00,LASSO,0.19452581032412963
2026-02-02 00:00:00+00:00,LASSO,-0.10309723889555823
2026-02-03 00:00:00+00:00,LASSO,-0.08936374549819928
2026-02-04 00:00:00+00:00,LASSO,0.5019447779111644
2026-02-05 00:00:00+00:00,LASSO,-0.02352100819663819
2026-02-06 00:00:00+00:00,LASSO,0.4039084181313599
2026-02-07 00:00:00+00:00,LASSO,0.32793709528214615
2026-02-08 00:00:00+00:00,LASSO,0.209245179469358
2026-02-09 00:00:00+00:00,LASSO,0.3428538390379279
2026-02-10 00:00:00+00:00,LASSO,0.01780758556891767
2026-02-11 00:00:00+00:00,LASSO,-0.11563367252543942
2026-02-12 00:00:00+00:00,LASSO,0.14558279370952823
2026-02-13 00:00:00+00:00,LASSO,-0.18200740055504164
2026-02-14 00:00:00+00:00,LASSO,0.6737812911725954
2026-02-15 00:00:00+00:00,LASSO,0.060737812911725954
2026-02-16 00:00:00+00:00,LASSO,0.20119239775070172
2026-02-17 00:00:00+00:00,LASSO,0.27299077733860344
2026-02-18 00:00:00+00:00,LASSO,0.059815546772068504
2026-02-19 00:00:00+00:00,LASSO,-0.20197628458498024
2026-02-20 00:00:00+00:00,LASSO,0.1581868640148011
2026-02-21 00:00:00+00:00,LASSO,0.2930171277997365
2026-02-22 00:00:00+00:00,LASSO,-0.048089591567852426
2026-02-23 00:00:00+00:00,LASSO,-0.3267457180500658
2026-02-24 00:00:00+00:00,LASSO,0.2292490118577075
2026-02-25 00:00:00+00:00,LASSO,0.519631093544137
2026-02-26 00:00:00+00:00,LASSO,0.00764163372859025
2026-02-27 00:00:00+00:00,LASSO,-0.12772124576009866
2026-02-28 00:00:00+00:00,LASSO,0.14733725993005303
2026-03-01 00:00:00+00:00,LASSO,-0.14165124884366329
2026-03-02 00:00:00+00:00,LASSO,-0.18640148011100832
2026-03-03 00:00:00+00:00,LASSO,0.3519888991674376
2026-03-04 00:00:00+00:00,LASSO,-0.010792476102374344
2026-03-05 00:00:00+00:00,LASSO,0.18445883441258096
2026-03-06 00:00:00+00:00,LASSO,0.32876965772432926
2026-03-07 00:00:00+00:00,LASSO,-0.23589269195189635
2026-03-08 00:00:00+00:00,LASSO,-0.0030218933086648163
2026-03-09 00:00:00+00:00,LASSO,-0.008448967005858773
2026-03-10 00:00:00+00:00,LASSO,0.18988590810977493
2026-03-11 00:00:00+00:00,LASSO,-0.1560900400863398
2026-03-12 00:00:00+00:00,LASSO,0.06987357385137218
2026-03-13 00:00:00+00:00,LASSO,0.14581406105457909
2026-03-14 00:00:00+00:00,LASSO,0.13980881899475794
2026-03-15 00:00:00+00:00,LASSO,-0.07665741597286463
2026-03-16 00:00:00+00:00,LASSO,0.07283379586802344
2026-03-17 00:00:00+00:00,LASSO,0.13117483811285846
2026-03-18 00:00:00+00:00,LASSO,0.13462843046561826
2026-03-19 00:00:00+00:00,LASSO,-0.024360160345359236
2026-03-20 00:00:00+00:00,LASSO,0.12328091273512179
2026-03-21 00:00:00+00:00,LASSO,0.06093894542090657
2026-03-22 00:00:00+00:00,LASSO,-0.17275670675300647
2026-03-23 00:00:00+00:00,LASSO,-0.09256860931236507
2026-03-24 00:00:00+00:00,LASSO,0.004856614246068455
2026-03-25 00:00:00+00:00,LASSO,0.3266391663048198
2026-03-26 00:00:00+00:00,LASSO,0.29027355623100304
2026-03-27 00:00:00+00:00,LASSO,-0.09132653061224488
2026-03-28 00:00:00+00:00,LASSO,0.07357142857142855
2026-03-29 00:00:00+00:00,LASSO,0.10051020408163265
2026-03-30 00:00:00+00:00,LASSO,0.15051020408163265
2026-03-31 00:00:00+00:00,LASSO,0.25255102040816324
2026-04-01 00:00:00+00:00,LASSO,0.27122448979591834
2026-04-02 00:00:00+00:00,LASSO,0.20989795918367343
2026-04-03 00:00:00+00:00,LASSO,-0.13008788159111934
2026-04-04 00:00:00+00:00,LASSO,0.41045358636445767
2026-04-05 00:00:00+00:00,LASSO,0.3406567992599445
2026-04-06 00:00:00+00:00,LASSO,-0.11956521739130434
2026-04-07 00:00:00+00:00,LASSO,0.4439176688251619
2026-04-08 00:00:00+00:00,LASSO,-0.17830712303422758
2026-04-09 00:00:00+00:00,LASSO,0.12372802960222017
2026-04-10 00:00:00+00:00,LASSO,-0.04224483502929386
2026-04-11 00:00:00+00:00,LASSO,0.12278754239901327
2026-04-12 00:00:00+00:00,LASSO,0.016096207215541166
2026-04-13 00:00:00+00:00,LASSO,0.16044635894652343
2026-04-14 00:00:00+00:00,LASSO,-0.019888991674375578
2026-04-15 00:00:00+00:00,LASSO,-0.14992291088498305
2026-04-16 00:00:00+00:00,LASSO,0.08590810977489978
2026-04-17 00:00:00+00:00,LASSO,0.36772068511198946
2026-04-18 00:00:00+00:00,LASSO,0.419235836627141
2026-04-19 00:00:00+00:00,LASSO,-0.27795251310514957
2026-04-20 00:00:00+00:00,LASSO,0.33592352759790317
2026-04-21 00:00:00+00:00,LASSO,0.23823620104841195
2026-04-22 00:00:00+00:00,LASSO,-0.19839654640764723
2026-04-23 00:00:00+00:00,LASSO,-0.13574269950022885
2026-04-24 00:00:00+00:00,LASSO,0.2965247156733759
2026-04-25 00:00:00+00:00,LASSO,0.05964349641383399
2026-04-26 00:00:00+00:00,LASSO,0.07542399013259327
2026-04-27 00:00:00+00:00,LASSO,-0.024745605920444034
2026-04-28 00:00:00+00:00,LASSO,0.23621363438992615
2026-04-29 00:00:00+00:00,LASSO,0.036799826313504126
2026-04-30 00:00:00+00:00,LASSO,-0.12187789084181314
2026-05-01 00:00:00+00:00,LASSO,-0.17437557816836263
2026-05-02 00:00:00+00:00,LASSO,0.38563829787234044
2026-05-03 00:00:00+00:00,LASSO,0.13938341293964393
2026-05-04 00:00:00+00:00,LASSO,0.07969387755102039
2026-05-05 00:00:00+00:00,LASSO,-0.04479591836734693
2026-05-06 00:00:00+00:00,LASSO,-0.0573469387755102
2026-05-07 00:00:00+00:00,LASSO,-0.06438775510204081
2026-05-08 00:00:00+00:00,LASSO,0.16632653061224487
2026-05-09 00:00:00+00:00,LASSO,0.26755102040816325
2026-05-10 00:00:00+00:00,LASSO,0.12622448979591835
2026-05-11 00:00:00+00:00,LASSO,0.13142857142857142
2026-05-12 00:00:00+00:00,LASSO,0.1614285714285714
2026-05-13 00:00:00+00:00,LASSO,0.29
2026-05-14 00:00:00+00:00,LASSO,0.20183673469387753
2026-05-15 00:00:00+00:00,LASSO,0.15061224489795916
2026-05-16 00:00:00+00:00,LASSO,0.13346938775510203
2026-05-17 00:00:00+00:00,LASSO,-0.28755835617408426
2026-05-18 00:00:00+00:00,LASSO,0.5670408163265306
2026-05-19 00:00:00+00:00,LASSO,0.09418367346938775
2026-05-20 00:00:00+00:00,LASSO,-0.1777551020408163
2026-05-21 00:00:00+00:00,LASSO,0.22774641771602258
2026-05-22 00:00:00+00:00,LASSO,-0.27192792010421185
2026-05-23 00:00:00+00:00,LASSO,0.19887103777681284
2026-05-24 00:00:00+00:00,LASSO,0.029743812418584453
2026-05-25 00:00:00+00:00,LASSO,0.2741836734693877
2026-05-26 00:00:00+00:00,LASSO,0.07551020408163266
2026-05-27 00:00:00+00:00,LASSO,0.15887755102040815
2026-05-28 00:00:00+00:00,LASSO,-0.10826530612244896
2026-05-29 00:00:00+00:00,LASSO,0.16091836734693876
2026-05-30 00:00:00+00:00,LASSO,0.009444203213200175
2026-05-31 00:00:00+00:00,LASSO,-0.04418150238818931
2026-06-01 00:00:00+00:00,LASSO,0.00803300043421624
2026-06-02 00:00:00+00:00,LASSO,-0.2751377318026845
2026-06-03 00:00:00+00:00,LASSO,0.15838037342596611
2026-06-04 00:00:00+00:00,LASSO,-0.11571862787668259
2026-06-05 00:00:00+00:00,LASSO,-0.15523230568823274
2026-06-06 00:00:00+00:00,LASSO,-0.08651758575770734
2026-06-07 00:00:00+00:00,LASSO,0.08442369603636969
2026-06-08 00:00:00+00:00,LASSO,0.03300043421623968
2026-06-09 00:00:00+00:00,LASSO,0.4573382544507164
2026-06-10 00:00:00+00:00,LASSO,-0.1453538862353452
2026-06-11 00:00:00+00:00,LASSO,0.4791576204950065
2026-06-12 00:00:00+00:00,LASSO,0.3075336517585758
2026-06-13 00:00:00+00:00,LASSO,0.27183673469387754
2026-06-14 00:00:00+00:00,LASSO,0.16214285714285712
2026-06-15 00:00:00+00:00,LASSO,0.06285714285714285
2026-06-16 00:00:00+00:00,LASSO,0.01489795918367347
2026-06-17 00:00:00+00:00,LASSO,-0.015612244897959184
2026-06-18 00:00:00+00:00,LASSO,0.2626530612244898
2026-06-19 00:00:00+00:00,LASSO,0.2816326530612245
2026-06-20 00:00:00+00:00,LASSO,0.03734693877551021
2026-06-21 00:00:00+00:00,LASSO,0.18732654949121186
2026-06-22 00:00:00+00:00,LASSO,-0.03584643848288622
2026-06-23 00:00:00+00:00,LASSO,-0.06174838112858465
2026-06-24 00:00:00+00:00,LASSO,0.08880666049953746
2026-06-25 00:00:00+00:00,LASSO,0.3138297872340426
2026-06-26 00:00:00+00:00,LASSO,0.4013644773358002
2026-06-27 00:00:00+00:00,LASSO,0.2859125207173184
2026-06-28 00:00:00+00:00,LASSO,0.02960222016651249
2026-06-29 00:00:00+00:00,LASSO,0.13818223866790008
2026-06-30 00:00:00+00:00,LASSO,0.24283071230342276
2026-07-01 00:00:00+00:00,LASSO,0.03122109158186864
2026-07-02 00:00:00+00:00,LASSO,-0.1983174815086758
2026-07-03 00:00:00+00:00,LASSO,0.11239592969472711
2026-07-04 00:00:00+00:00,LASSO,0.1879070777247069
2026-07-05 00:00:00+00:00,LASSO,0.10660008684324793
2026-07-06 00:00:00+00:00,LASSO,0.5575855689176689
2026-07-07 00:00:00+00:00,LASSO,0.011794634597594821
2026-07-08 00:00:00+00:00,LASSO,0.0929694727104533
2026-07-09 00:00:00+00:00,LASSO,0.24202127659574468
2026-07-10 00:00:00+00:00,LASSO,0.33429694727104536
2026-07-11 00:00:00+00:00,LASSO,-0.07191094394242019
2026-07-12 00:00:00+00:00,LASSO,0.07258711069996915
2026-07-13 00:00:00+00:00,LASSO,0.29546716003700274
2026-07-14 00:00:00+00:00,LASSO,0.021276595744680854
2026-07-15 00:00:00+00:00,LASSO,0.05396238051187172
2026-07-16 00:00:00+00:00,LASSO,0.16998149861239592
2026-07-17 00:00:00+00:00,LASSO,0.13796692586766898
2026-07-18 00:00:00+00:00,LASSO,0.1581868640148011
2026-07-19 00:00:00+00:00,LASSO,-0.13536848596978107
2026-07-20 00:00:00+00:00,LASSO,0.2360160345359235
2026-07-21 00:00:00+00:00,LASSO,-0.20907212689948926
2026-07-22 00:00:00+00:00,LASSO,0.19013259327782916
2026-07-23 00:00:00+00:00,LASSO,-0.08603145235892691
2026-07-24 00:00:00+00:00,LASSO,0.253777366635831
2026-07-25 00:00:00+00:00,LASSO,0.3824005550416281
2026-07-26 00:00:00+00:00,LASSO,0.08695652173913043
2026-07-27 00:00:00+00:00,LASSO,0.13633209990749307
2021-07-30 00:00:00+00:00,Elastic Net,-0.19995657837603126
2021-07-31 00:00:00+00:00,Elastic Net,0.3123100303951368
2021-08-01 00:00:00+00:00,Elastic Net,0.04353017802865827
2021-08-02 00:00:00+00:00,Elastic Net,0.38862353452019105
2021-08-03 00:00:00+00:00,Elastic Net,-0.00797872340425532
2021-08-04 00:00:00+00:00,Elastic Net,0.2778677150786309
2021-08-05 00:00:00+00:00,Elastic Net,0.24606845513413508
2021-08-06 00:00:00+00:00,Elastic Net,-0.04845050878815912
2021-08-07 00:00:00+00:00,Elastic Net,0.0927382053654024
2021-08-08 00:00:00+00:00,Elastic Net,0.05581632653061224
2021-08-09 00:00:00+00:00,Elastic Net,-0.11337334933973588
2021-08-10 00:00:00+00:00,Elastic Net,0.19846338535414165
2021-08-11 00:00:00+00:00,Elastic Net,-0.16897959183673472
2021-08-12 00:00:00+00:00,Elastic Net,0.410516206482593
2021-08-13 00:00:00+00:00,Elastic Net,0.15092436974789916
2021-08-14 00:00:00+00:00,Elastic Net,-0.10338535414165667
2021-08-15 00:00:00+00:00,Elastic Net,-0.029051620648259304
2021-08-16 00:00:00+00:00,Elastic Net,-0.022232893157262904
2021-08-17 00:00:00+00:00,Elastic Net,0.15841536614645857
2021-08-18 00:00:00+00:00,Elastic Net,0.06641056422569028
2021-08-19 00:00:00+00:00,Elastic Net,0.4417286914765906
2021-08-20 00:00:00+00:00,Elastic Net,-0.08225690276110444
2021-08-21 00:00:00+00:00,Elastic Net,0.4510444177671068
2021-08-22 00:00:00+00:00,Elastic Net,-0.027755102040816323
2021-08-23 00:00:00+00:00,Elastic Net,0.19724489795918365
2021-08-24 00:00:00+00:00,Elastic Net,-0.11591836734693876
2021-08-25 00:00:00+00:00,Elastic Net,0.24581632653061225
2021-08-26 00:00:00+00:00,Elastic Net,0.17846938775510204
2021-08-27 00:00:00+00:00,Elastic Net,-0.2768367346938775
2021-08-28 00:00:00+00:00,Elastic Net,0.15387755102040815
2021-08-29 00:00:00+00:00,Elastic Net,0.4205102040816326
2021-08-30 00:00:00+00:00,Elastic Net,0.250204081632653
2021-08-31 00:00:00+00:00,Elastic Net,0.03663265306122449
2021-09-01 00:00:00+00:00,Elastic Net,0.12918367346938775
2021-09-02 00:00:00+00:00,Elastic Net,0.14265306122448979
2021-09-03 00:00:00+00:00,Elastic Net,0.022857142857142854
2021-09-04 00:00:00+00:00,Elastic Net,0.42979591836734693
2021-09-05 00:00:00+00:00,Elastic Net,0.286938775510204
2021-09-06 00:00:00+00:00,Elastic Net,0.16765306122448975
2021-09-07 00:00:00+00:00,Elastic Net,-0.2762244897959183
2021-09-08 00:00:00+00:00,Elastic Net,0.086734693877551
2021-09-09 00:00:00+00:00,Elastic Net,0.25086843247937474
2021-09-10 00:00:00+00:00,Elastic Net,0.3084020842379505
2021-09-11 00:00:00+00:00,Elastic Net,0.29580981328701694
2021-09-12 00:00:00+00:00,Elastic Net,0.3737516283108988
2021-09-13 00:00:00+00:00,Elastic Net,0.280720798957881
2021-09-14 00:00:00+00:00,Elastic Net,-0.33260963960052103
2021-09-15 00:00:00+00:00,Elastic Net,0.1857076780758557
2021-09-16 00:00:00+00:00,Elastic Net,0.024745605920444034
2021-09-17 00:00:00+00:00,Elastic Net,0.09678538390379278
2021-09-18 00:00:00+00:00,Elastic Net,0.08961609620721554
2021-09-19 00:00:00+00:00,Elastic Net,0.23924606845513416
2021-09-20 00:00:00+00:00,Elastic Net,-0.2839962997224792
2021-09-21 00:00:00+00:00,Elastic Net,-0.244218316373728
2021-09-22 00:00:00+00:00,Elastic Net,-0.43952358926919516
2021-09-23 00:00:00+00:00,Elastic Net,0.0698427382053654
2021-09-24 00:00:00+00:00,Elastic Net,0.1419981498612396
2021-09-25 00:00:00+00:00,Elastic Net,0.22213228492136913
2021-09-26 00:00:00+00:00,Elastic Net,0.1349444958371878
2021-09-27 00:00:00+00:00,Elastic Net,0.20906567992599445
2021-09-28 00:00:00+00:00,Elastic Net,-0.051919518963922294
2021-09-29 00:00:00+00:00,Elastic Net,0.05272895467160037
2021-09-30 00:00:00+00:00,Elastic Net,-0.21866327474560596
2021-10-01 00:00:00+00:00,Elastic Net,0.26907955596669747
2021-10-02 00:00:00+00:00,Elastic Net,0.10811748381128584
2021-10-03 00:00:00+00:00,Elastic Net,0.0035152636447733578
2021-10-04 00:00:00+00:00,Elastic Net,0.25092506938020354
2021-10-05 00:00:00+00:00,Elastic Net,0.23427382053654025
2021-10-06 00:00:00+00:00,Elastic Net,-0.014685476410730805
2021-10-07 00:00:00+00:00,Elastic Net,-0.12268732654949122
2021-10-08 00:00:00+00:00,Elastic Net,0.3167206290471785
2021-10-09 00:00:00+00:00,Elastic Net,0.05642923219241443
2021-10-10 00:00:00+00:00,Elastic Net,0.488868331791551
2021-10-11 00:00:00+00:00,Elastic Net,-0.07875423990132592
2021-10-12 00:00:00+00:00,Elastic Net,0.39833487511563365
2021-10-13 00:00:00+00:00,Elastic Net,-0.014624505928853754
2021-10-14 00:00:00+00:00,Elastic Net,0.25559947299077734
2021-10-15 00:00:00+00:00,Elastic Net,0.05519580635214307
2021-10-16 00:00:00+00:00,Elastic Net,0.3536077705827937
2021-10-17 00:00:00+00:00,Elastic Net,0.054463459759481955
2021-10-18 00:00:00+00:00,Elastic Net,0.07747456059204441
2021-10-19 00:00:00+00:00,Elastic Net,0.2083872957138452
2021-10-20 00:00:00+00:00,Elastic Net,-0.14930619796484737
2021-10-21 00:00:00+00:00,Elastic Net,-0.1352913968547641
2021-10-22 00:00:00+00:00,Elastic Net,0.2549722479185939
2021-10-23 00:00:00+00:00,Elastic Net,0.11285846438482885
2021-10-24 00:00:00+00:00,Elastic Net,-0.1725254394079556
2021-10-25 00:00:00+00:00,Elastic Net,-0.25208140610545793
2021-10-26 00:00:00+00:00,Elastic Net,0.4863552266419982
2021-10-27 00:00:00+00:00,Elastic Net,-0.026595744680851064
2021-10-28 00:00:00+00:00,Elastic Net,0.3192574902301346
2021-10-29 00:00:00+00:00,Elastic Net,-0.05503690838037343
2021-10-30 00:00:00+00:00,Elastic Net,0.1503473729917499
2021-10-31 00:00:00+00:00,Elastic Net,0.13482414242292662
2021-11-01 00:00:00+00:00,Elastic Net,0.0034737299174989146
2021-11-02 00:00:00+00:00,Elastic Net,0.07837603126356926
2021-11-03 00:00:00+00:00,Elastic Net,0.37288319583152413
2021-11-04 00:00:00+00:00,Elastic Net,0.08912288319583152
2021-11-05 00:00:00+00:00,Elastic Net,0.16608771168041686
2021-11-06 00:00:00+00:00,Elastic Net,0.25379939209726443
2021-11-07 00:00:00+00:00,Elastic Net,0.38004776378636557
2021-11-08 00:00:00+00:00,Elastic Net,-0.042227529309596175
2021-11-09 00:00:00+00:00,Elastic Net,0.07197134172818064
2021-11-10 00:00:00+00:00,Elastic Net,-0.03072079895788102
2021-11-11 00:00:00+00:00,Elastic Net,-0.4688449848024316
2021-11-12 00:00:00+00:00,Elastic Net,0.3120408163265306
2021-11-13 00:00:00+00:00,Elastic Net,-0.0776530612244898
2021-11-14 00:00:00+00:00,Elastic Net,-0.20846938775510201
2021-11-15 00:00:00+00:00,Elastic Net,-0.28306122448979587
2021-11-16 00:00:00+00:00,Elastic Net,-0.158418131359852
2021-11-17 00:00:00+00:00,Elastic Net,-0.20617483811285847
2021-11-18 00:00:00+00:00,Elastic Net,0.33105920444033304
2021-11-19 00:00:00+00:00,Elastic Net,0.2150786308973173
2021-11-20 00:00:00+00:00,Elastic Net,-0.010753931544865867
2021-11-21 00:00:00+00:00,Elastic Net,-0.09563612679114199
2021-11-22 00:00:00+00:00,Elastic Net,0.28321754233608337
2021-11-23 00:00:00+00:00,Elastic Net,-0.12418584455058619
2021-11-24 00:00:00+00:00,Elastic Net,0.08260963960052106
2021-11-25 00:00:00+00:00,Elastic Net,0.047112462006079034
2021-11-26 00:00:00+00:00,Elastic Net,-0.10898827616152842
2021-11-27 00:00:00+00:00,Elastic Net,0.3021059487624837
2021-11-28 00:00:00+00:00,Elastic Net,0.2337168910117238
2021-11-29 00:00:00+00:00,Elastic Net,0.24793747286148501
2021-11-30 00:00:00+00:00,Elastic Net,0.1998480243161094
2021-12-01 00:00:00+00:00,Elastic Net,0.2085323491098567
2021-12-02 00:00:00+00:00,Elastic Net,0.497937472861485
2021-12-03 00:00:00+00:00,Elastic Net,0.15870603560573165
2021-12-04 00:00:00+00:00,Elastic Net,0.062418584455058615
2021-12-05 00:00:00+00:00,Elastic Net,-0.13341293964394269
2021-12-06 00:00:00+00:00,Elastic Net,0.08977420755536257
2021-12-07 00:00:00+00:00,Elastic Net,0.09563612679114199
2021-12-08 00:00:00+00:00,Elastic Net,0.23071428571428568
2021-12-09 00:00:00+00:00,Elastic Net,-0.0723469387755102
2021-12-10 00:00:00+00:00,Elastic Net,0.08879722101606599
2021-12-11 00:00:00+00:00,Elastic Net,-0.0589448545375597
2021-12-12 00:00:00+00:00,Elastic Net,0.4462244897959183
2021-12-13 00:00:00+00:00,Elastic Net,0.18561224489795913
2021-12-14 00:00:00+00:00,Elastic Net,0.05061224489795918
2021-12-15 00:00:00+00:00,Elastic Net,0.16214285714285712
2021-12-16 00:00:00+00:00,Elastic Net,0.04948979591836734
2021-12-17 00:00:00+00:00,Elastic Net,0.1126530612244898
2021-12-18 00:00:00+00:00,Elastic Net,0.29673469387755097
2021-12-19 00:00:00+00:00,Elastic Net,0.29387755102040813
2021-12-20 00:00:00+00:00,Elastic Net,-0.26112244897959186
2021-12-21 00:00:00+00:00,Elastic Net,-0.16969387755102036
2021-12-22 00:00:00+00:00,Elastic Net,-0.4428571428571428
2021-12-23 00:00:00+00:00,Elastic Net,0.04285714285714285
2021-12-24 00:00:00+00:00,Elastic Net,-0.15653061224489792
2021-12-25 00:00:00+00:00,Elastic Net,-0.10265306122448979
2021-12-26 00:00:00+00:00,Elastic Net,0.22969387755102036
2021-12-27 00:00:00+00:00,Elastic Net,0.17632653061224488
2021-12-28 00:00:00+00:00,Elastic Net,0.03734693877551021
2021-12-29 00:00:00+00:00,Elastic Net,-0.15081632653061225
2021-12-30 00:00:00+00:00,Elastic Net,0.16030612244897957
2021-12-31 00:00:00+00:00,Elastic Net,-0.10836734693877549
2022-01-01 00:00:00+00:00,Elastic Net,0.19632653061224487
2022-01-02 00:00:00+00:00,Elastic Net,0.14795918367346936
2022-01-03 00:00:00+00:00,Elastic Net,0.07438775510204082
2022-01-04 00:00:00+00:00,Elastic Net,0.26999999999999996
2022-01-05 00:00:00+00:00,Elastic Net,0.09035944797450376
2022-01-06 00:00:00+00:00,Elastic Net,0.20112244897959183
2022-01-07 00:00:00+00:00,Elastic Net,0.06530612244897958
2022-01-08 00:00:00+00:00,Elastic Net,-0.26285714285714284
2022-01-09 00:00:00+00:00,Elastic Net,0.28020408163265303
2022-01-10 00:00:00+00:00,Elastic Net,0.03438775510204081
2022-01-11 00:00:00+00:00,Elastic Net,-0.25571428571428567
2022-01-12 00:00:00+00:00,Elastic Net,-0.05561224489795918
2022-01-13 00:00:00+00:00,Elastic Net,0.12530612244897957
2022-01-14 00:00:00+00:00,Elastic Net,0.028367346938775507
2022-01-15 00:00:00+00:00,Elastic Net,0.26163265306122446
2022-01-16 00:00:00+00:00,Elastic Net,0.13229291716686675
2022-01-17 00:00:00+00:00,Elastic Net,0.3172629051620648
2022-01-18 00:00:00+00:00,Elastic Net,0.09819927971188475
2022-01-19 00:00:00+00:00,Elastic Net,-0.0114765906362545
2022-01-20 00:00:00+00:00,Elastic Net,0.27980792316926767
2022-01-21 00:00:00+00:00,Elastic Net,0.13171668667466988
2022-01-22 00:00:00+00:00,Elastic Net,0.05051020408163265
2022-01-23 00:00:00+00:00,Elastic Net,0.3430972388955582
2022-01-24 00:00:00+00:00,Elastic Net,-0.046530612244897955
2022-01-25 00:00:00+00:00,Elastic Net,-0.12605042016806722
2022-01-26 00:00:00+00:00,Elastic Net,0.09176690919593916
2022-01-27 00:00:00+00:00,Elastic Net,-0.13407284692572585
2022-01-28 00:00:00+00:00,Elastic Net,-0.1392076830732293
2022-01-29 00:00:00+00:00,Elastic Net,0.016182472989195677
2022-01-30 00:00:00+00:00,Elastic Net,-0.2304081632653061
2022-01-31 00:00:00+00:00,Elastic Net,0.0029591836734693872
2022-02-01 00:00:00+00:00,Elastic Net,0.3533673469387755
2022-02-02 00:00:00+00:00,Elastic Net,0.06979591836734693
2022-02-03 00:00:00+00:00,Elastic Net,0.14326530612244898
2022-02-04 00:00:00+00:00,Elastic Net,-0.11551020408163264
2022-02-05 00:00:00+00:00,Elastic Net,-0.40255102040816326
2022-02-06 00:00:00+00:00,Elastic Net,-0.033265306122448976
2022-02-07 00:00:00+00:00,Elastic Net,0.2997959183673469
2022-02-08 00:00:00+00:00,Elastic Net,0.17448979591836736
2022-02-09 00:00:00+00:00,Elastic Net,0.22602040816326527
2022-02-10 00:00:00+00:00,Elastic Net,0.28560573165436387
2022-02-11 00:00:00+00:00,Elastic Net,0.05188884064264003
2022-02-12 00:00:00+00:00,Elastic Net,0.5043421623968737
2022-02-13 00:00:00+00:00,Elastic Net,-0.3178462874511507
2022-02-14 00:00:00+00:00,Elastic Net,-0.4857794181502388
2022-02-15 00:00:00+00:00,Elastic Net,0.14470256187581415
2022-02-16 00:00:00+00:00,Elastic Net,0.4973947025618758
2022-02-17 00:00:00+00:00,Elastic Net,0.2629591836734694
2022-02-18 00:00:00+00:00,Elastic Net,0.30612244897959184
2022-02-19 00:00:00+00:00,Elastic Net,0.27999999999999997
2022-02-20 00:00:00+00:00,Elastic Net,0.43785714285714283
2022-02-21 00:00:00+00:00,Elastic Net,-0.12081632653061222
2022-02-22 00:00:00+00:00,Elastic Net,0.3266391663048198
2022-02-23 00:00:00+00:00,Elastic Net,0.3227312201476335
2022-02-24 00:00:00+00:00,Elastic Net,-0.4633441258094357
2022-02-25 00:00:00+00:00,Elastic Net,0.07065217391304349
2022-02-26 00:00:00+00:00,Elastic Net,0.4101757631822387
2022-02-27 00:00:00+00:00,Elastic Net,-0.03595436324390996
2022-02-28 00:00:00+00:00,Elastic Net,-0.032500770891150166
2022-03-01 00:00:00+00:00,Elastic Net,0.26031452358926915
2022-03-02 00:00:00+00:00,Elastic Net,0.41375269811902565
2022-03-03 00:00:00+00:00,Elastic Net,-0.14511255010792476
2022-03-04 00:00:00+00:00,Elastic Net,-0.19370952821461607
2022-03-05 00:00:00+00:00,Elastic Net,0.28967005858772743
2022-03-06 00:00:00+00:00,Elastic Net,0.24872802960222018
2022-03-07 00:00:00+00:00,Elastic Net,0.0463691026827012
2022-03-08 00:00:00+00:00,Elastic Net,-0.2850370027752081
2022-03-09 00:00:00+00:00,Elastic Net,0.1491828553808202
2022-03-10 00:00:00+00:00,Elastic Net,0.4682701202590195
2022-03-11 00:00:00+00:00,Elastic Net,-0.19679309281529445
2022-03-12 00:00:00+00:00,Elastic Net,0.22047486894850443
2022-03-13 00:00:00+00:00,Elastic Net,0.02608695652173913
2022-03-14 00:00:00+00:00,Elastic Net,-0.05279225387196542
2022-03-15 00:00:00+00:00,Elastic Net,-0.2377428307123034
2022-03-16 00:00:00+00:00,Elastic Net,0.10305272895467159
2022-03-17 00:00:00+00:00,Elastic Net,-0.17459142769041008
2022-03-18 00:00:00+00:00,Elastic Net,0.02164729101525685
2022-03-19 00:00:00+00:00,Elastic Net,0.5366019118100523
2022-03-20 00:00:00+00:00,Elastic Net,0.006352143077397472
2022-03-21 00:00:00+00:00,Elastic Net,0.1728646315140302
2022-03-22 00:00:00+00:00,Elastic Net,-0.2809127351218008
2022-03-23 00:00:00+00:00,Elastic Net,0.01942645698427382
2022-03-24 00:00:00+00:00,Elastic Net,0.03850601295097132
2022-03-25 00:00:00+00:00,Elastic Net,0.4580249768732655
2022-03-26 00:00:00+00:00,Elastic Net,0.05180388529139686
2022-03-27 00:00:00+00:00,Elastic Net,-0.05481036077705829
2022-03-28 00:00:00+00:00,Elastic Net,-0.12223187147199306
2022-03-29 00:00:00+00:00,Elastic Net,-0.0438558402084238
2022-03-30 00:00:00+00:00,Elastic Net,0.10580481036077706
2022-03-31 00:00:00+00:00,Elastic Net,0.1496299722479186
2022-04-01 00:00:00+00:00,Elastic Net,0.24815458098132867
2022-04-02 00:00:00+00:00,Elastic Net,0.0449413808076422
2022-04-03 00:00:00+00:00,Elastic Net,0.07724329324699351
2022-04-04 00:00:00+00:00,Elastic Net,0.04567530064754857
2022-04-05 00:00:00+00:00,Elastic Net,0.10603607770582796
2022-04-06 00:00:00+00:00,Elastic Net,0.08603145235892694
2022-04-07 00:00:00+00:00,Elastic Net,0.41165587419056426
2022-04-08 00:00:00+00:00,Elastic Net,-0.00450200431699044
2022-04-09 00:00:00+00:00,Elastic Net,0.3936478569226025
2022-04-10 00:00:00+00:00,Elastic Net,0.3119796484736356
2022-04-11 00:00:00+00:00,Elastic Net,-0.043964394268345634
2022-04-12 00:00:00+00:00,Elastic Net,0.012488436632747455
2022-04-13 00:00:00+00:00,Elastic Net,0.018848288621646624
2022-04-14 00:00:00+00:00,Elastic Net,0.3000434216239687
2022-04-15 00:00:00+00:00,Elastic Net,-0.05199739470256187
2022-04-16 00:00:00+00:00,Elastic Net,0.21172525439407958
2022-04-17 00:00:00+00:00,Elastic Net,0.0874190564292322
2022-04-18 00:00:00+00:00,Elastic Net,-0.12419056429232192
2022-04-19 00:00:00+00:00,Elastic Net,0.09343200740055506
2022-04-20 00:00:00+00:00,Elastic Net,0.2724329324699353
2022-04-21 00:00:00+00:00,Elastic Net,0.15286771507863092
2022-04-22 00:00:00+00:00,Elastic Net,0.024514338575393157
2022-04-23 00:00:00+00:00,Elastic Net,0.17981036077705828
2022-04-24 00:00:00+00:00,Elastic Net,0.24849676225716932
2022-04-25 00:00:00+00:00,Elastic Net,0.3138297872340426
2022-04-26 00:00:00+00:00,Elastic Net,-0.04440333024976873
2022-04-27 00:00:00+00:00,Elastic Net,0.4578647627018087
2022-04-28 00:00:00+00:00,Elastic Net,0.5901942645698427
2022-04-29 00:00:00+00:00,Elastic Net,0.3272432932469935
2022-04-30 00:00:00+00:00,Elastic Net,-0.19611470860314525
2022-05-01 00:00:00+00:00,Elastic Net,0.42564754856614245
2022-05-02 00:00:00+00:00,Elastic Net,0.18825161887141537
2022-05-03 00:00:00+00:00,Elastic Net,-0.3820536540240518
2022-05-04 00:00:00+00:00,Elastic Net,0.5783996299722479
2022-05-05 00:00:00+00:00,Elastic Net,-0.0024283071230342275
2022-05-06 00:00:00+00:00,Elastic Net,0.4355920444033302
2022-05-07 00:00:00+00:00,Elastic Net,0.05018501387604071
2022-05-08 00:00:00+00:00,Elastic Net,0.20316836262719704
2022-05-09 00:00:00+00:00,Elastic Net,0.2592506938020352
2022-05-10 00:00:00+00:00,Elastic Net,0.5971322849213692
2022-05-11 00:00:00+00:00,Elastic Net,0.02694264569842738
2022-05-12 00:00:00+00:00,Elastic Net,-0.009769865392965696
2022-05-13 00:00:00+00:00,Elastic Net,-0.38864477335800185
2022-05-14 00:00:00+00:00,Elastic Net,-0.03603994789405124
2022-05-15 00:00:00+00:00,Elastic Net,0.611376465479809
2022-05-16 00:00:00+00:00,Elastic Net,-0.23881893182805033
2022-05-17 00:00:00+00:00,Elastic Net,0.36278766825879283
2022-05-18 00:00:00+00:00,Elastic Net,-0.07240555796786799
2022-05-19 00:00:00+00:00,Elastic Net,0.058349390745292135
2022-05-20 00:00:00+00:00,Elastic Net,-0.43356491532783326
2022-05-21 00:00:00+00:00,Elastic Net,0.11984368215371255
2022-05-22 00:00:00+00:00,Elastic Net,0.4687364307425098
2022-05-23 00:00:00+00:00,Elastic Net,-0.09607034303082936
2022-05-24 00:00:00+00:00,Elastic Net,0.06513243595310465
2022-05-25 00:00:00+00:00,Elastic Net,0.3535605731654364
2022-05-26 00:00:00+00:00,Elastic Net,0.43302214502822406
2022-05-27 00:00:00+00:00,Elastic Net,-0.3123100303951368
2022-05-28 00:00:00+00:00,Elastic Net,-0.1937742557773888
2022-05-29 00:00:00+00:00,Elastic Net,-0.2730134607034303
2022-05-30 00:00:00+00:00,Elastic Net,0.029635258358662615
2022-05-31 00:00:00+00:00,Elastic Net,0.715045592705167
2022-06-01 00:00:00+00:00,Elastic Net,-0.17043449947927192
2022-06-02 00:00:00+00:00,Elastic Net,0.46287451150673037
2022-06-03 00:00:00+00:00,Elastic Net,-0.25624881275211553
2022-06-04 00:00:00+00:00,Elastic Net,0.32957012592270946
2022-06-05 00:00:00+00:00,Elastic Net,-0.21396005210594876
2022-06-06 00:00:00+00:00,Elastic Net,0.44669995657837597
2022-06-07 00:00:00+00:00,Elastic Net,0.27989795918367344
2022-06-08 00:00:00+00:00,Elastic Net,-0.2504081632653061
2022-06-09 00:00:00+00:00,Elastic Net,0.2383673469387755
2022-06-10 00:00:00+00:00,Elastic Net,0.24071428571428566
2022-06-11 00:00:00+00:00,Elastic Net,0.18928571428571425
2022-06-12 00:00:00+00:00,Elastic Net,-0.008673469387755102
2022-06-13 00:00:00+00:00,Elastic Net,-0.20051020408163264
2022-06-14 00:00:00+00:00,Elastic Net,-0.1797959183673469
2022-06-15 00:00:00+00:00,Elastic Net,0.6288115246098439
2022-06-16 00:00:00+00:00,Elastic Net,-0.16629051620648258
2022-06-17 00:00:00+00:00,Elastic Net,0.10809123649459784
2022-06-18 00:00:00+00:00,Elastic Net,-0.18665066026410562
2022-06-19 00:00:00+00:00,Elastic Net,-0.19471788715486196
2022-06-20 00:00:00+00:00,Elastic Net,0.10521008403361343
2022-06-21 00:00:00+00:00,Elastic Net,0.26424969987995195
2022-06-22 00:00:00+00:00,Elastic Net,-0.4313565426170468
2022-06-23 00:00:00+00:00,Elastic Net,-0.023385354141656663
2022-06-24 00:00:00+00:00,Elastic Net,0.01997647002904798
2022-06-25 00:00:00+00:00,Elastic Net,0.3407923169267707
2022-06-26 00:00:00+00:00,Elastic Net,0.1919854018657063
2022-06-27 00:00:00+00:00,Elastic Net,0.10252100840336134
2022-06-28 00:00:00+00:00,Elastic Net,0.14804321728691477
2022-06-29 00:00:00+00:00,Elastic Net,0.39246098439375754
2022-06-30 00:00:00+00:00,Elastic Net,-0.04535829997139122
2022-07-01 00:00:00+00:00,Elastic Net,-0.12939643942683457
2022-07-02 00:00:00+00:00,Elastic Net,0.10616875190492224
2022-07-03 00:00:00+00:00,Elastic Net,-0.3537776812852801
2022-07-04 00:00:00+00:00,Elastic Net,0.0028224055579678677
2022-07-05 00:00:00+00:00,Elastic Net,0.005861919235779418
2022-07-06 00:00:00+00:00,Elastic Net,-0.21721667390360397
2022-07-07 00:00:00+00:00,Elastic Net,0.10953104646113765
2022-07-08 00:00:00+00:00,Elastic Net,-0.23546014609588584
2022-07-09 00:00:00+00:00,Elastic Net,0.1017151541467651
2022-07-10 00:00:00+00:00,Elastic Net,0.41402518454190185
2022-07-11 00:00:00+00:00,Elastic Net,0.11311333043855841
2022-07-12 00:00:00+00:00,Elastic Net,-0.3098132870169344
2022-07-13 00:00:00+00:00,Elastic Net,-0.10746851932262266
2022-07-14 00:00:00+00:00,Elastic Net,0.4083161461474969
2022-07-15 00:00:00+00:00,Elastic Net,0.23686495874945726
2022-07-16 00:00:00+00:00,Elastic Net,0.19148936170212766
2022-07-17 00:00:00+00:00,Elastic Net,-0.1313504125054277
2022-07-18 00:00:00+00:00,Elastic Net,-0.27105948762483717
2022-07-19 00:00:00+00:00,Elastic Net,0.21917064698219715
2022-07-20 00:00:00+00:00,Elastic Net,0.38145896656534956
2022-07-21 00:00:00+00:00,Elastic Net,0.3072079895788102
2022-07-22 00:00:00+00:00,Elastic Net,-0.12386018237082067
2022-07-23 00:00:00+00:00,Elastic Net,0.3972016651248844
2022-07-24 00:00:00+00:00,Elastic Net,-0.012950971322849215
2022-07-25 00:00:00+00:00,Elastic Net,-0.013760407030527291
2022-07-26 00:00:00+00:00,Elastic Net,0.18154486586493987
2022-07-27 00:00:00+00:00,Elastic Net,-0.11216466234967623
2022-07-28 00:00:00+00:00,Elastic Net,0.22745143385753933
2022-07-29 00:00:00+00:00,Elastic Net,-0.29058741905642926
2022-07-30 00:00:00+00:00,Elastic Net,-0.23623959296947272
2022-07-31 00:00:00+00:00,Elastic Net,0.05330712303422758
2022-08-01 00:00:00+00:00,Elastic Net,0.3132516188714154
2022-08-02 00:00:00+00:00,Elastic Net,0.20698427382053655
2022-08-03 00:00:00+00:00,Elastic Net,0.12916281221091583
2022-08-04 00:00:00+00:00,Elastic Net,0.03318686401480111
2022-08-05 00:00:00+00:00,Elastic Net,0.025323774283071233
2022-08-06 00:00:00+00:00,Elastic Net,-0.0013876040703052729
2022-08-07 00:00:00+00:00,Elastic Net,-0.16728180633955708
2022-08-08 00:00:00+00:00,Elastic Net,-0.08630047763786367
2022-08-09 00:00:00+00:00,Elastic Net,0.14513677811550152
2022-08-10 00:00:00+00:00,Elastic Net,0.10866261398176291
2022-08-11 00:00:00+00:00,Elastic Net,0.05677377333912288
2022-08-12 00:00:00+00:00,Elastic Net,-0.06339557099435518
2022-08-13 00:00:00+00:00,Elastic Net,-0.16467650890143287
2022-08-14 00:00:00+00:00,Elastic Net,0.009769865392965696
2022-08-15 00:00:00+00:00,Elastic Net,-0.037993920972644375
2022-08-16 00:00:00+00:00,Elastic Net,0.20657837603126358
2022-08-17 00:00:00+00:00,Elastic Net,0.1271168041684759
2022-08-18 00:00:00+00:00,Elastic Net,0.2037559704732957
2022-08-19 00:00:00+00:00,Elastic Net,0.4102257924446374
2022-08-20 00:00:00+00:00,Elastic Net,-0.18428571428571427
2022-08-21 00:00:00+00:00,Elastic Net,-0.018673469387755104
2022-08-22 00:00:00+00:00,Elastic Net,-0.25663265306122446
2022-08-23 00:00:00+00:00,Elastic Net,-0.0883673469387755
2022-08-24 00:00:00+00:00,Elastic Net,0.2366326530612245
2022-08-25 00:00:00+00:00,Elastic Net,0.38408163265306117
2022-08-26 00:00:00+00:00,Elastic Net,-0.3223057509260881
2022-08-27 00:00:00+00:00,Elastic Net,0.1585974815458098
2022-08-28 00:00:00+00:00,Elastic Net,-0.16521927920104212
2022-08-29 00:00:00+00:00,Elastic Net,0.21285714285714283
2022-08-30 00:00:00+00:00,Elastic Net,-0.38785114045618246
2022-08-31 00:00:00+00:00,Elastic Net,0.006386554621848738
2022-09-01 00:00:00+00:00,Elastic Net,0.06631452581032413
2022-09-02 00:00:00+00:00,Elastic Net,0.2166146458583433
2022-09-03 00:00:00+00:00,Elastic Net,0.2786554621848739
2022-09-04 00:00:00+00:00,Elastic Net,0.22103241296518605
2022-09-05 00:00:00+00:00,Elastic Net,0.3741176470588235
2022-09-06 00:00:00+00:00,Elastic Net,-0.16216086434573826
2022-09-07 00:00:00+00:00,Elastic Net,0.3309003601440576
2022-09-08 00:00:00+00:00,Elastic Net,-0.4161824729891957
2022-09-09 00:00:00+00:00,Elastic Net,0.18463385354141656
2022-09-10 00:00:00+00:00,Elastic Net,0.11481392557022808
2022-09-11 00:00:00+00:00,Elastic Net,0.19318127250900358
2022-09-12 00:00:00+00:00,Elastic Net,0.2215126050420168
2022-09-13 00:00:00+00:00,Elastic Net,0.21843937575030012
2022-09-14 00:00:00+00:00,Elastic Net,0.4820648259303721
2022-09-15 00:00:00+00:00,Elastic Net,-0.026074429771908762
2022-09-16 00:00:00+00:00,Elastic Net,0.06276110444177671
2022-09-17 00:00:00+00:00,Elastic Net,0.524609843937575
2022-09-18 00:00:00+00:00,Elastic Net,-0.27469387755102037
2022-09-19 00:00:00+00:00,Elastic Net,0.3390816326530612
2022-09-20 00:00:00+00:00,Elastic Net,0.21071428571428566
2022-09-21 00:00:00+00:00,Elastic Net,-0.0013265306122448978
2022-09-22 00:00:00+00:00,Elastic Net,0.06612244897959184
2022-09-23 00:00:00+00:00,Elastic Net,0.2916326530612245
2022-09-24 00:00:00+00:00,Elastic Net,0.2554081632653061
2022-09-25 00:00:00+00:00,Elastic Net,0.07714285714285714
2022-09-26 00:00:00+00:00,Elastic Net,-0.08469387755102038
2022-09-27 00:00:00+00:00,Elastic Net,0.21183673469387754
2022-09-28 00:00:00+00:00,Elastic Net,0.46744897959183673
2022-09-29 00:00:00+00:00,Elastic Net,-0.10653061224489795
2022-09-30 00:00:00+00:00,Elastic Net,0.11877551020408163
2022-10-01 00:00:00+00:00,Elastic Net,0.4183673469387755
2022-10-02 00:00:00+00:00,Elastic Net,0.05408163265306122
2022-10-03 00:00:00+00:00,Elastic Net,0.12408163265306121
2022-10-04 00:00:00+00:00,Elastic Net,0.022653061224489793
2022-10-05 00:00:00+00:00,Elastic Net,0.09479591836734691
2022-10-06 00:00:00+00:00,Elastic Net,-0.22316326530612243
2022-10-07 00:00:00+00:00,Elastic Net,0.31693877551020405
2022-10-08 00:00:00+00:00,Elastic Net,0.3106122448979592
2022-10-09 00:00:00+00:00,Elastic Net,0.3145896656534954
2022-10-10 00:00:00+00:00,Elastic Net,0.06567520625271385
2022-10-11 00:00:00+00:00,Elastic Net,0.3432029745883556
2022-10-12 00:00:00+00:00,Elastic Net,0.32088580112896226
2022-10-13 00:00:00+00:00,Elastic Net,0.0449413808076422
2022-10-14 00:00:00+00:00,Elastic Net,0.3263135041250543
2022-10-15 00:00:00+00:00,Elastic Net,-0.05720798957881025
2022-10-16 00:00:00+00:00,Elastic Net,-0.2126530612244898
2022-10-17 00:00:00+00:00,Elastic Net,0.5535714285714285
2022-10-18 00:00:00+00:00,Elastic Net,0.573877551020408
2022-10-19 00:00:00+00:00,Elastic Net,0.028367346938775507
2022-10-20 00:00:00+00:00,Elastic Net,0.0033673469387755102
2022-10-21 00:00:00+00:00,Elastic Net,0.41904130221038927
2022-10-22 00:00:00+00:00,Elastic Net,0.13020408163265304
2022-10-23 00:00:00+00:00,Elastic Net,0.1454081632653061
2022-10-24 00:00:00+00:00,Elastic Net,-0.03469387755102041
2022-10-25 00:00:00+00:00,Elastic Net,0.18948979591836734
2022-10-26 00:00:00+00:00,Elastic Net,0.0736734693877551
2022-10-27 00:00:00+00:00,Elastic Net,0.007448979591836735
2022-10-28 00:00:00+00:00,Elastic Net,0.21632653061224488
2022-10-29 00:00:00+00:00,Elastic Net,0.01908163265306122
2022-10-30 00:00:00+00:00,Elastic Net,0.09489795918367347
2022-10-31 00:00:00+00:00,Elastic Net,0.04469387755102041
2022-11-01 00:00:00+00:00,Elastic Net,-0.0786734693877551
2022-11-02 00:00:00+00:00,Elastic Net,-0.2064285714285714
2022-11-03 00:00:00+00:00,Elastic Net,0.015816326530612244
2022-11-04 00:00:00+00:00,Elastic Net,0.06111593573599653
2022-11-05 00:00:00+00:00,Elastic Net,0.2337755102040816
2022-11-06 00:00:00+00:00,Elastic Net,0.1107142857142857
2022-11-07 00:00:00+00:00,Elastic Net,0.4172448979591837
2022-11-08 00:00:00+00:00,Elastic Net,0.436734693877551
2022-11-09 00:00:00+00:00,Elastic Net,-0.3244897959183673
2022-11-10 00:00:00+00:00,Elastic Net,0.2591836734693877
2022-11-11 00:00:00+00:00,Elastic Net,0.30275510204081635
2022-11-12 00:00:00+00:00,Elastic Net,-0.07326530612244898
2022-11-13 00:00:00+00:00,Elastic Net,-0.05510204081632653
2022-11-14 00:00:00+00:00,Elastic Net,-0.004795918367346938
2022-11-15 00:00:00+00:00,Elastic Net,-0.1532783326096396
2022-11-16 00:00:00+00:00,Elastic Net,-0.08520408163265306
2022-11-17 00:00:00+00:00,Elastic Net,0.15081632653061225
2022-11-18 00:00:00+00:00,Elastic Net,0.34650455927051677
2022-11-19 00:00:00+00:00,Elastic Net,0.3488927485887972
2022-11-20 00:00:00+00:00,Elastic Net,0.052105948762483714
2022-11-21 00:00:00+00:00,Elastic Net,-0.23947025618758142
2022-11-22 00:00:00+00:00,Elastic Net,0.28300043421623966
2022-11-23 00:00:00+00:00,Elastic Net,0.30232305688232736
2022-11-24 00:00:00+00:00,Elastic Net,-0.2900564481111593
2022-11-25 00:00:00+00:00,Elastic Net,0.16810052384946025
2022-11-26 00:00:00+00:00,Elastic Net,0.011398176291793311
2022-11-27 00:00:00+00:00,Elastic Net,-0.016717325227963525
2022-11-28 00:00:00+00:00,Elastic Net,0.23339122883195831
2022-11-29 00:00:00+00:00,Elastic Net,-0.016717325227963525
2022-11-30 00:00:00+00:00,Elastic Net,0.12852800694745983
2022-12-01 00:00:00+00:00,Elastic Net,-0.12776812852800695
2022-12-02 00:00:00+00:00,Elastic Net,0.3970907511940947
2022-12-03 00:00:00+00:00,Elastic Net,0.062418584455058615
2022-12-04 00:00:00+00:00,Elastic Net,0.04928488074113978
2022-12-05 00:00:00+00:00,Elastic Net,-0.015197568389057751
2022-12-06 00:00:00+00:00,Elastic Net,0.35779418150238823
2022-12-07 00:00:00+00:00,Elastic Net,0.16258094357076783
2022-12-08 00:00:00+00:00,Elastic Net,0.256838905775076
2022-12-09 00:00:00+00:00,Elastic Net,0.13037342596613113
2022-12-10 00:00:00+00:00,Elastic Net,0.22666087711680416
2022-12-11 00:00:00+00:00,Elastic Net,0.2879092347786935
2022-12-12 00:00:00+00:00,Elastic Net,0.18291359096830223
2022-12-13 00:00:00+00:00,Elastic Net,0.09151107251411203
2022-12-14 00:00:00+00:00,Elastic Net,0.05883630047763786
2022-12-15 00:00:00+00:00,Elastic Net,0.5751194094659141
2022-12-16 00:00:00+00:00,Elastic Net,-0.215154146765089
2022-12-17 00:00:00+00:00,Elastic Net,0.25521059487624836
2022-12-18 00:00:00+00:00,Elastic Net,0.5372340425531915
2022-12-19 00:00:00+00:00,Elastic Net,-0.2676943117672601
2022-12-20 00:00:00+00:00,Elastic Net,0.5502605297438125
2022-12-21 00:00:00+00:00,Elastic Net,-0.03397742075553625
2022-12-22 00:00:00+00:00,Elastic Net,-0.010529743812418585
2022-12-23 00:00:00+00:00,Elastic Net,0.322405557967868
2022-12-24 00:00:00+00:00,Elastic Net,0.38519162098679044
2022-12-25 00:00:00+00:00,Elastic Net,-0.07077724706904039
2022-12-26 00:00:00+00:00,Elastic Net,0.04353017802865827
2022-12-27 00:00:00+00:00,Elastic Net,0.5569908814589666
2022-12-28 00:00:00+00:00,Elastic Net,0.060356057316543636
2022-12-29 00:00:00+00:00,Elastic Net,0.13797221016066
2022-12-30 00:00:00+00:00,Elastic Net,-0.20256187581415544
2022-12-31 00:00:00+00:00,Elastic Net,-0.26986539296569695
2023-01-01 00:00:00+00:00,Elastic Net,-0.3924229266174555
2023-01-02 00:00:00+00:00,Elastic Net,-0.06893182805036908
2023-01-03 00:00:00+00:00,Elastic Net,0.07881024750325662
2023-01-04 00:00:00+00:00,Elastic Net,0.05851222625434877
2023-01-05 00:00:00+00:00,Elastic Net,-0.021710811984368215
2023-01-06 00:00:00+00:00,Elastic Net,0.09954407294832826
2023-01-07 00:00:00+00:00,Elastic Net,-0.016608771168041683
2023-01-08 00:00:00+00:00,Elastic Net,-0.34965262700825006
2023-01-09 00:00:00+00:00,Elastic Net,-0.03538862353452019
2023-01-10 00:00:00+00:00,Elastic Net,0.5743595310464611
2023-01-11 00:00:00+00:00,Elastic Net,0.10615171137835339
2023-01-12 00:00:00+00:00,Elastic Net,-0.23623959296947272
2023-01-13 00:00:00+00:00,Elastic Net,0.02918367346938775
2023-01-14 00:00:00+00:00,Elastic Net,0.047329570125922704
2023-01-15 00:00:00+00:00,Elastic Net,0.16771602257924448
2023-01-16 00:00:00+00:00,Elastic Net,-0.04163265306122448
2023-01-17 00:00:00+00:00,Elastic Net,-0.046530612244897955
2023-01-18 00:00:00+00:00,Elastic Net,0.10424969987995197
2023-01-19 00:00:00+00:00,Elastic Net,0.23908763505402159
2023-01-20 00:00:00+00:00,Elastic Net,0.2198799519807923
2023-01-21 00:00:00+00:00,Elastic Net,-0.17483793517406962
2023-01-22 00:00:00+00:00,Elastic Net,0.13459783913565426
2023-01-23 00:00:00+00:00,Elastic Net,0.19744897959183672
2023-01-24 00:00:00+00:00,Elastic Net,0.3336951801997395
2023-01-25 00:00:00+00:00,Elastic Net,0.22622666087711682
2023-01-26 00:00:00+00:00,Elastic Net,0.24598349978289186
2023-01-27 00:00:00+00:00,Elastic Net,-0.2603126356925749
2023-01-28 00:00:00+00:00,Elastic Net,0.21341728180633956
2023-01-29 00:00:00+00:00,Elastic Net,0.10290924880590535
2023-01-30 00:00:00+00:00,Elastic Net,-0.34650455927051677
2023-01-31 00:00:00+00:00,Elastic Net,0.10551454624402953
2023-02-01 00:00:00+00:00,Elastic Net,0.3912288319583153
2023-02-02 00:00:00+00:00,Elastic Net,-0.07251411202778983
2023-02-03 00:00:00+00:00,Elastic Net,0.1252713851498046
2023-02-04 00:00:00+00:00,Elastic Net,0.2835432045158489
2023-02-05 00:00:00+00:00,Elastic Net,-0.11153061224489795
2023-02-06 00:00:00+00:00,Elastic Net,0.05653061224489796
2023-02-07 00:00:00+00:00,Elastic Net,0.4209183673469387
2023-02-08 00:00:00+00:00,Elastic Net,0.30826530612244896
2023-02-09 00:00:00+00:00,Elastic Net,0.017551020408163264
2023-02-10 00:00:00+00:00,Elastic Net,-0.16642857142857143
2023-02-11 00:00:00+00:00,Elastic Net,0.30826530612244896
2023-02-12 00:00:00+00:00,Elastic Net,0.3005102040816326
2023-02-13 00:00:00+00:00,Elastic Net,-0.07714285714285714
2023-02-14 00:00:00+00:00,Elastic Net,-0.33
2023-02-15 00:00:00+00:00,Elastic Net,0.2576530612244898
2023-02-16 00:00:00+00:00,Elastic Net,0.041734693877551014
2023-02-17 00:00:00+00:00,Elastic Net,0.07326530612244898
2023-02-18 00:00:00+00:00,Elastic Net,0.22999999999999995
2023-02-19 00:00:00+00:00,Elastic Net,0.06897959183673467
2023-02-20 00:00:00+00:00,Elastic Net,-0.08428571428571427
2023-02-21 00:00:00+00:00,Elastic Net,-0.23785714285714282
2023-02-22 00:00:00+00:00,Elastic Net,0.12999999999999998
2023-02-23 00:00:00+00:00,Elastic Net,0.09275510204081633
2023-02-24 00:00:00+00:00,Elastic Net,0.0012244897959183673
2023-02-25 00:00:00+00:00,Elastic Net,-0.12173469387755101
2023-02-26 00:00:00+00:00,Elastic Net,-0.1396938775510204
2023-02-27 00:00:00+00:00,Elastic Net,0.4575510204081632
2023-02-28 00:00:00+00:00,Elastic Net,-0.2773469387755102
2023-03-01 00:00:00+00:00,Elastic Net,0.5136734693877552
2023-03-02 00:00:00+00:00,Elastic Net,0.4171024772397337
2023-03-03 00:00:00+00:00,Elastic Net,0.575204081632653
2023-03-04 00:00:00+00:00,Elastic Net,-0.03938775510204081
2023-03-05 00:00:00+00:00,Elastic Net,-0.16204081632653058
2023-03-06 00:00:00+00:00,Elastic Net,0.4226530612244897
2023-03-07 00:00:00+00:00,Elastic Net,0.5168367346938775
2023-03-08 00:00:00+00:00,Elastic Net,-0.06765306122448979
2023-03-09 00:00:00+00:00,Elastic Net,0.22346938775510203
2023-03-10 00:00:00+00:00,Elastic Net,0.3711224489795918
2023-03-11 00:00:00+00:00,Elastic Net,-0.6804081632653061
2023-03-12 00:00:00+00:00,Elastic Net,-0.45133253301320525
2023-03-13 00:00:00+00:00,Elastic Net,-0.701032412965186
2023-03-14 00:00:00+00:00,Elastic Net,0.36470588235294116
2023-03-15 00:00:00+00:00,Elastic Net,-0.2093157262905162
2023-03-16 00:00:00+00:00,Elastic Net,-0.2256422569027611
2023-03-17 00:00:00+00:00,Elastic Net,0.0923409363745498
2023-03-18 00:00:00+00:00,Elastic Net,0.12336134453781511
2023-03-19 00:00:00+00:00,Elastic Net,0.261734693877551
2023-03-20 00:00:00+00:00,Elastic Net,0.13037214885954382
2023-03-21 00:00:00+00:00,Elastic Net,-0.10396158463385353
2023-03-22 00:00:00+00:00,Elastic Net,0.3412725090036014
2023-03-23 00:00:00+00:00,Elastic Net,0.5595678271308523
2023-03-24 00:00:00+00:00,Elastic Net,0.5212484993997599
2023-03-25 00:00:00+00:00,Elastic Net,-0.41234093637454977
2023-03-26 00:00:00+00:00,Elastic Net,0.5994897959183673
2023-03-27 00:00:00+00:00,Elastic Net,-0.4004081632653061
2023-03-28 00:00:00+00:00,Elastic Net,-0.26459183673469383
2023-03-29 00:00:00+00:00,Elastic Net,0.4151020408163265
2023-03-30 00:00:00+00:00,Elastic Net,0.1532783326096396
2023-03-31 00:00:00+00:00,Elastic Net,0.25412505427702997
2023-04-01 00:00:00+00:00,Elastic Net,0.28462874511506725
2023-04-02 00:00:00+00:00,Elastic Net,0.28419452887537994
2023-04-03 00:00:00+00:00,Elastic Net,-0.13732088580112894
2023-04-04 00:00:00+00:00,Elastic Net,-0.14361702127659573
2023-04-05 00:00:00+00:00,Elastic Net,0.2140686061658706
2023-04-06 00:00:00+00:00,Elastic Net,0.34628745115067305
2023-04-07 00:00:00+00:00,Elastic Net,0.15631784628745113
2023-04-08 00:00:00+00:00,Elastic Net,-0.13547546678245767
2023-04-09 00:00:00+00:00,Elastic Net,-0.2883195831524099
2023-04-10 00:00:00+00:00,Elastic Net,0.17086409031697786
2023-04-11 00:00:00+00:00,Elastic Net,0.38558402084237947
2023-04-12 00:00:00+00:00,Elastic Net,0.28126356925749024
2023-04-13 00:00:00+00:00,Elastic Net,-0.15154146765089016
2023-04-14 00:00:00+00:00,Elastic Net,0.37863656100738163
2023-04-15 00:00:00+00:00,Elastic Net,0.21765089014329136
2023-04-16 00:00:00+00:00,Elastic Net,0.18052540165002173
2023-04-17 00:00:00+00:00,Elastic Net,0.28962223187147196
2023-04-18 00:00:00+00:00,Elastic Net,0.22666087711680416
2023-04-19 00:00:00+00:00,Elastic Net,0.17987407729049062
2023-04-20 00:00:00+00:00,Elastic Net,0.3801563178462874
2023-04-21 00:00:00+00:00,Elastic Net,-0.38367252543940794
2023-04-22 00:00:00+00:00,Elastic Net,0.6515572001233426
2023-04-23 00:00:00+00:00,Elastic Net,-0.15066296638914584
2023-04-24 00:00:00+00:00,Elastic Net,-0.27449892075238974
2023-04-25 00:00:00+00:00,Elastic Net,0.15855689176688248
2023-04-26 00:00:00+00:00,Elastic Net,0.0717237126117792
2023-04-27 00:00:00+00:00,Elastic Net,0.24020968239284612
2023-04-28 00:00:00+00:00,Elastic Net,0.21961147086031452
2023-04-29 00:00:00+00:00,Elastic Net,0.22676534073388835
2023-04-30 00:00:00+00:00,Elastic Net,0.42090656799259946
2023-05-01 00:00:00+00:00,Elastic Net,0.0918131359851989
2023-05-02 00:00:00+00:00,Elastic Net,-0.19322386679000922
2023-05-03 00:00:00+00:00,Elastic Net,0.3280527289546716
2023-05-04 00:00:00+00:00,Elastic Net,0.12812210915818686
2023-05-05 00:00:00+00:00,Elastic Net,0.5529602220166513
2023-05-06 00:00:00+00:00,Elastic Net,0.14604532839962997
2023-05-07 00:00:00+00:00,Elastic Net,0.45964384828862165
2023-05-08 00:00:00+00:00,Elastic Net,-0.0634617163951547
2023-05-09 00:00:00+00:00,Elastic Net,-0.15362318840579708
2023-05-10 00:00:00+00:00,Elastic Net,0.7224791859389454
2023-05-11 00:00:00+00:00,Elastic Net,-0.19592969472710453
2023-05-12 00:00:00+00:00,Elastic Net,0.23527597903176073
2023-05-13 00:00:00+00:00,Elastic Net,-0.5035460992907801
2023-05-14 00:00:00+00:00,Elastic Net,-0.09244811746971514
2023-05-15 00:00:00+00:00,Elastic Net,-0.08567199226351127
2023-05-16 00:00:00+00:00,Elastic Net,-0.20962072155411654
2023-05-17 00:00:00+00:00,Elastic Net,0.1692876965772433
2023-05-18 00:00:00+00:00,Elastic Net,0.19536873761452353
2023-05-19 00:00:00+00:00,Elastic Net,0.09030989824236818
2023-05-20 00:00:00+00:00,Elastic Net,0.521854764107308
2023-05-21 00:00:00+00:00,Elastic Net,0.21403792784458836
2023-05-22 00:00:00+00:00,Elastic Net,-0.15737742830712304
2023-05-23 00:00:00+00:00,Elastic Net,0.37395929694727104
2023-05-24 00:00:00+00:00,Elastic Net,0.005203515263644773
2023-05-25 00:00:00+00:00,Elastic Net,-0.12733391228831958
2023-05-26 00:00:00+00:00,Elastic Net,0.21678245766391663
2023-05-27 00:00:00+00:00,Elastic Net,-0.07023447676943118
2023-05-28 00:00:00+00:00,Elastic Net,0.027520814061054583
2023-05-29 00:00:00+00:00,Elastic Net,0.13829787234042554
2023-05-30 00:00:00+00:00,Elastic Net,0.5565448658649399
2023-05-31 00:00:00+00:00,Elastic Net,-0.26040703052728953
2023-06-01 00:00:00+00:00,Elastic Net,0.11054579093432007
2023-06-02 00:00:00+00:00,Elastic Net,0.36552574776441565
2023-06-03 00:00:00+00:00,Elastic Net,0.10181930311440024
2023-06-04 00:00:00+00:00,Elastic Net,0.6944326990838618
2023-06-05 00:00:00+00:00,Elastic Net,-0.2825933756166314
2023-06-06 00:00:00+00:00,Elastic Net,0.3484143763213531
2023-06-07 00:00:00+00:00,Elastic Net,0.08794926004228329
2023-06-08 00:00:00+00:00,Elastic Net,0.10599013389711062
2023-06-09 00:00:00+00:00,Elastic Net,0.3121916842847075
2023-06-10 00:00:00+00:00,Elastic Net,0.12403100775193798
2023-06-11 00:00:00+00:00,Elastic Net,-0.17470355731225296
2023-06-12 00:00:00+00:00,Elastic Net,0.06482213438735178
2023-06-13 00:00:00+00:00,Elastic Net,0.15095137420718815
2023-06-14 00:00:00+00:00,Elastic Net,-0.34229249011857704
2023-06-15 00:00:00+00:00,Elastic Net,-0.08484848484848484
2023-06-16 00:00:00+00:00,Elastic Net,0.1424242424242424
2023-06-17 00:00:00+00:00,Elastic Net,0.2935441370223979
2023-06-18 00:00:00+00:00,Elastic Net,-0.16034255599472988
2023-06-19 00:00:00+00:00,Elastic Net,-0.26653491436100124
2023-06-20 00:00:00+00:00,Elastic Net,-0.2360160345359235
2023-06-21 00:00:00+00:00,Elastic Net,0.2133441258094357
2023-06-22 00:00:00+00:00,Elastic Net,0.24595282146160963
2023-06-23 00:00:00+00:00,Elastic Net,-0.025963613937711995
2023-06-24 00:00:00+00:00,Elastic Net,0.20357693493678689
2023-06-25 00:00:00+00:00,Elastic Net,0.25710761640456364
2023-06-26 00:00:00+00:00,Elastic Net,0.07342738205365404
2023-06-27 00:00:00+00:00,Elastic Net,0.32076780758556894
2023-06-28 00:00:00+00:00,Elastic Net,0.034227567067530065
2023-06-29 00:00:00+00:00,Elastic Net,0.13806660499537465
2023-06-30 00:00:00+00:00,Elastic Net,0.2177382053654024
2023-07-01 00:00:00+00:00,Elastic Net,0.3163737280296023
2023-07-02 00:00:00+00:00,Elastic Net,0.009944495837187789
2023-07-03 00:00:00+00:00,Elastic Net,0.4039084181313599
2023-07-04 00:00:00+00:00,Elastic Net,0.2408649398704903
2023-07-05 00:00:00+00:00,Elastic Net,-0.06938020351526364
2023-07-06 00:00:00+00:00,Elastic Net,0.0018501387604070306
2023-07-07 00:00:00+00:00,Elastic Net,0.29833487511563367
2023-07-08 00:00:00+00:00,Elastic Net,0.21195652173913046
2023-07-09 00:00:00+00:00,Elastic Net,0.186054579093432
2023-07-10 00:00:00+00:00,Elastic Net,0.21103145235892692
2023-07-11 00:00:00+00:00,Elastic Net,0.06672062904717854
2023-07-12 00:00:00+00:00,Elastic Net,0.4558279370952822
2023-07-13 00:00:00+00:00,Elastic Net,0.1238436632747456
2023-07-14 00:00:00+00:00,Elastic Net,0.2161193339500463
2023-07-15 00:00:00+00:00,Elastic Net,-0.14153561517113786
2023-07-16 00:00:00+00:00,Elastic Net,0.2162349676225717
2023-07-17 00:00:00+00:00,Elastic Net,-0.07678075855689177
2023-07-18 00:00:00+00:00,Elastic Net,0.07134597594819611
2023-07-19 00:00:00+00:00,Elastic Net,0.20005203674053015
2023-07-20 00:00:00+00:00,Elastic Net,0.09666975023126735
2023-07-21 00:00:00+00:00,Elastic Net,0.178422756706753
2023-07-22 00:00:00+00:00,Elastic Net,0.15437095282146163
2023-07-23 00:00:00+00:00,Elastic Net,0.37442183163737275
2023-07-24 00:00:00+00:00,Elastic Net,0.1472016651248844
2023-07-25 00:00:00+00:00,Elastic Net,0.04382516188714154
2023-07-26 00:00:00+00:00,Elastic Net,-0.04891304347826087
2023-07-27 00:00:00+00:00,Elastic Net,-0.07066869300911854
2023-07-28 00:00:00+00:00,Elastic Net,0.10048566142460685
2023-07-29 00:00:00+00:00,Elastic Net,0.22953283996299723
2023-07-30 00:00:00+00:00,Elastic Net,-0.08429694727104534
2023-07-31 00:00:00+00:00,Elastic Net,0.12453746530989825
2023-08-01 00:00:00+00:00,Elastic Net,0.2085323491098567
2023-08-02 00:00:00+00:00,Elastic Net,0.1028006947459835
2023-08-03 00:00:00+00:00,Elastic Net,0.25010204081632653
2023-08-04 00:00:00+00:00,Elastic Net,0.17714285714285713
2023-08-05 00:00:00+00:00,Elastic Net,0.00010204341950819172
2023-08-06 00:00:00+00:00,Elastic Net,0.3197959183673469
2023-08-07 00:00:00+00:00,Elastic Net,0.1739330085517128
2023-08-08 00:00:00+00:00,Elastic Net,0.05530753337343992
2023-08-09 00:00:00+00:00,Elastic Net,0.2363265306122449
2023-08-10 00:00:00+00:00,Elastic Net,-0.07673653631350641
2023-08-11 00:00:00+00:00,Elastic Net,0.23246098439375748
2023-08-12 00:00:00+00:00,Elastic Net,-0.07495798319327732
2023-08-13 00:00:00+00:00,Elastic Net,-0.04460984393757503
2023-08-14 00:00:00+00:00,Elastic Net,0.45575030012004797
2023-08-15 00:00:00+00:00,Elastic Net,0.08667466986794717
2023-08-16 00:00:00+00:00,Elastic Net,0.16926770708283315
2023-08-17 00:00:00+00:00,Elastic Net,-0.15275510204081633
2023-08-18 00:00:00+00:00,Elastic Net,-0.181734693877551
2023-08-19 00:00:00+00:00,Elastic Net,0.30326530612244895
2023-08-20 00:00:00+00:00,Elastic Net,0.23255102040816325
2023-08-21 00:00:00+00:00,Elastic Net,0.18112244897959182
2023-08-22 00:00:00+00:00,Elastic Net,0.03744897959183673
2023-08-23 00:00:00+00:00,Elastic Net,0.3522579244463743
2023-08-24 00:00:00+00:00,Elastic Net,0.23643074250976986
2023-08-25 00:00:00+00:00,Elastic Net,0.003690838037342596
2023-08-26 00:00:00+00:00,Elastic Net,0.00010855405992184108
2023-08-27 00:00:00+00:00,Elastic Net,0.2724706904038211
2023-08-28 00:00:00+00:00,Elastic Net,0.039296569691706466
2023-08-29 00:00:00+00:00,Elastic Net,0.03538862353452019
2023-08-30 00:00:00+00:00,Elastic Net,0.1382978723404255
2023-08-31 00:00:00+00:00,Elastic Net,0.308076422058185
2023-09-01 00:00:00+00:00,Elastic Net,0.11203083023096091
2023-09-02 00:00:00+00:00,Elastic Net,0.008141554494138082
2023-09-03 00:00:00+00:00,Elastic Net,0.015089014329135909
2023-09-04 00:00:00+00:00,Elastic Net,0.0023881893182805037
2023-09-05 00:00:00+00:00,Elastic Net,0.20842379504993486
2023-09-06 00:00:00+00:00,Elastic Net,0.31024750325662176
2023-09-07 00:00:00+00:00,Elastic Net,0.1671777892981393
2023-09-08 00:00:00+00:00,Elastic Net,0.04309713139698786
2023-09-09 00:00:00+00:00,Elastic Net,0.14600521059487623
2023-09-10 00:00:00+00:00,Elastic Net,0.49337820234476776
2023-09-11 00:00:00+00:00,Elastic Net,0.01780334899019146
2023-09-12 00:00:00+00:00,Elastic Net,0.10008684324793747
2023-09-13 00:00:00+00:00,Elastic Net,0.0034737299174989146
2023-09-14 00:00:00+00:00,Elastic Net,-0.07147702744372494
2023-09-15 00:00:00+00:00,Elastic Net,0.21233425840271353
2023-09-16 00:00:00+00:00,Elastic Net,0.38883749614554425
2023-09-17 00:00:00+00:00,Elastic Net,0.049892075238976256
2023-09-18 00:00:00+00:00,Elastic Net,-0.31557200123342577
2023-09-19 00:00:00+00:00,Elastic Net,-0.14572926302806044
2023-09-20 00:00:00+00:00,Elastic Net,0.228245451742214
2023-09-21 00:00:00+00:00,Elastic Net,-0.23567507734980317
2023-09-22 00:00:00+00:00,Elastic Net,0.3214924452667283
2023-09-23 00:00:00+00:00,Elastic Net,0.286586493987049
2023-09-24 00:00:00+00:00,Elastic Net,-0.12093740363860624
2023-09-25 00:00:00+00:00,Elastic Net,-0.0898550724637681
2023-09-26 00:00:00+00:00,Elastic Net,0.10638625926301444
2023-09-27 00:00:00+00:00,Elastic Net,0.0685168054270737
2023-09-28 00:00:00+00:00,Elastic Net,0.053715695343817454
2023-09-29 00:00:00+00:00,Elastic Net,0.18186864014801107
2023-09-30 00:00:00+00:00,Elastic Net,0.11822386679000925
2023-10-01 00:00:00+00:00,Elastic Net,0.19642306506321308
2023-10-02 00:00:00+00:00,Elastic Net,0.33094357076780756
2023-10-03 00:00:00+00:00,Elastic Net,0.05018501387604071
2023-10-04 00:00:00+00:00,Elastic Net,0.2185476410730805
2023-10-05 00:00:00+00:00,Elastic Net,-0.15460222016651248
2023-10-06 00:00:00+00:00,Elastic Net,0.31835702626995965
2023-10-07 00:00:00+00:00,Elastic Net,0.15386987357385137
2023-10-08 00:00:00+00:00,Elastic Net,0.28140610545790934
2023-10-09 00:00:00+00:00,Elastic Net,-0.03324082639531298
2023-10-10 00:00:00+00:00,Elastic Net,0.053222325007708904
2023-10-11 00:00:00+00:00,Elastic Net,0.029293863706444646
2023-10-12 00:00:00+00:00,Elastic Net,0.25081714461917975
2023-10-13 00:00:00+00:00,Elastic Net,0.023743447425223555
2023-10-14 00:00:00+00:00,Elastic Net,-0.23997039698109518
2023-10-15 00:00:00+00:00,Elastic Net,0.09984582176996609
2023-10-16 00:00:00+00:00,Elastic Net,0.296831637372803
2023-10-17 00:00:00+00:00,Elastic Net,0.3256244218316374
2023-10-18 00:00:00+00:00,Elastic Net,0.3525670675300648
2023-10-19 00:00:00+00:00,Elastic Net,-0.2845744680851064
2023-10-20 00:00:00+00:00,Elastic Net,0.09643848288621648
2023-10-21 00:00:00+00:00,Elastic Net,-0.2320767807585569
2023-10-22 00:00:00+00:00,Elastic Net,0.11020659882824546
2023-10-23 00:00:00+00:00,Elastic Net,-0.13783533765032377
2023-10-24 00:00:00+00:00,Elastic Net,-0.24283543204515848
2023-10-25 00:00:00+00:00,Elastic Net,-0.00206252713851498
2023-10-26 00:00:00+00:00,Elastic Net,0.4573382544507164
2023-10-27 00:00:00+00:00,Elastic Net,-0.1258141554494138
2023-10-28 00:00:00+00:00,Elastic Net,0.25043421623968737
2023-10-29 00:00:00+00:00,Elastic Net,-0.14101172383847155
2023-10-30 00:00:00+00:00,Elastic Net,0.30829353017802863
2023-10-31 00:00:00+00:00,Elastic Net,0.3843899261832392
2023-11-01 00:00:00+00:00,Elastic Net,0.3173035171515415
2023-11-02 00:00:00+00:00,Elastic Net,0.03907946157186278
2023-11-03 00:00:00+00:00,Elastic Net,0.017042987407729047
2023-11-04 00:00:00+00:00,Elastic Net,0.3557316543638732
2023-11-05 00:00:00+00:00,Elastic Net,0.05862078326038653
2023-11-06 00:00:00+00:00,Elastic Net,0.13211029092488058
2023-11-07 00:00:00+00:00,Elastic Net,-0.06480677377333911
2023-11-08 00:00:00+00:00,Elastic Net,0.3673469387755102
2023-11-09 00:00:00+00:00,Elastic Net,0.21200607902735563
2023-11-10 00:00:00+00:00,Elastic Net,0.3296716003700278
2023-11-11 00:00:00+00:00,Elastic Net,0.2379740980573543
2023-11-12 00:00:00+00:00,Elastic Net,0.14384828862164661
2023-11-13 00:00:00+00:00,Elastic Net,0.002930959617889709
2023-11-14 00:00:00+00:00,Elastic Net,0.15740338688666955
2023-11-15 00:00:00+00:00,Elastic Net,0.28669127225358226
2023-11-16 00:00:00+00:00,Elastic Net,-0.0017368649587494573
2023-11-17 00:00:00+00:00,Elastic Net,0.0438558402084238
2023-11-18 00:00:00+00:00,Elastic Net,0.05557967867998263
2023-11-19 00:00:00+00:00,Elastic Net,0.20256187581415544
2023-11-20 00:00:00+00:00,Elastic Net,0.14242292661745548
2023-11-21 00:00:00+00:00,Elastic Net,-0.2681285280069475
2023-11-22 00:00:00+00:00,Elastic Net,0.0322405557967868
2023-11-23 00:00:00+00:00,Elastic Net,0.1442683456361268
2023-11-24 00:00:00+00:00,Elastic Net,-0.007381676074685192
2023-11-25 00:00:00+00:00,Elastic Net,0.23458532349109856
2023-11-26 00:00:00+00:00,Elastic Net,0.07761615284411637
2023-11-27 00:00:00+00:00,Elastic Net,-0.04526704298740773
2023-11-28 00:00:00+00:00,Elastic Net,0.1847590099869735
2023-11-29 00:00:00+00:00,Elastic Net,-0.024967433782023447
2023-11-30 00:00:00+00:00,Elastic Net,0.18061979648473636
2023-12-01 00:00:00+00:00,Elastic Net,-0.10719241443108232
2023-12-02 00:00:00+00:00,Elastic Net,0.06810823311748382
2023-12-03 00:00:00+00:00,Elastic Net,0.012889300030835646
2023-12-04 00:00:00+00:00,Elastic Net,0.21134751773049643
2023-12-05 00:00:00+00:00,Elastic Net,0.40561208757323464
2023-12-06 00:00:00+00:00,Elastic Net,0.37354301572617943
2023-12-07 00:00:00+00:00,Elastic Net,0.3043478260869565
2023-12-08 00:00:00+00:00,Elastic Net,0.20079051383399207
2023-12-09 00:00:00+00:00,Elastic Net,0.014229249011857705
2023-12-10 00:00:00+00:00,Elastic Net,0.15059288537549406
2023-12-11 00:00:00+00:00,Elastic Net,0.20289855072463767
2023-12-12 00:00:00+00:00,Elastic Net,0.08695652173913042
2023-12-13 00:00:00+00:00,Elastic Net,-0.3678524374176548
2023-12-14 00:00:00+00:00,Elastic Net,0.08921775898520085
2023-12-15 00:00:00+00:00,Elastic Net,-0.020859760394644114
2023-12-16 00:00:00+00:00,Elastic Net,0.1515151515151515
2023-12-17 00:00:00+00:00,Elastic Net,0.20859760394644114
2023-12-18 00:00:00+00:00,Elastic Net,0.08907681465821
2023-12-19 00:00:00+00:00,Elastic Net,0.05836627140974967
2023-12-20 00:00:00+00:00,Elastic Net,0.19380764163372857
2023-12-21 00:00:00+00:00,Elastic Net,0.22577860006167125
2023-12-22 00:00:00+00:00,Elastic Net,0.178168362627197
2023-12-23 00:00:00+00:00,Elastic Net,0.21554116558741904
2023-12-24 00:00:00+00:00,Elastic Net,0.13280632411067195
2023-12-25 00:00:00+00:00,Elastic Net,0.08827404479578392
2023-12-26 00:00:00+00:00,Elastic Net,0.33899868247694326
2023-12-27 00:00:00+00:00,Elastic Net,0.1608695652173913
2023-12-28 00:00:00+00:00,Elastic Net,0.09538866930171275
2023-12-29 00:00:00+00:00,Elastic Net,-0.16534914361001316
2023-12-30 00:00:00+00:00,Elastic Net,0.4673254281949933
2023-12-31 00:00:00+00:00,Elastic Net,0.061133069828722
2024-01-01 00:00:00+00:00,Elastic Net,0.08036890645586296
2024-01-02 00:00:00+00:00,Elastic Net,0.0447957839262187
2024-01-03 00:00:00+00:00,Elastic Net,0.09288537549407114
2024-01-04 00:00:00+00:00,Elastic Net,0.3080481036077705
2024-01-05 00:00:00+00:00,Elastic Net,0.3137022397891963
2024-01-06 00:00:00+00:00,Elastic Net,0.3607378129117259
2024-01-07 00:00:00+00:00,Elastic Net,-0.06877470355731224
2024-01-08 00:00:00+00:00,Elastic Net,0.5377119950662966
2024-01-09 00:00:00+00:00,Elastic Net,0.05098814229249011
2024-01-10 00:00:00+00:00,Elastic Net,0.16941103916127043
2024-01-11 00:00:00+00:00,Elastic Net,0.07727412889300031
2024-01-12 00:00:00+00:00,Elastic Net,0.07283379586802344
2024-01-13 00:00:00+00:00,Elastic Net,0.13583662714097497
2024-01-14 00:00:00+00:00,Elastic Net,-0.04411557434813248
2024-01-15 00:00:00+00:00,Elastic Net,-0.05581395348837209
2024-01-16 00:00:00+00:00,Elastic Net,0.32586328400281883
2024-01-17 00:00:00+00:00,Elastic Net,0.5202355783751133
2024-01-18 00:00:00+00:00,Elastic Net,0.1188462700090607
2024-01-19 00:00:00+00:00,Elastic Net,0.13092721232256116
2024-01-20 00:00:00+00:00,Elastic Net,0.35850196315312594
2024-01-21 00:00:00+00:00,Elastic Net,0.3450619148293567
2024-01-22 00:00:00+00:00,Elastic Net,-0.018876472364844455
2024-01-23 00:00:00+00:00,Elastic Net,-0.37133796436122013
2024-01-24 00:00:00+00:00,Elastic Net,0.34702506795530047
2024-01-25 00:00:00+00:00,Elastic Net,-0.46707943219571124
2024-01-26 00:00:00+00:00,Elastic Net,-0.12216852914527332
2024-01-27 00:00:00+00:00,Elastic Net,0.28405315614617943
2024-01-28 00:00:00+00:00,Elastic Net,-0.2694050135910601
2024-01-29 00:00:00+00:00,Elastic Net,0.05116279069767441
2024-01-30 00:00:00+00:00,Elastic Net,0.32290345313601126
2024-01-31 00:00:00+00:00,Elastic Net,0.32360817477096543
2024-02-01 00:00:00+00:00,Elastic Net,0.10303030303030301
2024-02-02 00:00:00+00:00,Elastic Net,0.30750988142292485
2024-02-03 00:00:00+00:00,Elastic Net,0.2303030303030303
2024-02-04 00:00:00+00:00,Elastic Net,-0.0952783650458069
2024-02-05 00:00:00+00:00,Elastic Net,0.31488801054018445
2024-02-06 00:00:00+00:00,Elastic Net,-0.27747035573122525
2024-02-07 00:00:00+00:00,Elastic Net,0.22872200263504605
2024-02-08 00:00:00+00:00,Elastic Net,-0.15419309372797743
2024-02-09 00:00:00+00:00,Elastic Net,0.0052149400986610285
2024-02-10 00:00:00+00:00,Elastic Net,0.07470049330514447
2024-02-11 00:00:00+00:00,Elastic Net,-0.2190274841437632
2024-02-12 00:00:00+00:00,Elastic Net,0.24496124031007752
2024-02-13 00:00:00+00:00,Elastic Net,0.0015503875968992248
2024-02-14 00:00:00+00:00,Elastic Net,-0.024806201550387597
2024-02-15 00:00:00+00:00,Elastic Net,-0.10317124735729385
2024-02-16 00:00:00+00:00,Elastic Net,0.23988724453840735
2024-02-17 00:00:00+00:00,Elastic Net,-0.10404711567502266
2024-02-18 00:00:00+00:00,Elastic Net,-0.1386288130474177
2024-02-19 00:00:00+00:00,Elastic Net,0.42842041679250975
2024-02-20 00:00:00+00:00,Elastic Net,0.059800664451827246
2024-02-21 00:00:00+00:00,Elastic Net,0.09090909090909091
2024-02-22 00:00:00+00:00,Elastic Net,0.2928853754940711
2024-02-23 00:00:00+00:00,Elastic Net,-0.17140974967061923
2024-02-24 00:00:00+00:00,Elastic Net,0.11219168428470754
2024-02-25 00:00:00+00:00,Elastic Net,0.5421607378129117
2024-02-26 00:00:00+00:00,Elastic Net,0.31976284584980236
2024-02-27 00:00:00+00:00,Elastic Net,-0.0011857707509881422
2024-02-28 00:00:00+00:00,Elastic Net,0.1523056653491436
2024-02-29 00:00:00+00:00,Elastic Net,-0.2888010540184453
2024-03-01 00:00:00+00:00,Elastic Net,-0.03162055335968379
2024-03-02 00:00:00+00:00,Elastic Net,0.05085638998682476
2024-03-03 00:00:00+00:00,Elastic Net,0.18238195912614516
2024-03-04 00:00:00+00:00,Elastic Net,0.26116983791402393
2024-03-05 00:00:00+00:00,Elastic Net,0.15997181113460182
2024-03-06 00:00:00+00:00,Elastic Net,0.15630725863284003
2024-03-07 00:00:00+00:00,Elastic Net,-0.28390214436726063
2024-03-08 00:00:00+00:00,Elastic Net,-0.07097553609181516
2024-03-09 00:00:00+00:00,Elastic Net,0.2511627906976744
2024-03-10 00:00:00+00:00,Elastic Net,0.1368569415081043
2024-03-11 00:00:00+00:00,Elastic Net,0.3461592670894996
2024-03-12 00:00:00+00:00,Elastic Net,0.3405797101449275
2024-03-13 00:00:00+00:00,Elastic Net,-0.22424242424242422
2024-03-14 00:00:00+00:00,Elastic Net,0.2784458834412581
2024-03-15 00:00:00+00:00,Elastic Net,0.5467160037002775
2024-03-16 00:00:00+00:00,Elastic Net,-0.30015417823003393
2024-03-17 00:00:00+00:00,Elastic Net,0.7006587615283267
2024-03-18 00:00:00+00:00,Elastic Net,-0.23754940711462447
2024-03-19 00:00:00+00:00,Elastic Net,-0.20184453227931487
2024-03-20 00:00:00+00:00,Elastic Net,0.41057082452431287
2024-03-21 00:00:00+00:00,Elastic Net,0.0943823618242223
2024-03-22 00:00:00+00:00,Elastic Net,-0.16309272123225613
2024-03-23 00:00:00+00:00,Elastic Net,-0.08275445484747809
2024-03-24 00:00:00+00:00,Elastic Net,0.07808315715292459
2024-03-25 00:00:00+00:00,Elastic Net,-0.09175475687103594
2024-03-26 00:00:00+00:00,Elastic Net,0.3735024665257223
2024-03-27 00:00:00+00:00,Elastic Net,-0.03890063424947146
2024-03-28 00:00:00+00:00,Elastic Net,0.5151515151515151
2024-03-29 00:00:00+00:00,Elastic Net,-0.23965744400527006
2024-03-30 00:00:00+00:00,Elastic Net,-0.10909090909090909
2024-03-31 00:00:00+00:00,Elastic Net,0.34277660324171955
2024-04-01 00:00:00+00:00,Elastic Net,0.3285902503293807
2024-04-02 00:00:00+00:00,Elastic Net,0.21133069828722
2024-04-03 00:00:00+00:00,Elastic Net,0.02312673450508788
2024-04-04 00:00:00+00:00,Elastic Net,0.08063241106719368
2024-04-05 00:00:00+00:00,Elastic Net,0.10223978919631092
2024-04-06 00:00:00+00:00,Elastic Net,-0.48010540184453226
2024-04-07 00:00:00+00:00,Elastic Net,-0.27385482734319944
2024-04-08 00:00:00+00:00,Elastic Net,0.32411067193675885
2024-04-09 00:00:00+00:00,Elastic Net,-0.054940711462450595
2024-04-10 00:00:00+00:00,Elastic Net,0.2994729907773386
2024-04-11 00:00:00+00:00,Elastic Net,0.3972332015810277
2024-04-12 00:00:00+00:00,Elastic Net,0.1494071146245059
2024-04-13 00:00:00+00:00,Elastic Net,-0.4150197628458498
2024-04-14 00:00:00+00:00,Elastic Net,0.33359683794466405
2024-04-15 00:00:00+00:00,Elastic Net,-0.21437632135306553
2024-04-16 00:00:00+00:00,Elastic Net,0.4045102184637068
2024-04-17 00:00:00+00:00,Elastic Net,-0.0466626396858955
2024-04-18 00:00:00+00:00,Elastic Net,-0.07475083056478406
2024-04-19 00:00:00+00:00,Elastic Net,-0.6282090003020235
2024-04-20 00:00:00+00:00,Elastic Net,0.05013591060102687
2024-04-21 00:00:00+00:00,Elastic Net,0.080338266384778
2024-04-22 00:00:00+00:00,Elastic Net,-0.14768951978254305
2024-04-23 00:00:00+00:00,Elastic Net,0.2449411054062217
2024-04-24 00:00:00+00:00,Elastic Net,0.03199436222692036
2024-04-25 00:00:00+00:00,Elastic Net,0.4661028893587032
2024-04-26 00:00:00+00:00,Elastic Net,0.12149400986610288
2024-04-27 00:00:00+00:00,Elastic Net,0.08921775898520085
2024-04-28 00:00:00+00:00,Elastic Net,-0.09978858350951374
2024-04-29 00:00:00+00:00,Elastic Net,0.48062015503875966
2024-04-30 00:00:00+00:00,Elastic Net,-0.21592670894996474
2024-05-01 00:00:00+00:00,Elastic Net,-0.2486257928118393
2024-05-02 00:00:00+00:00,Elastic Net,-0.5534581697372395
2024-05-03 00:00:00+00:00,Elastic Net,-0.023741998217324367
2024-05-04 00:00:00+00:00,Elastic Net,0.08143586419252898
2024-05-05 00:00:00+00:00,Elastic Net,0.05437160683899198
2024-05-06 00:00:00+00:00,Elastic Net,0.1961643008154636
2024-05-07 00:00:00+00:00,Elastic Net,0.24041075203865903
2024-05-08 00:00:00+00:00,Elastic Net,-0.09715582205655944
2024-05-09 00:00:00+00:00,Elastic Net,0.15871080139372826
2024-05-10 00:00:00+00:00,Elastic Net,0.02299651567944251
2024-05-11 00:00:00+00:00,Elastic Net,0.0980836236933798
2024-05-12 00:00:00+00:00,Elastic Net,0.2534843205574913
2024-05-13 00:00:00+00:00,Elastic Net,0.043379790940766556
2024-05-14 00:00:00+00:00,Elastic Net,-0.30191637630662027
2024-05-15 00:00:00+00:00,Elastic Net,0.2898954703832753
2024-05-16 00:00:00+00:00,Elastic Net,-0.22804878048780494
2024-05-17 00:00:00+00:00,Elastic Net,-0.17282229965156798
2024-05-18 00:00:00+00:00,Elastic Net,0.3573170731707318
2024-05-19 00:00:00+00:00,Elastic Net,-0.10487804878048783
2024-05-20 00:00:00+00:00,Elastic Net,-0.30702536261243013
2024-05-21 00:00:00+00:00,Elastic Net,0.05599222105177863
2024-05-22 00:00:00+00:00,Elastic Net,0.04318936877076412
2024-05-23 00:00:00+00:00,Elastic Net,0.15614617940199335
2024-05-24 00:00:00+00:00,Elastic Net,-0.18891573542736334
2024-05-25 00:00:00+00:00,Elastic Net,-0.014950166112956811
2024-05-26 00:00:00+00:00,Elastic Net,-0.3501963153125943
2024-05-27 00:00:00+00:00,Elastic Net,-0.047115675022651765
2024-05-28 00:00:00+00:00,Elastic Net,0.18693784944493966
2024-05-29 00:00:00+00:00,Elastic Net,0.0418928774005348
2024-05-30 00:00:00+00:00,Elastic Net,-0.10817599870350864
2024-05-31 00:00:00+00:00,Elastic Net,0.1908273235556276
2024-06-01 00:00:00+00:00,Elastic Net,0.19439267482375822
2024-06-02 00:00:00+00:00,Elastic Net,0.12000648245685115
2024-06-03 00:00:00+00:00,Elastic Net,-0.16830078599789322
2024-06-04 00:00:00+00:00,Elastic Net,-0.044809982983550774
2024-06-05 00:00:00+00:00,Elastic Net,0.3118393234672305
2024-06-06 00:00:00+00:00,Elastic Net,0.3384173965569314
2024-06-07 00:00:00+00:00,Elastic Net,0.26396858954998487
2024-06-08 00:00:00+00:00,Elastic Net,-0.04953186348535186
2024-06-09 00:00:00+00:00,Elastic Net,0.2647236484445787
2024-06-10 00:00:00+00:00,Elastic Net,0.4947145877378436
2024-06-11 00:00:00+00:00,Elastic Net,-0.3712473572938689
2024-06-12 00:00:00+00:00,Elastic Net,0.525369978858351
2024-06-13 00:00:00+00:00,Elastic Net,0.3449109030504379
2024-06-14 00:00:00+00:00,Elastic Net,0.05158562367864693
2024-06-15 00:00:00+00:00,Elastic Net,-0.2846572032618544
2024-06-16 00:00:00+00:00,Elastic Net,0.7213530655391119
2024-06-17 00:00:00+00:00,Elastic Net,0.34108527131782945
2024-06-18 00:00:00+00:00,Elastic Net,0.08907681465821
2024-06-19 00:00:00+00:00,Elastic Net,-0.09880197322057785
2024-06-20 00:00:00+00:00,Elastic Net,0.13347427766032416
2024-06-21 00:00:00+00:00,Elastic Net,0.15137420718816066
2024-06-22 00:00:00+00:00,Elastic Net,0.39027484143763214
2024-06-23 00:00:00+00:00,Elastic Net,-0.6052149400986611
2024-06-24 00:00:00+00:00,Elastic Net,0.13164200140944327
2024-06-25 00:00:00+00:00,Elastic Net,0.1815362931642001
2024-06-26 00:00:00+00:00,Elastic Net,0.20882740447957837
2024-06-27 00:00:00+00:00,Elastic Net,0.441897233201581
2024-06-28 00:00:00+00:00,Elastic Net,0.00450200431699044
2024-06-29 00:00:00+00:00,Elastic Net,-0.24699352451433856
2024-06-30 00:00:00+00:00,Elastic Net,0.3005242059821153
2024-07-01 00:00:00+00:00,Elastic Net,0.29567530064754854
2024-07-02 00:00:00+00:00,Elastic Net,0.33586626139817627
2024-07-03 00:00:00+00:00,Elastic Net,0.1435013876040703
2024-07-04 00:00:00+00:00,Elastic Net,0.1651248843663275
2024-07-05 00:00:00+00:00,Elastic Net,-0.5417437557816837
2024-07-06 00:00:00+00:00,Elastic Net,0.2268732654949121
2024-07-07 00:00:00+00:00,Elastic Net,-0.13344125809435708
2024-07-08 00:00:00+00:00,Elastic Net,-0.39350138760407033
2024-07-09 00:00:00+00:00,Elastic Net,-0.05723866790009251
2024-07-10 00:00:00+00:00,Elastic Net,0.4471341728180634
2024-07-11 00:00:00+00:00,Elastic Net,0.05145698427382053
2024-07-12 00:00:00+00:00,Elastic Net,0.3834412580943571
2024-07-13 00:00:00+00:00,Elastic Net,-0.40957446808510645
2024-07-14 00:00:00+00:00,Elastic Net,-0.7112627197039778
2024-07-15 00:00:00+00:00,Elastic Net,-0.07388991674375579
2024-07-16 00:00:00+00:00,Elastic Net,0.16524051803885292
2024-07-17 00:00:00+00:00,Elastic Net,0.16077705827937097
2024-07-18 00:00:00+00:00,Elastic Net,0.040641381436941106
2024-07-19 00:00:00+00:00,Elastic Net,0.08381128584643849
2024-07-20 00:00:00+00:00,Elastic Net,0.1668780831571529
2024-07-21 00:00:00+00:00,Elastic Net,0.38210007047216343
2024-07-22 00:00:00+00:00,Elastic Net,0.07568710359408033
2024-07-23 00:00:00+00:00,Elastic Net,0.35729386892177584
2024-07-24 00:00:00+00:00,Elastic Net,0.41155743481324875
2024-07-25 00:00:00+00:00,Elastic Net,-0.294291754756871
2024-07-26 00:00:00+00:00,Elastic Net,-0.020718816067653273
2024-07-27 00:00:00+00:00,Elastic Net,0.4064834390415786
2024-07-28 00:00:00+00:00,Elastic Net,0.11881606765327696
2024-07-29 00:00:00+00:00,Elastic Net,0.34150810429880196
2024-07-30 00:00:00+00:00,Elastic Net,0.28357998590556727
2024-07-31 00:00:00+00:00,Elastic Net,0.00902043692741367
2024-08-01 00:00:00+00:00,Elastic Net,0.37246376811594195
2024-08-02 00:00:00+00:00,Elastic Net,0.5765480895915678
2024-08-03 00:00:00+00:00,Elastic Net,-0.00606060606060606
2024-08-04 00:00:00+00:00,Elastic Net,0.3235836627140975
2024-08-05 00:00:00+00:00,Elastic Net,-0.40777338603425556
2024-08-06 00:00:00+00:00,Elastic Net,0.2682476943346508
2024-08-07 00:00:00+00:00,Elastic Net,-0.4058587727412889
2024-08-08 00:00:00+00:00,Elastic Net,0.050508788159111924
2024-08-09 00:00:00+00:00,Elastic Net,-0.22676534073388835
2024-08-10 00:00:00+00:00,Elastic Net,0.13697193956213383
2024-08-11 00:00:00+00:00,Elastic Net,-0.18199198273203823
2024-08-12 00:00:00+00:00,Elastic Net,-0.00450200431699044
2024-08-13 00:00:00+00:00,Elastic Net,0.05618254702436015
2024-08-14 00:00:00+00:00,Elastic Net,0.33718778908418134
2024-08-15 00:00:00+00:00,Elastic Net,0.3743061979648474
2024-08-16 00:00:00+00:00,Elastic Net,0.052960222016651244
2024-08-17 00:00:00+00:00,Elastic Net,0.06695189639222943
2024-08-18 00:00:00+00:00,Elastic Net,0.10060129509713228
2024-08-19 00:00:00+00:00,Elastic Net,0.062102991057662656
2024-08-20 00:00:00+00:00,Elastic Net,-0.011779216774591426
2024-08-21 00:00:00+00:00,Elastic Net,-0.21813135985198892
2024-08-22 00:00:00+00:00,Elastic Net,-0.43496762257169286
2024-08-23 00:00:00+00:00,Elastic Net,-0.43311748381128584
2024-08-24 00:00:00+00:00,Elastic Net,0.2065371569534382
2024-08-25 00:00:00+00:00,Elastic Net,0.24334650856389983
2024-08-26 00:00:00+00:00,Elastic Net,0.11040843214756257
2024-08-27 00:00:00+00:00,Elastic Net,0.08853754940711463
2024-08-28 00:00:00+00:00,Elastic Net,0.28461301264261485
2024-08-29 00:00:00+00:00,Elastic Net,-0.16632747456059202
2024-08-30 00:00:00+00:00,Elastic Net,0.42904717853839036
2024-08-31 00:00:00+00:00,Elastic Net,0.46073781291172594
2024-09-01 00:00:00+00:00,Elastic Net,-0.35862977602108037
2024-09-02 00:00:00+00:00,Elastic Net,0.37562582345191037
2024-09-03 00:00:00+00:00,Elastic Net,-0.1610237434474252
2024-09-04 00:00:00+00:00,Elastic Net,0.13438174529756397
2024-09-05 00:00:00+00:00,Elastic Net,-0.027197039777983347
2024-09-06 00:00:00+00:00,Elastic Net,-0.25673758865248225
2024-09-07 00:00:00+00:00,Elastic Net,-0.16472402096823927
2024-09-08 00:00:00+00:00,Elastic Net,-0.35405488744989205
2024-09-09 00:00:00+00:00,Elastic Net,0.10672987974098058
2024-09-10 00:00:00+00:00,Elastic Net,0.20814061054579094
2024-09-11 00:00:00+00:00,Elastic Net,-0.13956984273820539
2024-09-12 00:00:00+00:00,Elastic Net,0.12395929694727106
2024-09-13 00:00:00+00:00,Elastic Net,-0.13806660499537465
2024-09-14 00:00:00+00:00,Elastic Net,-0.01607308048103608
2024-09-15 00:00:00+00:00,Elastic Net,0.25011563367252543
2024-09-16 00:00:00+00:00,Elastic Net,-0.4531683626271971
2024-09-17 00:00:00+00:00,Elastic Net,-0.38894919669995653
2024-09-18 00:00:00+00:00,Elastic Net,-0.1794897959183673
2024-09-19 00:00:00+00:00,Elastic Net,-0.2096938775510204
2024-09-20 00:00:00+00:00,Elastic Net,-0.03469387755102041
2024-09-21 00:00:00+00:00,Elastic Net,0.11989795918367346
2024-09-22 00:00:00+00:00,Elastic Net,-0.10765306122448977
2024-09-23 00:00:00+00:00,Elastic Net,-0.09622448979591837
2024-09-24 00:00:00+00:00,Elastic Net,0.11224489795918366
2024-09-25 00:00:00+00:00,Elastic Net,-0.06893182805036908
2024-09-26 00:00:00+00:00,Elastic Net,0.10117238384715588
2024-09-27 00:00:00+00:00,Elastic Net,0.26780286582718194
2024-09-28 00:00:00+00:00,Elastic Net,-0.2585757707338254
2024-09-29 00:00:00+00:00,Elastic Net,-0.17824576639166304
2024-09-30 00:00:00+00:00,Elastic Net,0.16261398176291794
2024-10-01 00:00:00+00:00,Elastic Net,0.07957012592270951
2024-10-02 00:00:00+00:00,Elastic Net,0.25987841945288753
2024-10-03 00:00:00+00:00,Elastic Net,-0.3454190186712983
2024-10-04 00:00:00+00:00,Elastic Net,0.23480243161094225
2024-10-05 00:00:00+00:00,Elastic Net,-0.36658706035605737
2024-10-06 00:00:00+00:00,Elastic Net,-0.03821102909248806
2024-10-07 00:00:00+00:00,Elastic Net,0.0668693009118541
2024-10-08 00:00:00+00:00,Elastic Net,0.24305254016500216
2024-10-09 00:00:00+00:00,Elastic Net,0.15512375162831088
2024-10-10 00:00:00+00:00,Elastic Net,-0.09270516717325228
2024-10-11 00:00:00+00:00,Elastic Net,-0.11854103343465046
2024-10-12 00:00:00+00:00,Elastic Net,-0.20125922709509333
2024-10-13 00:00:00+00:00,Elastic Net,-0.07001736864958749
2024-10-14 00:00:00+00:00,Elastic Net,0.14188015631784628
2024-10-15 00:00:00+00:00,Elastic Net,0.37668258792878856
2024-10-16 00:00:00+00:00,Elastic Net,0.0064754856614246065
2024-10-17 00:00:00+00:00,Elastic Net,0.1491828553808202
2024-10-18 00:00:00+00:00,Elastic Net,0.1425223558433549
2024-10-19 00:00:00+00:00,Elastic Net,0.1483194572926303
2024-10-20 00:00:00+00:00,Elastic Net,0.3696969696969697
2024-10-21 00:00:00+00:00,Elastic Net,0.046508563899868245
2024-10-22 00:00:00+00:00,Elastic Net,0.22411805407592908
2024-10-23 00:00:00+00:00,Elastic Net,0.09512516469038207
2024-10-24 00:00:00+00:00,Elastic Net,0.35812519272278753
2024-10-25 00:00:00+00:00,Elastic Net,0.2764724020968239
2024-10-26 00:00:00+00:00,Elastic Net,0.21607378129117258
2024-10-27 00:00:00+00:00,Elastic Net,0.27312252964426875
2024-10-28 00:00:00+00:00,Elastic Net,-0.2204216073781291
2024-10-29 00:00:00+00:00,Elastic Net,0.2061923583662714
2024-10-30 00:00:00+00:00,Elastic Net,0.26324110671936757
2024-10-31 00:00:00+00:00,Elastic Net,0.36560958421423534
2024-11-01 00:00:00+00:00,Elastic Net,0.3145877378435518
2024-11-02 00:00:00+00:00,Elastic Net,0.32872200263504603
2024-11-03 00:00:00+00:00,Elastic Net,0.0014492753623188404
2024-11-04 00:00:00+00:00,Elastic Net,-0.4408432147562582
2024-11-05 00:00:00+00:00,Elastic Net,-0.2561208757323466
2024-11-06 00:00:00+00:00,Elastic Net,0.20111008325624422
2024-11-07 00:00:00+00:00,Elastic Net,0.47184705519580633
2024-11-08 00:00:00+00:00,Elastic Net,-0.2593277829170521
2024-11-09 00:00:00+00:00,Elastic Net,0.03842121492445267
2024-11-10 00:00:00+00:00,Elastic Net,0.14319943622269204
2024-11-11 00:00:00+00:00,Elastic Net,-0.07004933051444678
2024-11-12 00:00:00+00:00,Elastic Net,0.2743083003952569
2024-11-13 00:00:00+00:00,Elastic Net,0.272463768115942
2024-11-14 00:00:00+00:00,Elastic Net,0.04440052700922266
2024-11-15 00:00:00+00:00,Elastic Net,-0.06863988724453841
2024-11-16 00:00:00+00:00,Elastic Net,0.3709654686398872
2024-11-17 00:00:00+00:00,Elastic Net,0.014799154334038053
2024-11-18 00:00:00+00:00,Elastic Net,0.3652173913043478
2024-11-19 00:00:00+00:00,Elastic Net,0.33754940711462444
2024-11-20 00:00:00+00:00,Elastic Net,-0.012384716732542817
2024-11-21 00:00:00+00:00,Elastic Net,0.20263504611330693
2024-11-22 00:00:00+00:00,Elastic Net,-0.31857707509881417
2024-11-23 00:00:00+00:00,Elastic Net,-0.32397891963109354
2024-11-24 00:00:00+00:00,Elastic Net,0.05346901017576317
2024-11-25 00:00:00+00:00,Elastic Net,0.17459142769041008
2024-11-26 00:00:00+00:00,Elastic Net,0.2666049953746531
2024-11-27 00:00:00+00:00,Elastic Net,-0.07049028677150786
2024-11-28 00:00:00+00:00,Elastic Net,-0.024167437557816838
2024-11-29 00:00:00+00:00,Elastic Net,0.12523126734505088
2024-11-30 00:00:00+00:00,Elastic Net,-0.0016188714153561518
2024-12-01 00:00:00+00:00,Elastic Net,0.22742075553625704
2024-12-02 00:00:00+00:00,Elastic Net,0.0821754233608337
2024-12-03 00:00:00+00:00,Elastic Net,0.28191489361702127
2024-12-04 00:00:00+00:00,Elastic Net,0.3424880590534086
2024-12-05 00:00:00+00:00,Elastic Net,0.13417281806339557
2024-12-06 00:00:00+00:00,Elastic Net,0.12874511506730352
2024-12-07 00:00:00+00:00,Elastic Net,0.2622666087711681
2024-12-08 00:00:00+00:00,Elastic Net,0.09759009986973512
2024-12-09 00:00:00+00:00,Elastic Net,-0.19832826747720364
2024-12-10 00:00:00+00:00,Elastic Net,-0.12386018237082067
2024-12-11 00:00:00+00:00,Elastic Net,0.1886524822695035
2024-12-12 00:00:00+00:00,Elastic Net,0.030527289546716
2024-12-13 00:00:00+00:00,Elastic Net,0.1942645698427382
2024-12-14 00:00:00+00:00,Elastic Net,0.3679463459759483
2024-12-15 00:00:00+00:00,Elastic Net,0.3269648284845853
2024-12-16 00:00:00+00:00,Elastic Net,-0.16055145462440296
2024-12-17 00:00:00+00:00,Elastic Net,0.21363438992618325
2024-12-18 00:00:00+00:00,Elastic Net,0.0734910985670864
2024-12-19 00:00:00+00:00,Elastic Net,-0.1820451584889275
2024-12-20 00:00:00+00:00,Elastic Net,0.37742830712303427
2024-12-21 00:00:00+00:00,Elastic Net,-0.3300185013876041
2024-12-22 00:00:00+00:00,Elastic Net,-0.08001850138760408
2024-12-23 00:00:00+00:00,Elastic Net,-0.01746068455134135
2024-12-24 00:00:00+00:00,Elastic Net,0.4532839962997225
2024-12-25 00:00:00+00:00,Elastic Net,0.2701202590194265
2024-12-26 00:00:00+00:00,Elastic Net,-0.13841350601295097
2024-12-27 00:00:00+00:00,Elastic Net,-0.2513105149552883
2024-12-28 00:00:00+00:00,Elastic Net,0.5036694418748073
2024-12-29 00:00:00+00:00,Elastic Net,-0.07468393462843045
2024-12-30 00:00:00+00:00,Elastic Net,0.0786308973172988
2024-12-31 00:00:00+00:00,Elastic Net,-0.2314986123959297
2025-01-01 00:00:00+00:00,Elastic Net,-0.05400092506938021
2025-01-02 00:00:00+00:00,Elastic Net,-0.22028214616096206
2025-01-03 00:00:00+00:00,Elastic Net,0.12557816836262722
2025-01-04 00:00:00+00:00,Elastic Net,0.1916049953746531
2025-01-05 00:00:00+00:00,Elastic Net,-0.05470243601603453
2025-01-06 00:00:00+00:00,Elastic Net,0.36922602528522974
2025-01-07 00:00:00+00:00,Elastic Net,0.16053037311131668
2025-01-08 00:00:00+00:00,Elastic Net,0.10210803689064557
2025-01-09 00:00:00+00:00,Elastic Net,-0.4745595489781536
2025-01-10 00:00:00+00:00,Elastic Net,-0.08076109936575053
2025-01-11 00:00:00+00:00,Elastic Net,0.34545454545454546
2025-01-12 00:00:00+00:00,Elastic Net,0.26837944664031615
2025-01-13 00:00:00+00:00,Elastic Net,-0.0984189723320158
2025-01-14 00:00:00+00:00,Elastic Net,-0.12964426877470356
2025-01-15 00:00:00+00:00,Elastic Net,0.08076109936575053
2025-01-16 00:00:00+00:00,Elastic Net,0.26370683579985904
2025-01-17 00:00:00+00:00,Elastic Net,0.3603946441155743
2025-01-18 00:00:00+00:00,Elastic Net,0.13967582804792106
2025-01-19 00:00:00+00:00,Elastic Net,0.15221987315010568
2025-01-20 00:00:00+00:00,Elastic Net,-0.18379140239605354
2025-01-21 00:00:00+00:00,Elastic Net,0.02134387351778656
2025-01-22 00:00:00+00:00,Elastic Net,-0.03926218708827404
2025-01-23 00:00:00+00:00,Elastic Net,0.31581027667984185
2025-01-24 00:00:00+00:00,Elastic Net,0.035836627140974964
2025-01-25 00:00:00+00:00,Elastic Net,0.34558629776021077
2025-01-26 00:00:00+00:00,Elastic Net,0.12938076416337285
2025-01-27 00:00:00+00:00,Elastic Net,0.2957839262187088
2025-01-28 00:00:00+00:00,Elastic Net,-0.2799736495388669
2025-01-29 00:00:00+00:00,Elastic Net,-0.05942028985507245
2025-01-30 00:00:00+00:00,Elastic Net,0.08194993412384716
2025-01-31 00:00:00+00:00,Elastic Net,0.7508563899868247
2025-02-01 00:00:00+00:00,Elastic Net,0.24980237154150195
2025-02-02 00:00:00+00:00,Elastic Net,-0.1481324876673714
2025-02-03 00:00:00+00:00,Elastic Net,0.37885835095137416
2025-02-04 00:00:00+00:00,Elastic Net,0.2412966878083157
2025-02-05 00:00:00+00:00,Elastic Net,0.5401844532279314
2025-02-06 00:00:00+00:00,Elastic Net,0.2770750988142292
2025-02-07 00:00:00+00:00,Elastic Net,-0.430961791831357
2025-02-08 00:00:00+00:00,Elastic Net,0.20234350909651555
2025-02-09 00:00:00+00:00,Elastic Net,-0.15888066604995374
2025-02-10 00:00:00+00:00,Elastic Net,0.29787234042553196
2025-02-11 00:00:00+00:00,Elastic Net,0.047178538390379283
2025-02-12 00:00:00+00:00,Elastic Net,0.18998612395929698
2025-02-13 00:00:00+00:00,Elastic Net,-0.36135522664199815
2025-02-14 00:00:00+00:00,Elastic Net,0.44588344125809437
2025-02-15 00:00:00+00:00,Elastic Net,0.12303422756706751
2025-02-16 00:00:00+00:00,Elastic Net,0.11040843214756257
2025-02-17 00:00:00+00:00,Elastic Net,0.2446808510638298
2025-02-18 00:00:00+00:00,Elastic Net,0.18211532531606536
2025-02-19 00:00:00+00:00,Elastic Net,-0.32309589885908113
2025-02-20 00:00:00+00:00,Elastic Net,0.00770891150169596
2025-02-21 00:00:00+00:00,Elastic Net,-0.439654640764724
2025-02-22 00:00:00+00:00,Elastic Net,0.3612648221343873
2025-02-23 00:00:00+00:00,Elastic Net,0.4301572617946346
2025-02-24 00:00:00+00:00,Elastic Net,-0.3345667591736047
2025-02-25 00:00:00+00:00,Elastic Net,-0.3465309898242368
2025-02-26 00:00:00+00:00,Elastic Net,0.48294788775824854
2025-02-27 00:00:00+00:00,Elastic Net,-0.2499537465309898
2025-02-28 00:00:00+00:00,Elastic Net,0.2925069380203515
2025-03-01 00:00:00+00:00,Elastic Net,-0.052975639839654635
2025-03-02 00:00:00+00:00,Elastic Net,0.5484427998766574
2025-03-03 00:00:00+00:00,Elastic Net,0.2377428307123034
2025-03-04 00:00:00+00:00,Elastic Net,0.2261486278137527
2025-03-05 00:00:00+00:00,Elastic Net,0.3899475794017884
2025-03-06 00:00:00+00:00,Elastic Net,0.014986123959296946
2025-03-07 00:00:00+00:00,Elastic Net,0.1225446360322375
2025-03-08 00:00:00+00:00,Elastic Net,0.21093544137022396
2025-03-09 00:00:00+00:00,Elastic Net,-0.023978919631093543
2025-03-10 00:00:00+00:00,Elastic Net,-0.07127799736495387
2025-03-11 00:00:00+00:00,Elastic Net,-0.43890063424947146
2025-03-12 00:00:00+00:00,Elastic Net,0.25088090204369273
2025-03-13 00:00:00+00:00,Elastic Net,-0.2173059498640894
2025-03-14 00:00:00+00:00,Elastic Net,-0.06478405315614617
2025-03-15 00:00:00+00:00,Elastic Net,0.41165810933252794
2025-03-16 00:00:00+00:00,Elastic Net,-0.14943179683697103
2025-03-17 00:00:00+00:00,Elastic Net,0.23523608174770963
2025-03-18 00:00:00+00:00,Elastic Net,0.08513037350246652
2025-03-19 00:00:00+00:00,Elastic Net,0.12149400986610288
2025-03-20 00:00:00+00:00,Elastic Net,0.03199436222692036
2025-03-21 00:00:00+00:00,Elastic Net,0.10049330514446793
2025-03-22 00:00:00+00:00,Elastic Net,0.16837813349441255
2025-03-23 00:00:00+00:00,Elastic Net,-0.07293868921775899
2025-03-24 00:00:00+00:00,Elastic Net,-0.13817577771066145
2025-03-25 00:00:00+00:00,Elastic Net,0.1041981274539414
2025-03-26 00:00:00+00:00,Elastic Net,0.08003624282694051
2025-03-27 00:00:00+00:00,Elastic Net,0.4980972515856237
2025-03-28 00:00:00+00:00,Elastic Net,0.16158260344306855
2025-03-29 00:00:00+00:00,Elastic Net,-0.12324771088242446
2025-03-30 00:00:00+00:00,Elastic Net,0.29649137022931693
2025-03-31 00:00:00+00:00,Elastic Net,0.22228933856840832
2025-04-01 00:00:00+00:00,Elastic Net,0.5326185442464512
2025-04-02 00:00:00+00:00,Elastic Net,-0.14633041377227424
2025-04-03 00:00:00+00:00,Elastic Net,0.08396254907882815
2025-04-04 00:00:00+00:00,Elastic Net,0.11960132890365449
2025-04-05 00:00:00+00:00,Elastic Net,0.22138326789489582
2025-04-06 00:00:00+00:00,Elastic Net,-0.1679250981576563
2025-04-07 00:00:00+00:00,Elastic Net,0.3402295379039565
2025-04-08 00:00:00+00:00,Elastic Net,-0.08532165508909693
2025-04-09 00:00:00+00:00,Elastic Net,0.2680459075807913
2025-04-10 00:00:00+00:00,Elastic Net,0.00347327091513138
2025-04-11 00:00:00+00:00,Elastic Net,-0.027937179099969796
2025-04-12 00:00:00+00:00,Elastic Net,0.5063424947145878
2025-04-13 00:00:00+00:00,Elastic Net,-0.1942011476895198
2025-04-14 00:00:00+00:00,Elastic Net,-0.007248565388100272
2025-04-15 00:00:00+00:00,Elastic Net,0.31546360616128055
2025-04-16 00:00:00+00:00,Elastic Net,-0.06916996047430829
2025-04-17 00:00:00+00:00,Elastic Net,-0.045322793148880096
2025-04-18 00:00:00+00:00,Elastic Net,-0.05586297760210803
2025-04-19 00:00:00+00:00,Elastic Net,0.06382978723404256
2025-04-20 00:00:00+00:00,Elastic Net,0.1890665202721195
2025-04-21 00:00:00+00:00,Elastic Net,0.061224489795918366
2025-04-22 00:00:00+00:00,Elastic Net,-0.2559704732957012
2025-04-23 00:00:00+00:00,Elastic Net,0.1857076780758557
2025-04-24 00:00:00+00:00,Elastic Net,-0.42300339192106073
2025-04-25 00:00:00+00:00,Elastic Net,-0.19876657415972862
2025-04-26 00:00:00+00:00,Elastic Net,0.5667371388301621
2025-04-27 00:00:00+00:00,Elastic Net,-0.23120567375886525
2025-04-28 00:00:00+00:00,Elastic Net,0.5588035769349368
2025-04-29 00:00:00+00:00,Elastic Net,-0.47745143385753935
2025-04-30 00:00:00+00:00,Elastic Net,0.454209065679926
2025-05-01 00:00:00+00:00,Elastic Net,0.0062288004933703355
2025-05-02 00:00:00+00:00,Elastic Net,0.6588344125809436
2025-05-03 00:00:00+00:00,Elastic Net,-0.0699969164353993
2025-05-04 00:00:00+00:00,Elastic Net,0.0064754856614246065
2025-05-05 00:00:00+00:00,Elastic Net,0.2265186555658341
2025-05-06 00:00:00+00:00,Elastic Net,-0.008695652173913042
2025-05-07 00:00:00+00:00,Elastic Net,-0.247109158186864
2025-05-08 00:00:00+00:00,Elastic Net,-0.33961609620721556
2025-05-09 00:00:00+00:00,Elastic Net,0.024283071230342276
2025-05-10 00:00:00+00:00,Elastic Net,0.01905642923219241
2025-05-11 00:00:00+00:00,Elastic Net,0.05088090204369274
2025-05-12 00:00:00+00:00,Elastic Net,0.02362010484119642
2025-05-13 00:00:00+00:00,Elastic Net,0.2432932469935245
2025-05-14 00:00:00+00:00,Elastic Net,0.43544137022397883
2025-05-15 00:00:00+00:00,Elastic Net,0.2682476943346508
2025-05-16 00:00:00+00:00,Elastic Net,0.4496706192358366
2025-05-17 00:00:00+00:00,Elastic Net,-0.370459451125501
2025-05-18 00:00:00+00:00,Elastic Net,0.35084798026518654
2025-05-19 00:00:00+00:00,Elastic Net,0.29694727104532836
2025-05-20 00:00:00+00:00,Elastic Net,-0.21788467468393463
2025-05-21 00:00:00+00:00,Elastic Net,-0.29278445883441256
2025-05-22 00:00:00+00:00,Elastic Net,0.41709065679925994
2025-05-23 00:00:00+00:00,Elastic Net,-0.3651711378353376
2025-05-24 00:00:00+00:00,Elastic Net,0.021646623496762257
2025-05-25 00:00:00+00:00,Elastic Net,0.1807585568917669
2025-05-26 00:00:00+00:00,Elastic Net,-0.32617946345975946
2025-05-27 00:00:00+00:00,Elastic Net,0.1633672525439408
2025-05-28 00:00:00+00:00,Elastic Net,0.3831357048748352
2025-05-29 00:00:00+00:00,Elastic Net,0.6308356460067838
2025-05-30 00:00:00+00:00,Elastic Net,-0.31739130434782603
2025-05-31 00:00:00+00:00,Elastic Net,-0.49499341238471667
2025-06-01 00:00:00+00:00,Elastic Net,-0.03623188405797101
2025-06-02 00:00:00+00:00,Elastic Net,-0.16403162055335968
2025-06-03 00:00:00+00:00,Elastic Net,0.46693017127799735
2025-06-04 00:00:00+00:00,Elastic Net,0.34558629776021077
2025-06-05 00:00:00+00:00,Elastic Net,0.2297760210803689
2025-06-06 00:00:00+00:00,Elastic Net,-0.2960474308300395
2025-06-07 00:00:00+00:00,Elastic Net,0.008827404479578391
2025-06-08 00:00:00+00:00,Elastic Net,-0.30922266139657445
2025-06-09 00:00:00+00:00,Elastic Net,0.04440052700922266
2025-06-10 00:00:00+00:00,Elastic Net,0.4495388669301712
2025-06-11 00:00:00+00:00,Elastic Net,0.3867406722170829
2025-06-12 00:00:00+00:00,Elastic Net,0.08936170212765958
2025-06-13 00:00:00+00:00,Elastic Net,0.127104532839963
2025-06-14 00:00:00+00:00,Elastic Net,-0.02555994729907773
2025-06-15 00:00:00+00:00,Elastic Net,0.33752698119025587
2025-06-16 00:00:00+00:00,Elastic Net,0.42806324110671934
2025-06-17 00:00:00+00:00,Elastic Net,-0.32778291705211227
2025-06-18 00:00:00+00:00,Elastic Net,0.21862473018809747
2025-06-19 00:00:00+00:00,Elastic Net,0.41313598519888994
2025-06-20 00:00:00+00:00,Elastic Net,0.4038852913968547
2025-06-21 00:00:00+00:00,Elastic Net,0.12546253469010177
2025-06-22 00:00:00+00:00,Elastic Net,-0.5809435707678077
2025-06-23 00:00:00+00:00,Elastic Net,-0.21080018501387607
2025-06-24 00:00:00+00:00,Elastic Net,0.5795559666975023
2025-06-25 00:00:00+00:00,Elastic Net,0.3623188405797102
2025-06-26 00:00:00+00:00,Elastic Net,-0.08849830403946961
2025-06-27 00:00:00+00:00,Elastic Net,-0.33359683794466405
2025-06-28 00:00:00+00:00,Elastic Net,-0.30829478877582484
2025-06-29 00:00:00+00:00,Elastic Net,0.6273126734505088
2025-06-30 00:00:00+00:00,Elastic Net,0.1440795559666975
2025-07-01 00:00:00+00:00,Elastic Net,0.03584643848288622
2025-07-02 00:00:00+00:00,Elastic Net,0.055145462440295265
2025-07-03 00:00:00+00:00,Elastic Net,0.2790924880590534
2025-07-04 00:00:00+00:00,Elastic Net,0.13428137212331742
2025-07-05 00:00:00+00:00,Elastic Net,-0.023556231003039517
2025-07-06 00:00:00+00:00,Elastic Net,0.4633441258094357
2025-07-07 00:00:00+00:00,Elastic Net,0.25057816836262725
2025-07-08 00:00:00+00:00,Elastic Net,-0.21958834412580944
2025-07-09 00:00:00+00:00,Elastic Net,-0.6519426456984274
2025-07-10 00:00:00+00:00,Elastic Net,0.2915246098439376
2025-07-11 00:00:00+00:00,Elastic Net,0.2814806773773339
2025-07-12 00:00:00+00:00,Elastic Net,-0.017585757707338254
2025-07-13 00:00:00+00:00,Elastic Net,0.33651758575770735
2025-07-14 00:00:00+00:00,Elastic Net,-0.2006079027355623
2025-07-15 00:00:00+00:00,Elastic Net,-0.06904038211029093
2025-07-16 00:00:00+00:00,Elastic Net,0.3089448545375597
2025-07-17 00:00:00+00:00,Elastic Net,0.1692876965772433
2025-07-18 00:00:00+00:00,Elastic Net,0.1713265306122449
2025-07-19 00:00:00+00:00,Elastic Net,0.009285714285714284
2025-07-20 00:00:00+00:00,Elastic Net,-0.2671428571428571
2025-07-21 00:00:00+00:00,Elastic Net,0.10857142857142857
2025-07-22 00:00:00+00:00,Elastic Net,0.07486194477791117
2025-07-23 00:00:00+00:00,Elastic Net,0.12948979591836735
2025-07-24 00:00:00+00:00,Elastic Net,-0.3798306556665219
2025-07-25 00:00:00+00:00,Elastic Net,0.11626139817629179
2025-07-26 00:00:00+00:00,Elastic Net,0.1070767807585569
2025-07-27 00:00:00+00:00,Elastic Net,0.24895929694727104
2025-07-28 00:00:00+00:00,Elastic Net,0.18697964847363552
2025-07-29 00:00:00+00:00,Elastic Net,0.04451896392229418
2025-07-30 00:00:00+00:00,Elastic Net,0.4401017576318224
2025-07-31 00:00:00+00:00,Elastic Net,-0.18061979648473636
2025-08-01 00:00:00+00:00,Elastic Net,0.15263644773358
2025-08-02 00:00:00+00:00,Elastic Net,-0.11285846438482885
2025-08-03 00:00:00+00:00,Elastic Net,0.20339962997224792
2025-08-04 00:00:00+00:00,Elastic Net,0.5840656799259945
2025-08-05 00:00:00+00:00,Elastic Net,-0.08845975948196115
2025-08-06 00:00:00+00:00,Elastic Net,-0.12719703977798333
2025-08-07 00:00:00+00:00,Elastic Net,0.0821754233608337
2025-08-08 00:00:00+00:00,Elastic Net,-0.2232957012592271
2025-08-09 00:00:00+00:00,Elastic Net,-0.0790273556231003
2025-08-10 00:00:00+00:00,Elastic Net,0.1712983065566652
2025-08-11 00:00:00+00:00,Elastic Net,0.4222752930959618
2025-08-12 00:00:00+00:00,Elastic Net,0.021819366044290054
2025-08-13 00:00:00+00:00,Elastic Net,0.568931828050369
2025-08-14 00:00:00+00:00,Elastic Net,-0.28256621797655235
2025-08-15 00:00:00+00:00,Elastic Net,-0.1556665219279201
2025-08-16 00:00:00+00:00,Elastic Net,0.10302960222016652
2025-08-17 00:00:00+00:00,Elastic Net,0.33530681467776746
2025-08-18 00:00:00+00:00,Elastic Net,0.28868331791551033
2025-08-19 00:00:00+00:00,Elastic Net,-0.18026518655565835
2025-08-20 00:00:00+00:00,Elastic Net,0.3053345667591736
2025-08-21 00:00:00+00:00,Elastic Net,-0.3470243601603453
2025-08-22 00:00:00+00:00,Elastic Net,0.0797872340425532
2025-08-23 00:00:00+00:00,Elastic Net,0.3746200607902735
2025-08-24 00:00:00+00:00,Elastic Net,0.32587928788536696
2025-08-25 00:00:00+00:00,Elastic Net,-0.20950933564915328
2025-08-26 00:00:00+00:00,Elastic Net,0.21059487624837167
2025-08-27 00:00:00+00:00,Elastic Net,-0.13406426400347374
2025-08-28 00:00:00+00:00,Elastic Net,0.48993987049028676
2025-08-29 00:00:00+00:00,Elastic Net,-0.1408418131359852
2025-08-30 00:00:00+00:00,Elastic Net,0.5999074930619797
2025-08-31 00:00:00+00:00,Elastic Net,0.4919669995657837
2025-09-01 00:00:00+00:00,Elastic Net,0.15599218410768562
2025-09-02 00:00:00+00:00,Elastic Net,0.30677377333912287
2025-09-03 00:00:00+00:00,Elastic Net,0.3542118975249674
2025-09-04 00:00:00+00:00,Elastic Net,-0.3103607770582794
2025-09-05 00:00:00+00:00,Elastic Net,0.08788159111933395
2025-09-06 00:00:00+00:00,Elastic Net,-0.11424606845513413
2025-09-07 00:00:00+00:00,Elastic Net,-0.18154486586493987
2025-09-08 00:00:00+00:00,Elastic Net,0.23670212765957446
2025-09-09 00:00:00+00:00,Elastic Net,-0.01931082331174838
2025-09-10 00:00:00+00:00,Elastic Net,-0.13887604070305276
2025-09-11 00:00:00+00:00,Elastic Net,0.3503700277520814
2025-09-12 00:00:00+00:00,Elastic Net,-0.00206252713851498
2025-09-13 00:00:00+00:00,Elastic Net,0.5216022579244464
2025-09-14 00:00:00+00:00,Elastic Net,0.11246200607902736
2025-09-15 00:00:00+00:00,Elastic Net,-0.043964394268345634
2025-09-16 00:00:00+00:00,Elastic Net,-0.22980894485453754
2025-09-17 00:00:00+00:00,Elastic Net,-0.02197039777983349
2025-09-18 00:00:00+00:00,Elastic Net,0.06317846287451151
2025-09-19 00:00:00+00:00,Elastic Net,0.050306122448979584
2025-09-20 00:00:00+00:00,Elastic Net,0.23704081632653057
2025-09-21 00:00:00+00:00,Elastic Net,0.10112244897959183
2025-09-22 00:00:00+00:00,Elastic Net,0.13163265306122449
2025-09-23 00:00:00+00:00,Elastic Net,0.0004081632653061224
2025-09-24 00:00:00+00:00,Elastic Net,0.218469387755102
2025-09-25 00:00:00+00:00,Elastic Net,0.05622448979591836
2025-09-26 00:00:00+00:00,Elastic Net,0.18595310464611378
2025-09-27 00:00:00+00:00,Elastic Net,-0.12375162831089882
2025-09-28 00:00:00+00:00,Elastic Net,0.3545328399629972
2025-09-29 00:00:00+00:00,Elastic Net,0.1647827470261592
2025-09-30 00:00:00+00:00,Elastic Net,0.06938020351526364
2025-10-01 00:00:00+00:00,Elastic Net,0.10218933086648165
2025-10-02 00:00:00+00:00,Elastic Net,0.17048748353096177
2025-10-03 00:00:00+00:00,Elastic Net,0.1288313290163429
2025-10-04 00:00:00+00:00,Elastic Net,0.31705211224175145
2025-10-05 00:00:00+00:00,Elastic Net,0.05938945420906568
2025-10-06 00:00:00+00:00,Elastic Net,0.13351834720937403
2025-10-07 00:00:00+00:00,Elastic Net,0.0566759173604687
2025-10-08 00:00:00+00:00,Elastic Net,0.3802371541501976
2025-10-09 00:00:00+00:00,Elastic Net,0.4341238471673254
2025-10-10 00:00:00+00:00,Elastic Net,-0.026920366455250175
2025-10-11 00:00:00+00:00,Elastic Net,-0.16611295681063123
2025-10-12 00:00:00+00:00,Elastic Net,-0.48082150407731805
2025-10-13 00:00:00+00:00,Elastic Net,0.24176985804892784
2025-10-14 00:00:00+00:00,Elastic Net,0.386288130474177
2025-10-15 00:00:00+00:00,Elastic Net,0.4175512519244794
2025-10-16 00:00:00+00:00,Elastic Net,-0.06944331901790779
2025-10-17 00:00:00+00:00,Elastic Net,0.0978040677416741
2025-10-18 00:00:00+00:00,Elastic Net,-0.1393728222996516
2025-10-19 00:00:00+00:00,Elastic Net,0.16864111498257842
2025-10-20 00:00:00+00:00,Elastic Net,0.5106271777003485
2025-10-21 00:00:00+00:00,Elastic Net,0.6270034843205576
2025-10-22 00:00:00+00:00,Elastic Net,-0.17148217636022517
2025-10-23 00:00:00+00:00,Elastic Net,-0.1833020637898687
2025-10-24 00:00:00+00:00,Elastic Net,-0.0637630662020906
2025-10-25 00:00:00+00:00,Elastic Net,-0.2634146341463415
2025-10-26 00:00:00+00:00,Elastic Net,0.4290806754221389
2025-10-27 00:00:00+00:00,Elastic Net,0.17448405253283306
2025-10-28 00:00:00+00:00,Elastic Net,-0.3720450281425892
2025-10-29 00:00:00+00:00,Elastic Net,0.5212007504690432
2025-10-30 00:00:00+00:00,Elastic Net,-0.2988742964352721
2025-10-31 00:00:00+00:00,Elastic Net,-0.20975609756097563
2025-11-01 00:00:00+00:00,Elastic Net,0.4041275797373359
2025-11-02 00:00:00+00:00,Elastic Net,0.19343339587242028
2025-11-03 00:00:00+00:00,Elastic Net,-0.25347091932457794
2025-11-04 00:00:00+00:00,Elastic Net,-0.10881801125703565
2025-11-05 00:00:00+00:00,Elastic Net,-0.01437246963562753
2025-11-06 00:00:00+00:00,Elastic Net,-0.2753036437246964
2025-11-07 00:00:00+00:00,Elastic Net,0.4447368421052632
2025-11-08 00:00:00+00:00,Elastic Net,0.04709193245778612
2025-11-09 00:00:00+00:00,Elastic Net,0.4803643724696357
2025-11-10 00:00:00+00:00,Elastic Net,0.43133208255159483
2025-11-11 00:00:00+00:00,Elastic Net,-0.3585365853658537
2025-11-12 00:00:00+00:00,Elastic Net,0.25748987854251015
2025-11-13 00:00:00+00:00,Elastic Net,-0.28088412298938614
2025-11-14 00:00:00+00:00,Elastic Net,-0.05591421380895065
2025-11-15 00:00:00+00:00,Elastic Net,0.15548747127694496
2025-11-16 00:00:00+00:00,Elastic Net,0.11417004048582996
2025-11-17 00:00:00+00:00,Elastic Net,0.10526315789473685
2025-11-18 00:00:00+00:00,Elastic Net,-0.09574898785425101
2025-11-19 00:00:00+00:00,Elastic Net,0.2965587044534413
2025-11-20 00:00:00+00:00,Elastic Net,0.31313320825515956
2025-11-21 00:00:00+00:00,Elastic Net,0.3829447914527559
2025-11-22 00:00:00+00:00,Elastic Net,-0.1349161332144883
2025-11-23 00:00:00+00:00,Elastic Net,-0.12729924641439105
2025-11-24 00:00:00+00:00,Elastic Net,-0.24965561947978288
2025-11-25 00:00:00+00:00,Elastic Net,0.10007292763957543
2025-11-26 00:00:00+00:00,Elastic Net,0.4703832752613241
2025-11-27 00:00:00+00:00,Elastic Net,0.2214569321772952
2025-11-28 00:00:00+00:00,Elastic Net,0.15720326185442465
2025-11-29 00:00:00+00:00,Elastic Net,0.37674418604651155
2025-11-30 00:00:00+00:00,Elastic Net,0.12345191040843213
2025-12-01 00:00:00+00:00,Elastic Net,0.32055335968379445
2025-12-02 00:00:00+00:00,Elastic Net,-0.025296442687747032
2025-12-03 00:00:00+00:00,Elastic Net,0.0536997885835095
2025-12-04 00:00:00+00:00,Elastic Net,0.2692036645525017
2025-12-05 00:00:00+00:00,Elastic Net,0.15757575757575756
2025-12-06 00:00:00+00:00,Elastic Net,0.45424343098761705
2025-12-07 00:00:00+00:00,Elastic Net,-0.21437632135306553
2025-12-08 00:00:00+00:00,Elastic Net,-0.4142353770260747
2025-12-09 00:00:00+00:00,Elastic Net,0.631430584918957
2025-12-10 00:00:00+00:00,Elastic Net,0.029249011857707508
2025-12-11 00:00:00+00:00,Elastic Net,0.11867512332628612
2025-12-12 00:00:00+00:00,Elastic Net,0.2386187455954898
2025-12-13 00:00:00+00:00,Elastic Net,0.5024161884627001
2025-12-14 00:00:00+00:00,Elastic Net,0.16173361522198731
2025-12-15 00:00:00+00:00,Elastic Net,0.2802778616732105
2025-12-16 00:00:00+00:00,Elastic Net,0.5742977952280277
2025-12-17 00:00:00+00:00,Elastic Net,0.2319540924192087
2025-12-18 00:00:00+00:00,Elastic Net,-0.27949260042283297
2025-12-19 00:00:00+00:00,Elastic Net,0.030725863284002817
2025-12-20 00:00:00+00:00,Elastic Net,0.42410147991543345
2025-12-21 00:00:00+00:00,Elastic Net,0.3684284707540521
2025-12-22 00:00:00+00:00,Elastic Net,0.07512332628611698
2025-12-23 00:00:00+00:00,Elastic Net,-0.13372859025032938
2025-12-24 00:00:00+00:00,Elastic Net,0.03768115942028985
2025-12-25 00:00:00+00:00,Elastic Net,-0.13253160653715695
2025-12-26 00:00:00+00:00,Elastic Net,-0.14190564292321922
2025-12-27 00:00:00+00:00,Elastic Net,0.2584412580943571
2025-12-28 00:00:00+00:00,Elastic Net,0.2506938020351526
2025-12-29 00:00:00+00:00,Elastic Net,0.16934433347807207
2025-12-30 00:00:00+00:00,Elastic Net,-0.006947459834997829
2025-12-31 00:00:00+00:00,Elastic Net,-0.1267345050878816
2026-01-01 00:00:00+00:00,Elastic Net,-0.24045636756090039
2026-01-02 00:00:00+00:00,Elastic Net,0.03503700277520814
2026-01-03 00:00:00+00:00,Elastic Net,-0.2687982424296892
2026-01-04 00:00:00+00:00,Elastic Net,-0.0005427702996092054
2026-01-05 00:00:00+00:00,Elastic Net,-0.10160660008684326
2026-01-06 00:00:00+00:00,Elastic Net,0.681068171949631
2026-01-07 00:00:00+00:00,Elastic Net,-0.17260095527572733
2026-01-08 00:00:00+00:00,Elastic Net,0.16576204950065132
2026-01-09 00:00:00+00:00,Elastic Net,0.5078158923143725
2026-01-10 00:00:00+00:00,Elastic Net,-0.08619192357794181
2026-01-11 00:00:00+00:00,Elastic Net,0.33445505861919234
2026-01-12 00:00:00+00:00,Elastic Net,-0.15479808944854537
2026-01-13 00:00:00+00:00,Elastic Net,0.07392531480677378
2026-01-14 00:00:00+00:00,Elastic Net,-0.0486322188449848
2026-01-15 00:00:00+00:00,Elastic Net,-0.29795918367346935
2026-01-16 00:00:00+00:00,Elastic Net,0.5766326530612245
2026-01-17 00:00:00+00:00,Elastic Net,0.06428571428571428
2026-01-18 00:00:00+00:00,Elastic Net,0.03204081632653061
2026-01-19 00:00:00+00:00,Elastic Net,0.06316326530612244
2026-01-20 00:00:00+00:00,Elastic Net,-0.15938775510204078
2026-01-21 00:00:00+00:00,Elastic Net,0.08081632653061224
2026-01-22 00:00:00+00:00,Elastic Net,-0.07387755102040815
2026-01-23 00:00:00+00:00,Elastic Net,0.31918367346938775
2026-01-24 00:00:00+00:00,Elastic Net,0.4592076830732293
2026-01-25 00:00:00+00:00,Elastic Net,-0.0830252100840336
2026-01-26 00:00:00+00:00,Elastic Net,-0.3654741896758703
2026-01-27 00:00:00+00:00,Elastic Net,0.3610564225690276
2026-01-28 00:00:00+00:00,Elastic Net,0.3381992797118847
2026-01-29 00:00:00+00:00,Elastic Net,0.0036974789915966387
2026-01-30 00:00:00+00:00,Elastic Net,0.446530612244898
2026-01-31 00:00:00+00:00,Elastic Net,0.3434416193455556
2026-02-01 00:00:00+00:00,Elastic Net,0.19932773109243698
2026-02-02 00:00:00+00:00,Elastic Net,-0.10396158463385353
2026-02-03 00:00:00+00:00,Elastic Net,-0.08686674669867947
2026-02-04 00:00:00+00:00,Elastic Net,0.5039615846338535
2026-02-05 00:00:00+00:00,Elastic Net,-0.025204724618523355
2026-02-06 00:00:00+00:00,Elastic Net,0.40841813135985205
2026-02-07 00:00:00+00:00,Elastic Net,0.32793709528214615
2026-02-08 00:00:00+00:00,Elastic Net,0.20502442840517915
2026-02-09 00:00:00+00:00,Elastic Net,0.3362627197039778
2026-02-10 00:00:00+00:00,Elastic Net,0.011679000925069382
2026-02-11 00:00:00+00:00,Elastic Net,-0.11505550416281221
2026-02-12 00:00:00+00:00,Elastic Net,0.140263644773358
2026-02-13 00:00:00+00:00,Elastic Net,-0.18038852913968548
2026-02-14 00:00:00+00:00,Elastic Net,0.6810276679841898
2026-02-15 00:00:00+00:00,Elastic Net,0.051251646903820815
2026-02-16 00:00:00+00:00,Elastic Net,0.2005336145229653
2026-02-17 00:00:00+00:00,Elastic Net,0.26969696969696966
2026-02-18 00:00:00+00:00,Elastic Net,0.05388669301712779
2026-02-19 00:00:00+00:00,Elastic Net,-0.2005270092226614
2026-02-20 00:00:00+00:00,Elastic Net,0.15448658649398705
2026-02-21 00:00:00+00:00,Elastic Net,0.28998682476943344
2026-02-22 00:00:00+00:00,Elastic Net,-0.048089591567852426
2026-02-23 00:00:00+00:00,Elastic Net,-0.3267457180500658
2026-02-24 00:00:00+00:00,Elastic Net,0.2285902503293807
2026-02-25 00:00:00+00:00,Elastic Net,0.5185770750988142
2026-02-26 00:00:00+00:00,Elastic Net,0.01515151515151515
2026-02-27 00:00:00+00:00,Elastic Net,-0.12698119025593588
2026-02-28 00:00:00+00:00,Elastic Net,0.14635048882964247
2026-03-01 00:00:00+00:00,Elastic Net,-0.14165124884366329
2026-03-02 00:00:00+00:00,Elastic Net,-0.1874421831637373
2026-03-03 00:00:00+00:00,Elastic Net,0.352104532839963
2026-03-04 00:00:00+00:00,Elastic Net,-0.010792476102374344
2026-03-05 00:00:00+00:00,Elastic Net,0.18063521430773974
2026-03-06 00:00:00+00:00,Elastic Net,0.3300030835646007
2026-03-07 00:00:00+00:00,Elastic Net,-0.23848288621646624
2026-03-08 00:00:00+00:00,Elastic Net,-0.008325624421831636
2026-03-09 00:00:00+00:00,Elastic Net,-0.004625346901017576
2026-03-10 00:00:00+00:00,Elastic Net,0.18248535306814678
2026-03-11 00:00:00+00:00,Elastic Net,-0.15337650323774282
2026-03-12 00:00:00+00:00,Elastic Net,0.07123034227567068
2026-03-13 00:00:00+00:00,Elastic Net,0.1481267345050879
2026-03-14 00:00:00+00:00,Elastic Net,0.13980881899475794
2026-03-15 00:00:00+00:00,Elastic Net,-0.07702744372494603
2026-03-16 00:00:00+00:00,Elastic Net,0.0734505087881591
2026-03-17 00:00:00+00:00,Elastic Net,0.12920135676842429
2026-03-18 00:00:00+00:00,Elastic Net,0.12365094048720321
2026-03-19 00:00:00+00:00,Elastic Net,-0.022880049337033612
2026-03-20 00:00:00+00:00,Elastic Net,0.12241751464693185
2026-03-21 00:00:00+00:00,Elastic Net,0.05955134135060129
2026-03-22 00:00:00+00:00,Elastic Net,-0.17275670675300647
2026-03-23 00:00:00+00:00,Elastic Net,-0.0810977489978415
2026-03-24 00:00:00+00:00,Elastic Net,0.010522664199814985
2026-03-25 00:00:00+00:00,Elastic Net,0.3239253148067737
2026-03-26 00:00:00+00:00,Elastic Net,0.28907946157186276
2026-03-27 00:00:00+00:00,Elastic Net,-0.09020408163265305
2026-03-28 00:00:00+00:00,Elastic Net,0.07081632653061223
2026-03-29 00:00:00+00:00,Elastic Net,0.09520408163265306
2026-03-30 00:00:00+00:00,Elastic Net,0.15755102040816324
2026-03-31 00:00:00+00:00,Elastic Net,0.255204081632653
2026-04-01 00:00:00+00:00,Elastic Net,0.2691836734693877
2026-04-02 00:00:00+00:00,Elastic Net,0.20989795918367343
2026-04-03 00:00:00+00:00,Elastic Net,-0.12858464384828863
2026-04-04 00:00:00+00:00,Elastic Net,0.41033794934900064
2026-04-05 00:00:00+00:00,Elastic Net,0.3361470860314523
2026-04-06 00:00:00+00:00,Elastic Net,-0.11840888066604996
2026-04-07 00:00:00+00:00,Elastic Net,0.44160499537465314
2026-04-08 00:00:00+00:00,Elastic Net,-0.17969472710453283
2026-04-09 00:00:00+00:00,Elastic Net,0.12511563367252546
2026-04-10 00:00:00+00:00,Elastic Net,-0.04162812210915818
2026-04-11 00:00:00+00:00,Elastic Net,0.11748381128584644
2026-04-12 00:00:00+00:00,Elastic Net,0.016959605303731112
2026-04-13 00:00:00+00:00,Elastic Net,0.15616778937461617
2026-04-14 00:00:00+00:00,Elastic Net,-0.020235892691951897
2026-04-15 00:00:00+00:00,Elastic Net,-0.15103299414122726
2026-04-16 00:00:00+00:00,Elastic Net,0.08775824853530681
2026-04-17 00:00:00+00:00,Elastic Net,0.36772068511198946
2026-04-18 00:00:00+00:00,Elastic Net,0.4213438735177865
2026-04-19 00:00:00+00:00,Elastic Net,-0.277459142769041
2026-04-20 00:00:00+00:00,Elastic Net,0.3378970089423373
2026-04-21 00:00:00+00:00,Elastic Net,0.23823620104841195
2026-04-22 00:00:00+00:00,Elastic Net,-0.19210607462226334
2026-04-23 00:00:00+00:00,Elastic Net,-0.14289678997820549
2026-04-24 00:00:00+00:00,Elastic Net,0.2987449506492996
2026-04-25 00:00:00+00:00,Elastic Net,0.0600135698145403
2026-04-26 00:00:00+00:00,Elastic Net,0.07160037002775207
2026-04-27 00:00:00+00:00,Elastic Net,-0.025092506938020356
2026-04-28 00:00:00+00:00,Elastic Net,0.23111159357359964
2026-04-29 00:00:00+00:00,Elastic Net,0.04472427268779853
2026-04-30 00:00:00+00:00,Elastic Net,-0.12927844588344126
2026-05-01 00:00:00+00:00,Elastic Net,-0.17437557816836263
2026-05-02 00:00:00+00:00,Elastic Net,0.38933857539315453
2026-05-03 00:00:00+00:00,Elastic Net,0.13905775075987842
2026-05-04 00:00:00+00:00,Elastic Net,0.0776530612244898
2026-05-05 00:00:00+00:00,Elastic Net,-0.046938775510204075
2026-05-06 00:00:00+00:00,Elastic Net,-0.05785714285714286
2026-05-07 00:00:00+00:00,Elastic Net,-0.06642857142857142
2026-05-08 00:00:00+00:00,Elastic Net,0.16622448979591833
2026-05-09 00:00:00+00:00,Elastic Net,0.26591836734693874
2026-05-10 00:00:00+00:00,Elastic Net,0.12244897959183673
2026-05-11 00:00:00+00:00,Elastic Net,0.126734693877551
2026-05-12 00:00:00+00:00,Elastic Net,0.16193877551020408
2026-05-13 00:00:00+00:00,Elastic Net,0.28887755102040813
2026-05-14 00:00:00+00:00,Elastic Net,0.19938775510204076
2026-05-15 00:00:00+00:00,Elastic Net,0.15
2026-05-16 00:00:00+00:00,Elastic Net,0.13112244897959183
2026-05-17 00:00:00+00:00,Elastic Net,-0.28699711736678923
2026-05-18 00:00:00+00:00,Elastic Net,0.5673469387755101
2026-05-19 00:00:00+00:00,Elastic Net,0.09193877551020407
2026-05-20 00:00:00+00:00,Elastic Net,-0.17989795918367346
2026-05-21 00:00:00+00:00,Elastic Net,0.22774641771602258
2026-05-22 00:00:00+00:00,Elastic Net,-0.2687798523664785
2026-05-23 00:00:00+00:00,Elastic Net,0.20017368649587494
2026-05-24 00:00:00+00:00,Elastic Net,0.026595744680851064
2026-05-25 00:00:00+00:00,Elastic Net,0.2793877551020408
2026-05-26 00:00:00+00:00,Elastic Net,0.07316326530612244
2026-05-27 00:00:00+00:00,Elastic Net,0.1577551020408163
2026-05-28 00:00:00+00:00,Elastic Net,-0.10948979591836734
2026-05-29 00:00:00+00:00,Elastic Net,0.16622448979591833
2026-05-30 00:00:00+00:00,Elastic Net,0.015957446808510637
2026-05-31 00:00:00+00:00,Elastic Net,-0.04906643508467217
2026-06-01 00:00:00+00:00,Elastic Net,0.006947459834997829
2026-06-02 00:00:00+00:00,Elastic Net,-0.27090400856721214
2026-06-03 00:00:00+00:00,Elastic Net,0.15284411636995224
2026-06-04 00:00:00+00:00,Elastic Net,-0.11126791141988711
2026-06-05 00:00:00+00:00,Elastic Net,-0.15968302214502822
2026-06-06 00:00:00+00:00,Elastic Net,-0.08716891011723837
2026-06-07 00:00:00+00:00,Elastic Net,0.07899451944239094
2026-06-08 00:00:00+00:00,Elastic Net,0.03658271819366044
2026-06-09 00:00:00+00:00,Elastic Net,0.4560356057316543
2026-06-10 00:00:00+00:00,Elastic Net,-0.1413373860182371
2026-06-11 00:00:00+00:00,Elastic Net,0.47698653929656964
2026-06-12 00:00:00+00:00,Elastic Net,0.3075336517585758
2026-06-13 00:00:00+00:00,Elastic Net,0.27428571428571424
2026-06-14 00:00:00+00:00,Elastic Net,0.1574489795918367
2026-06-15 00:00:00+00:00,Elastic Net,0.06275510204081633
2026-06-16 00:00:00+00:00,Elastic Net,0.01540816326530612
2026-06-17 00:00:00+00:00,Elastic Net,-0.012040816326530611
2026-06-18 00:00:00+00:00,Elastic Net,0.2588775510204081
2026-06-19 00:00:00+00:00,Elastic Net,0.2730612244897959
2026-06-20 00:00:00+00:00,Elastic Net,0.031530612244897956
2026-06-21 00:00:00+00:00,Elastic Net,0.18732654949121186
2026-06-22 00:00:00+00:00,Elastic Net,-0.038159111933395
2026-06-23 00:00:00+00:00,Elastic Net,-0.06567992599444959
2026-06-24 00:00:00+00:00,Elastic Net,0.08926919518963922
2026-06-25 00:00:00+00:00,Elastic Net,0.31336725254394077
2026-06-26 00:00:00+00:00,Elastic Net,0.4043709528214616
2026-06-27 00:00:00+00:00,Elastic Net,0.27816484068170244
2026-06-28 00:00:00+00:00,Elastic Net,0.030758556891766885
2026-06-29 00:00:00+00:00,Elastic Net,0.13633209990749307
2026-06-30 00:00:00+00:00,Elastic Net,0.23704902867715077
2026-07-01 00:00:00+00:00,Elastic Net,0.022548566142460685
2026-07-02 00:00:00+00:00,Elastic Net,-0.20294296212695398
2026-07-03 00:00:00+00:00,Elastic Net,0.10719241443108232
2026-07-04 00:00:00+00:00,Elastic Net,0.1868215371254885
2026-07-05 00:00:00+00:00,Elastic Net,0.0996526270082501
2026-07-06 00:00:00+00:00,Elastic Net,0.5574699352451434
2026-07-07 00:00:00+00:00,Elastic Net,0.009481961147086031
2026-07-08 00:00:00+00:00,Elastic Net,0.09308510638297873
2026-07-09 00:00:00+00:00,Elastic Net,0.23982423681776138
2026-07-10 00:00:00+00:00,Elastic Net,0.32654949121184096
2026-07-11 00:00:00+00:00,Elastic Net,-0.07191094394242019
2026-07-12 00:00:00+00:00,Elastic Net,0.07258711069996915
2026-07-13 00:00:00+00:00,Elastic Net,0.2928769657724329
2026-07-14 00:00:00+00:00,Elastic Net,0.025470243601603455
2026-07-15 00:00:00+00:00,Elastic Net,0.060252852297255625
2026-07-16 00:00:00+00:00,Elastic Net,0.17125346901017574
2026-07-17 00:00:00+00:00,Elastic Net,0.1412050431554265
2026-07-18 00:00:00+00:00,Elastic Net,0.15991366019118103
2026-07-19 00:00:00+00:00,Elastic Net,-0.13623188405797101
2026-07-20 00:00:00+00:00,Elastic Net,0.23983965464076473
2026-07-21 00:00:00+00:00,Elastic Net,-0.20981220522479718
2026-07-22 00:00:00+00:00,Elastic Net,0.18211532531606536
2026-07-23 00:00:00+00:00,Elastic Net,-0.09713228492136909
2026-07-24 00:00:00+00:00,Elastic Net,0.25303731113166816
2026-07-25 00:00:00+00:00,Elastic Net,0.377890841813136
2026-07-26 00:00:00+00:00,Elastic Net,0.09320074005550416
2026-07-27 00:00:00+00:00,Elastic Net,0.1352913968547641
2021-07-30 00:00:00+00:00,Random Forest,-0.36658706035605737
2021-07-31 00:00:00+00:00,Random Forest,0.26791141988710376
2021-08-01 00:00:00+00:00,Random Forest,0.1419887103777681
2021-08-02 00:00:00+00:00,Random Forest,0.09075119409465914
2021-08-03 00:00:00+00:00,Random Forest,0.04891304347826087
2021-08-04 00:00:00+00:00,Random Forest,-0.015090630517132476
2021-08-05 00:00:00+00:00,Random Forest,0.17091150884537776
2021-08-06 00:00:00+00:00,Random Forest,0.1044172062904718
2021-08-07 00:00:00+00:00,Random Forest,0.2135753931544866
2021-08-08 00:00:00+00:00,Random Forest,0.29244897959183674
2021-08-09 00:00:00+00:00,Random Forest,0.033565426170468184
2021-08-10 00:00:00+00:00,Random Forest,0.06804321728691476
2021-08-11 00:00:00+00:00,Random Forest,-0.15006002400960383
2021-08-12 00:00:00+00:00,Random Forest,0.2677070828331332
2021-08-13 00:00:00+00:00,Random Forest,-0.07447779111644658
2021-08-14 00:00:00+00:00,Random Forest,-0.19481392557022806
2021-08-15 00:00:00+00:00,Random Forest,-0.11030012004801922
2021-08-16 00:00:00+00:00,Random Forest,0.1766626650660264
2021-08-17 00:00:00+00:00,Random Forest,0.3342617046818727
2021-08-18 00:00:00+00:00,Random Forest,-0.15683449787228534
2021-08-19 00:00:00+00:00,Random Forest,0.31045163158123845
2021-08-20 00:00:00+00:00,Random Forest,-0.06021753225102444
2021-08-21 00:00:00+00:00,Random Forest,0.2255996543184313
2021-08-22 00:00:00+00:00,Random Forest,-0.05408163265306122
2021-08-23 00:00:00+00:00,Random Forest,0.36469387755102034
2021-08-24 00:00:00+00:00,Random Forest,-0.0570408163265306
2021-08-25 00:00:00+00:00,Random Forest,0.38469387755102036
2021-08-26 00:00:00+00:00,Random Forest,0.023877551020408165
2021-08-27 00:00:00+00:00,Random Forest,-0.07433863111171768
2021-08-28 00:00:00+00:00,Random Forest,0.01989795918367347
2021-08-29 00:00:00+00:00,Random Forest,0.2213265306122449
2021-08-30 00:00:00+00:00,Random Forest,-0.0028571428571428567
2021-08-31 00:00:00+00:00,Random Forest,0.1510204081632653
2021-09-01 00:00:00+00:00,Random Forest,0.15112244897959182
2021-09-02 00:00:00+00:00,Random Forest,0.3782653061224489
2021-09-03 00:00:00+00:00,Random Forest,-0.09918367346938775
2021-09-04 00:00:00+00:00,Random Forest,0.27459183673469384
2021-09-05 00:00:00+00:00,Random Forest,0.18367346938775508
2021-09-06 00:00:00+00:00,Random Forest,0.31163265306122445
2021-09-07 00:00:00+00:00,Random Forest,0.3186734693877551
2021-09-08 00:00:00+00:00,Random Forest,0.019591836734693877
2021-09-09 00:00:00+00:00,Random Forest,0.08782023447676944
2021-09-10 00:00:00+00:00,Random Forest,-0.10128093790707772
2021-09-11 00:00:00+00:00,Random Forest,0.06328701693443335
2021-09-12 00:00:00+00:00,Random Forest,0.0882544507164568
2021-09-13 00:00:00+00:00,Random Forest,-0.032891880156317846
2021-09-14 00:00:00+00:00,Random Forest,-0.2930959617889709
2021-09-15 00:00:00+00:00,Random Forest,0.1419981498612396
2021-09-16 00:00:00+00:00,Random Forest,0.17009713228492138
2021-09-17 00:00:00+00:00,Random Forest,0.16211840888066603
2021-09-18 00:00:00+00:00,Random Forest,0.0551572617946346
2021-09-19 00:00:00+00:00,Random Forest,-0.0889222941720629
2021-09-20 00:00:00+00:00,Random Forest,-0.1711378353376503
2021-09-21 00:00:00+00:00,Random Forest,0.06082331174838113
2021-09-22 00:00:00+00:00,Random Forest,-0.13008788159111934
2021-09-23 00:00:00+00:00,Random Forest,0.07308048103607771
2021-09-24 00:00:00+00:00,Random Forest,-0.17761332099907493
2021-09-25 00:00:00+00:00,Random Forest,-0.0114477335800185
2021-09-26 00:00:00+00:00,Random Forest,0.04405642923219241
2021-09-27 00:00:00+00:00,Random Forest,-0.1914893617021277
2021-09-28 00:00:00+00:00,Random Forest,0.09539777983348752
2021-09-29 00:00:00+00:00,Random Forest,0.1825855689176688
2021-09-30 00:00:00+00:00,Random Forest,-0.16385291396854768
2021-10-01 00:00:00+00:00,Random Forest,0.2567067530064755
2021-10-02 00:00:00+00:00,Random Forest,0.13864477335800185
2021-10-03 00:00:00+00:00,Random Forest,-0.024299238347610254
2021-10-04 00:00:00+00:00,Random Forest,0.1490518038852914
2021-10-05 00:00:00+00:00,Random Forest,0.07562442183163738
2021-10-06 00:00:00+00:00,Random Forest,-0.16165587419056432
2021-10-07 00:00:00+00:00,Random Forest,-0.08406567992599445
2021-10-08 00:00:00+00:00,Random Forest,-0.03255276096797359
2021-10-09 00:00:00+00:00,Random Forest,0.04804193647856922
2021-10-10 00:00:00+00:00,Random Forest,0.1447469857914753
2021-10-11 00:00:00+00:00,Random Forest,0.020659882824545173
2021-10-12 00:00:00+00:00,Random Forest,0.16232384601753855
2021-10-13 00:00:00+00:00,Random Forest,-0.009617918313570487
2021-10-14 00:00:00+00:00,Random Forest,0.23833992094861658
2021-10-15 00:00:00+00:00,Random Forest,0.14819611470860314
2021-10-16 00:00:00+00:00,Random Forest,0.37025901942645695
2021-10-17 00:00:00+00:00,Random Forest,-0.06186401480111008
2021-10-18 00:00:00+00:00,Random Forest,0.024629972247918592
2021-10-19 00:00:00+00:00,Random Forest,0.16152209449845495
2021-10-20 00:00:00+00:00,Random Forest,-0.04680851063829787
2021-10-21 00:00:00+00:00,Random Forest,0.038854037193536486
2021-10-22 00:00:00+00:00,Random Forest,0.2712765957446809
2021-10-23 00:00:00+00:00,Random Forest,0.04301572617946347
2021-10-24 00:00:00+00:00,Random Forest,-0.0956290471785384
2021-10-25 00:00:00+00:00,Random Forest,-0.10060129509713228
2021-10-26 00:00:00+00:00,Random Forest,0.48022664199814985
2021-10-27 00:00:00+00:00,Random Forest,0.10573165436387322
2021-10-28 00:00:00+00:00,Random Forest,0.0462440295267043
2021-10-29 00:00:00+00:00,Random Forest,-0.13145896656534956
2021-10-30 00:00:00+00:00,Random Forest,0.21189752496743378
2021-10-31 00:00:00+00:00,Random Forest,0.0779418150238819
2021-11-01 00:00:00+00:00,Random Forest,-0.10909683022145027
2021-11-02 00:00:00+00:00,Random Forest,0.12168910117238384
2021-11-03 00:00:00+00:00,Random Forest,0.25455927051671734
2021-11-04 00:00:00+00:00,Random Forest,-0.047112462006079034
2021-11-05 00:00:00+00:00,Random Forest,0.33152409900130264
2021-11-06 00:00:00+00:00,Random Forest,0.016391663048198005
2021-11-07 00:00:00+00:00,Random Forest,0.17325227963525838
2021-11-08 00:00:00+00:00,Random Forest,-0.08782023447676944
2021-11-09 00:00:00+00:00,Random Forest,0.03343465045592705
2021-11-10 00:00:00+00:00,Random Forest,-0.09932696482848459
2021-11-11 00:00:00+00:00,Random Forest,-0.2867998263135041
2021-11-12 00:00:00+00:00,Random Forest,0.47367346938775506
2021-11-13 00:00:00+00:00,Random Forest,0.08183673469387753
2021-11-14 00:00:00+00:00,Random Forest,-0.06571428571428571
2021-11-15 00:00:00+00:00,Random Forest,-0.1560204081632653
2021-11-16 00:00:00+00:00,Random Forest,0.2523126734505088
2021-11-17 00:00:00+00:00,Random Forest,-0.03399629972247919
2021-11-18 00:00:00+00:00,Random Forest,0.37615633672525445
2021-11-19 00:00:00+00:00,Random Forest,0.13748843663274746
2021-11-20 00:00:00+00:00,Random Forest,-0.12927844588344126
2021-11-21 00:00:00+00:00,Random Forest,0.16402518454190185
2021-11-22 00:00:00+00:00,Random Forest,0.05330004342162396
2021-11-23 00:00:00+00:00,Random Forest,0.34607034303082934
2021-11-24 00:00:00+00:00,Random Forest,0.13514980460269213
2021-11-25 00:00:00+00:00,Random Forest,0.2310030395136778
2021-11-26 00:00:00+00:00,Random Forest,-0.1490447242726878
2021-11-27 00:00:00+00:00,Random Forest,-0.15827181936604431
2021-11-28 00:00:00+00:00,Random Forest,0.16337386018237082
2021-11-29 00:00:00+00:00,Random Forest,-0.2079895788102475
2021-11-30 00:00:00+00:00,Random Forest,0.18671298306556666
2021-12-01 00:00:00+00:00,Random Forest,0.31068171949630913
2021-12-02 00:00:00+00:00,Random Forest,0.20147633521493705
2021-12-03 00:00:00+00:00,Random Forest,0.30644811115935733
2021-12-04 00:00:00+00:00,Random Forest,0.07587928788536691
2021-12-05 00:00:00+00:00,Random Forest,0.009661311333043857
2021-12-06 00:00:00+00:00,Random Forest,0.22459834997828917
2021-12-07 00:00:00+00:00,Random Forest,0.22090751194094657
2021-12-08 00:00:00+00:00,Random Forest,0.18622448979591832
2021-12-09 00:00:00+00:00,Random Forest,-0.04377551020408163
2021-12-10 00:00:00+00:00,Random Forest,0.07685627442466347
2021-12-11 00:00:00+00:00,Random Forest,0.07620495006513242
2021-12-12 00:00:00+00:00,Random Forest,0.16163265306122448
2021-12-13 00:00:00+00:00,Random Forest,-0.09918367346938775
2021-12-14 00:00:00+00:00,Random Forest,0.17989795918367346
2021-12-15 00:00:00+00:00,Random Forest,0.3458163265306122
2021-12-16 00:00:00+00:00,Random Forest,0.1870408163265306
2021-12-17 00:00:00+00:00,Random Forest,0.14193877551020406
2021-12-18 00:00:00+00:00,Random Forest,0.1365851170117146
2021-12-19 00:00:00+00:00,Random Forest,0.1273469387755102
2021-12-20 00:00:00+00:00,Random Forest,-0.08163265306122448
2021-12-21 00:00:00+00:00,Random Forest,-0.15448979591836734
2021-12-22 00:00:00+00:00,Random Forest,-0.3824489795918367
2021-12-23 00:00:00+00:00,Random Forest,0.035816326530612244
2021-12-24 00:00:00+00:00,Random Forest,-0.048827776234669745
2021-12-25 00:00:00+00:00,Random Forest,-0.05632796756852183
2021-12-26 00:00:00+00:00,Random Forest,-0.07795918367346939
2021-12-27 00:00:00+00:00,Random Forest,0.13316326530612244
2021-12-28 00:00:00+00:00,Random Forest,0.06591836734693876
2021-12-29 00:00:00+00:00,Random Forest,-0.04204081632653061
2021-12-30 00:00:00+00:00,Random Forest,0.4570408163265306
2021-12-31 00:00:00+00:00,Random Forest,-0.07908163265306122
2022-01-01 00:00:00+00:00,Random Forest,0.06877551020408162
2022-01-02 00:00:00+00:00,Random Forest,-0.09653061224489794
2022-01-03 00:00:00+00:00,Random Forest,-0.04755102040816325
2022-01-04 00:00:00+00:00,Random Forest,0.1944897959183673
2022-01-05 00:00:00+00:00,Random Forest,0.3104671038536733
2022-01-06 00:00:00+00:00,Random Forest,0.3528571428571428
2022-01-07 00:00:00+00:00,Random Forest,-0.3031632653061224
2022-01-08 00:00:00+00:00,Random Forest,0.03377551020408163
2022-01-09 00:00:00+00:00,Random Forest,0.08377551020408162
2022-01-10 00:00:00+00:00,Random Forest,-0.015816326530612244
2022-01-11 00:00:00+00:00,Random Forest,-0.0870408163265306
2022-01-12 00:00:00+00:00,Random Forest,-0.032755102040816324
2022-01-13 00:00:00+00:00,Random Forest,0.08122448979591836
2022-01-14 00:00:00+00:00,Random Forest,0.047244897959183664
2022-01-15 00:00:00+00:00,Random Forest,0.06346938775510204
2022-01-16 00:00:00+00:00,Random Forest,-0.34194477791116445
2022-01-17 00:00:00+00:00,Random Forest,0.32677070828331334
2022-01-18 00:00:00+00:00,Random Forest,0.029435774309723887
2022-01-19 00:00:00+00:00,Random Forest,-0.13210084033613445
2022-01-20 00:00:00+00:00,Random Forest,-0.07764705882352942
2022-01-21 00:00:00+00:00,Random Forest,0.04028811524609843
2022-01-22 00:00:00+00:00,Random Forest,0.24102040816326525
2022-01-23 00:00:00+00:00,Random Forest,0.3690276110444177
2022-01-24 00:00:00+00:00,Random Forest,-0.0724609843937575
2022-01-25 00:00:00+00:00,Random Forest,0.13142857142857142
2022-01-26 00:00:00+00:00,Random Forest,0.05940118612002969
2022-01-27 00:00:00+00:00,Random Forest,-0.0528704170720717
2022-01-28 00:00:00+00:00,Random Forest,-0.2514765906362545
2022-01-29 00:00:00+00:00,Random Forest,0.043937575030012
2022-01-30 00:00:00+00:00,Random Forest,-0.26567004268957717
2022-01-31 00:00:00+00:00,Random Forest,0.21081632653061222
2022-02-01 00:00:00+00:00,Random Forest,0.18795918367346937
2022-02-02 00:00:00+00:00,Random Forest,-0.07938775510204081
2022-02-03 00:00:00+00:00,Random Forest,0.05775510204081632
2022-02-04 00:00:00+00:00,Random Forest,0.023673469387755098
2022-02-05 00:00:00+00:00,Random Forest,-0.4268367346938775
2022-02-06 00:00:00+00:00,Random Forest,-0.24387755102040812
2022-02-07 00:00:00+00:00,Random Forest,0.07693877551020407
2022-02-08 00:00:00+00:00,Random Forest,0.00846938775510204
2022-02-09 00:00:00+00:00,Random Forest,0.3782653061224489
2022-02-10 00:00:00+00:00,Random Forest,0.21786799826313502
2022-02-11 00:00:00+00:00,Random Forest,-0.0438558402084238
2022-02-12 00:00:00+00:00,Random Forest,0.41283108988276157
2022-02-13 00:00:00+00:00,Random Forest,-0.18834129396439428
2022-02-14 00:00:00+00:00,Random Forest,-0.2037559704732957
2022-02-15 00:00:00+00:00,Random Forest,0.17846287451150672
2022-02-16 00:00:00+00:00,Random Forest,0.5704515848892748
2022-02-17 00:00:00+00:00,Random Forest,0.27530612244897956
2022-02-18 00:00:00+00:00,Random Forest,0.2278571428571428
2022-02-19 00:00:00+00:00,Random Forest,0.3229591836734694
2022-02-20 00:00:00+00:00,Random Forest,0.06499999999999999
2022-02-21 00:00:00+00:00,Random Forest,0.1363265306122449
2022-02-22 00:00:00+00:00,Random Forest,0.4404038211029092
2022-02-23 00:00:00+00:00,Random Forest,0.2778983933999132
2022-02-24 00:00:00+00:00,Random Forest,-0.26491674375578167
2022-02-25 00:00:00+00:00,Random Forest,0.18871415356151713
2022-02-26 00:00:00+00:00,Random Forest,0.3987049028677151
2022-02-27 00:00:00+00:00,Random Forest,0.02226333641689793
2022-02-28 00:00:00+00:00,Random Forest,0.12969472710453284
2022-03-01 00:00:00+00:00,Random Forest,0.2990440949737897
2022-03-02 00:00:00+00:00,Random Forest,0.35454825778600063
2022-03-03 00:00:00+00:00,Random Forest,-0.0065988282454517416
2022-03-04 00:00:00+00:00,Random Forest,-0.03225408572309589
2022-03-05 00:00:00+00:00,Random Forest,0.14190564292321922
2022-03-06 00:00:00+00:00,Random Forest,0.4192876965772433
2022-03-07 00:00:00+00:00,Random Forest,0.09505087881591119
2022-03-08 00:00:00+00:00,Random Forest,-0.1921831637372803
2022-03-09 00:00:00+00:00,Random Forest,0.06753006475485661
2022-03-10 00:00:00+00:00,Random Forest,0.22639531298180696
2022-03-11 00:00:00+00:00,Random Forest,-0.2769657724329324
2022-03-12 00:00:00+00:00,Random Forest,0.11341350601295097
2022-03-13 00:00:00+00:00,Random Forest,-0.07493061979648473
2022-03-14 00:00:00+00:00,Random Forest,0.1459804496669885
2022-03-15 00:00:00+00:00,Random Forest,-0.1742213999383287
2022-03-16 00:00:00+00:00,Random Forest,0.20407030527289544
2022-03-17 00:00:00+00:00,Random Forest,0.1758302754544082
2022-03-18 00:00:00+00:00,Random Forest,0.050818711671144295
2022-03-19 00:00:00+00:00,Random Forest,0.4772741288930003
2022-03-20 00:00:00+00:00,Random Forest,-0.10490286771507863
2022-03-21 00:00:00+00:00,Random Forest,0.09947579401788467
2022-03-22 00:00:00+00:00,Random Forest,-0.3762565525747764
2022-03-23 00:00:00+00:00,Random Forest,0.09343200740055506
2022-03-24 00:00:00+00:00,Random Forest,0.09586031452358927
2022-03-25 00:00:00+00:00,Random Forest,0.3346535227324244
2022-03-26 00:00:00+00:00,Random Forest,-0.19496400806042416
2022-03-27 00:00:00+00:00,Random Forest,0.08672525439407956
2022-03-28 00:00:00+00:00,Random Forest,0.06990881458966565
2022-03-29 00:00:00+00:00,Random Forest,0.0523230568823274
2022-03-30 00:00:00+00:00,Random Forest,-0.10233580018501388
2022-03-31 00:00:00+00:00,Random Forest,-0.03411193339500462
2022-04-01 00:00:00+00:00,Random Forest,0.18931828050369082
2022-04-02 00:00:00+00:00,Random Forest,-0.0017368649587494573
2022-04-03 00:00:00+00:00,Random Forest,-0.013297872340425532
2022-04-04 00:00:00+00:00,Random Forest,0.04764107308048104
2022-04-05 00:00:00+00:00,Random Forest,0.12569380203515265
2022-04-06 00:00:00+00:00,Random Forest,0.11528677150786311
2022-04-07 00:00:00+00:00,Random Forest,0.2036367842196957
2022-04-08 00:00:00+00:00,Random Forest,0.08553808202281836
2022-04-09 00:00:00+00:00,Random Forest,0.24761023743447427
2022-04-10 00:00:00+00:00,Random Forest,0.19403330249768735
2022-04-11 00:00:00+00:00,Random Forest,0.026378636561007383
2022-04-12 00:00:00+00:00,Random Forest,-0.19317163432084136
2022-04-13 00:00:00+00:00,Random Forest,-0.08348751156336726
2022-04-14 00:00:00+00:00,Random Forest,0.1532783326096396
2022-04-15 00:00:00+00:00,Random Forest,-0.19735128093790705
2022-04-16 00:00:00+00:00,Random Forest,0.3080481036077706
2022-04-17 00:00:00+00:00,Random Forest,0.21843200740055502
2022-04-18 00:00:00+00:00,Random Forest,-0.05943570767807586
2022-04-19 00:00:00+00:00,Random Forest,0.27890841813135986
2022-04-20 00:00:00+00:00,Random Forest,0.46392229417206293
2022-04-21 00:00:00+00:00,Random Forest,0.04290009250693802
2022-04-22 00:00:00+00:00,Random Forest,0.04336262719703978
2022-04-23 00:00:00+00:00,Random Forest,-0.09597594819611471
2022-04-24 00:00:00+00:00,Random Forest,0.3203052728954672
2022-04-25 00:00:00+00:00,Random Forest,0.29019109028922563
2022-04-26 00:00:00+00:00,Random Forest,0.05770120259019427
2022-04-27 00:00:00+00:00,Random Forest,0.3640831431662192
2022-04-28 00:00:00+00:00,Random Forest,0.4641535615171138
2022-04-29 00:00:00+00:00,Random Forest,0.28365759891590775
2022-04-30 00:00:00+00:00,Random Forest,0.03156799259944496
2022-05-01 00:00:00+00:00,Random Forest,0.3944264569842738
2022-05-02 00:00:00+00:00,Random Forest,0.023011100832562442
2022-05-03 00:00:00+00:00,Random Forest,-0.35545790934320076
2022-05-04 00:00:00+00:00,Random Forest,0.5242830712303423
2022-05-05 00:00:00+00:00,Random Forest,0.06544865864939871
2022-05-06 00:00:00+00:00,Random Forest,0.30874190564292325
2022-05-07 00:00:00+00:00,Random Forest,-0.16998149861239592
2022-05-08 00:00:00+00:00,Random Forest,0.009944495837187789
2022-05-09 00:00:00+00:00,Random Forest,0.36135522664199815
2022-05-10 00:00:00+00:00,Random Forest,0.36158649398704906
2022-05-11 00:00:00+00:00,Random Forest,-0.054232192414431085
2022-05-12 00:00:00+00:00,Random Forest,-0.011398176291793311
2022-05-13 00:00:00+00:00,Random Forest,-0.33233117483811286
2022-05-14 00:00:00+00:00,Random Forest,0.06285280069474598
2022-05-15 00:00:00+00:00,Random Forest,0.6285280069474598
2022-05-16 00:00:00+00:00,Random Forest,-0.05710098517585798
2022-05-17 00:00:00+00:00,Random Forest,0.3093790707772471
2022-05-18 00:00:00+00:00,Random Forest,-0.20701259227095092
2022-05-19 00:00:00+00:00,Random Forest,0.04108882678528944
2022-05-20 00:00:00+00:00,Random Forest,-0.30058619192357794
2022-05-21 00:00:00+00:00,Random Forest,0.28669127225358226
2022-05-22 00:00:00+00:00,Random Forest,0.3307642205818498
2022-05-23 00:00:00+00:00,Random Forest,-0.0668693009118541
2022-05-24 00:00:00+00:00,Random Forest,-0.028006947459835
2022-05-25 00:00:00+00:00,Random Forest,0.19127225358228397
2022-05-26 00:00:00+00:00,Random Forest,0.42661745549283536
2022-05-27 00:00:00+00:00,Random Forest,-0.27952670429874077
2022-05-28 00:00:00+00:00,Random Forest,-0.1336879529354926
2022-05-29 00:00:00+00:00,Random Forest,-0.17846287451150672
2022-05-30 00:00:00+00:00,Random Forest,0.0650238818931828
2022-05-31 00:00:00+00:00,Random Forest,0.5594876248371689
2022-06-01 00:00:00+00:00,Random Forest,-0.19632534541927596
2022-06-02 00:00:00+00:00,Random Forest,0.28310898827616154
2022-06-03 00:00:00+00:00,Random Forest,-0.027736315042645843
2022-06-04 00:00:00+00:00,Random Forest,0.3488927485887972
2022-06-05 00:00:00+00:00,Random Forest,-0.20201910551454622
2022-06-06 00:00:00+00:00,Random Forest,0.4107685627442466
2022-06-07 00:00:00+00:00,Random Forest,0.24846938775510202
2022-06-08 00:00:00+00:00,Random Forest,-0.10275510204081631
2022-06-09 00:00:00+00:00,Random Forest,0.14030612244897958
2022-06-10 00:00:00+00:00,Random Forest,0.293469387755102
2022-06-11 00:00:00+00:00,Random Forest,0.0823469387755102
2022-06-12 00:00:00+00:00,Random Forest,-0.2705102040816326
2022-06-13 00:00:00+00:00,Random Forest,-0.02336734693877551
2022-06-14 00:00:00+00:00,Random Forest,-0.15785714285714283
2022-06-15 00:00:00+00:00,Random Forest,0.4667947178871549
2022-06-16 00:00:00+00:00,Random Forest,-0.41791116446578624
2022-06-17 00:00:00+00:00,Random Forest,-0.009555822328931571
2022-06-18 00:00:00+00:00,Random Forest,-0.06785114045618247
2022-06-19 00:00:00+00:00,Random Forest,-0.03270108043217287
2022-06-20 00:00:00+00:00,Random Forest,0.10981992797118847
2022-06-21 00:00:00+00:00,Random Forest,0.20825930372148857
2022-06-22 00:00:00+00:00,Random Forest,-0.31831932773109245
2022-06-23 00:00:00+00:00,Random Forest,-0.17551020408163265
2022-06-24 00:00:00+00:00,Random Forest,-0.1514081971192026
2022-06-25 00:00:00+00:00,Random Forest,0.375078031212485
2022-06-26 00:00:00+00:00,Random Forest,0.08389157004987216
2022-06-27 00:00:00+00:00,Random Forest,0.15937575030012002
2022-06-28 00:00:00+00:00,Random Forest,0.081968787515006
2022-06-29 00:00:00+00:00,Random Forest,0.38362545018007205
2022-06-30 00:00:00+00:00,Random Forest,0.15786116997917257
2022-07-01 00:00:00+00:00,Random Forest,-0.09053408597481546
2022-07-02 00:00:00+00:00,Random Forest,0.15056856737436314
2022-07-03 00:00:00+00:00,Random Forest,-0.08977420755536257
2022-07-04 00:00:00+00:00,Random Forest,0.13363004776378637
2022-07-05 00:00:00+00:00,Random Forest,0.04125054277029961
2022-07-06 00:00:00+00:00,Random Forest,0.024099001302648717
2022-07-07 00:00:00+00:00,Random Forest,-0.025401650021710815
2022-07-08 00:00:00+00:00,Random Forest,0.16364968660191237
2022-07-09 00:00:00+00:00,Random Forest,0.12016934433347806
2022-07-10 00:00:00+00:00,Random Forest,0.21244029526704297
2022-07-11 00:00:00+00:00,Random Forest,-0.1614198871037777
2022-07-12 00:00:00+00:00,Random Forest,0.04841511072514112
2022-07-13 00:00:00+00:00,Random Forest,-0.11854103343465046
2022-07-14 00:00:00+00:00,Random Forest,0.1463467601719824
2022-07-15 00:00:00+00:00,Random Forest,0.011506730351715153
2022-07-16 00:00:00+00:00,Random Forest,0.09313938341293963
2022-07-17 00:00:00+00:00,Random Forest,-0.06741207121146331
2022-07-18 00:00:00+00:00,Random Forest,-0.1191923577941815
2022-07-19 00:00:00+00:00,Random Forest,0.42965696917064694
2022-07-20 00:00:00+00:00,Random Forest,0.39394268345636124
2022-07-21 00:00:00+00:00,Random Forest,0.116804168475901
2022-07-22 00:00:00+00:00,Random Forest,0.07978723404255318
2022-07-23 00:00:00+00:00,Random Forest,0.46773820536540245
2022-07-24 00:00:00+00:00,Random Forest,0.44646160962072157
2022-07-25 00:00:00+00:00,Random Forest,0.15888066604995374
2022-07-26 00:00:00+00:00,Random Forest,0.2861933395004625
2022-07-27 00:00:00+00:00,Random Forest,0.1317067530064755
2022-07-28 00:00:00+00:00,Random Forest,0.08857539315448658
2022-07-29 00:00:00+00:00,Random Forest,-0.188945420906568
2022-07-30 00:00:00+00:00,Random Forest,-0.21681313598519888
2022-07-31 00:00:00+00:00,Random Forest,0.19518963922294172
2022-08-01 00:00:00+00:00,Random Forest,0.34412580943570775
2022-08-02 00:00:00+00:00,Random Forest,0.15101757631822385
2022-08-03 00:00:00+00:00,Random Forest,0.07018963922294172
2022-08-04 00:00:00+00:00,Random Forest,-0.07631822386679
2022-08-05 00:00:00+00:00,Random Forest,0.22039777983348752
2022-08-06 00:00:00+00:00,Random Forest,-0.1885985198889917
2022-08-07 00:00:00+00:00,Random Forest,-0.009878419452887538
2022-08-08 00:00:00+00:00,Random Forest,-0.009986973512809378
2022-08-09 00:00:00+00:00,Random Forest,0.07251411202778983
2022-08-10 00:00:00+00:00,Random Forest,0.05796786799826314
2022-08-11 00:00:00+00:00,Random Forest,0.059704732957012584
2022-08-12 00:00:00+00:00,Random Forest,-0.23035171515414676
2022-08-13 00:00:00+00:00,Random Forest,0.008467216673903604
2022-08-14 00:00:00+00:00,Random Forest,0.12092922275293096
2022-08-15 00:00:00+00:00,Random Forest,-0.23132870169344336
2022-08-16 00:00:00+00:00,Random Forest,0.24413808076422058
2022-08-17 00:00:00+00:00,Random Forest,-0.0033651758575770734
2022-08-18 00:00:00+00:00,Random Forest,0.29743812418584453
2022-08-19 00:00:00+00:00,Random Forest,0.04429005644811116
2022-08-20 00:00:00+00:00,Random Forest,0.1854081632653061
2022-08-21 00:00:00+00:00,Random Forest,0.06448979591836734
2022-08-22 00:00:00+00:00,Random Forest,0.014591836734693876
2022-08-23 00:00:00+00:00,Random Forest,0.08428571428571427
2022-08-24 00:00:00+00:00,Random Forest,0.2657142857142857
2022-08-25 00:00:00+00:00,Random Forest,0.3201020408163265
2022-08-26 00:00:00+00:00,Random Forest,-0.2262328005826769
2022-08-27 00:00:00+00:00,Random Forest,-0.20158488927485887
2022-08-28 00:00:00+00:00,Random Forest,-0.015631784628745114
2022-08-29 00:00:00+00:00,Random Forest,0.0773469387755102
2022-08-30 00:00:00+00:00,Random Forest,-0.14554621848739496
2022-08-31 00:00:00+00:00,Random Forest,-0.03683073229291716
2022-09-01 00:00:00+00:00,Random Forest,0.04691476590636255
2022-09-02 00:00:00+00:00,Random Forest,0.018679471788715485
2022-09-03 00:00:00+00:00,Random Forest,0.050660264105642255
2022-09-04 00:00:00+00:00,Random Forest,0.19683073229291717
2022-09-05 00:00:00+00:00,Random Forest,0.1224969987995198
2022-09-06 00:00:00+00:00,Random Forest,0.21104441776710686
2022-09-07 00:00:00+00:00,Random Forest,0.17906362545018004
2022-09-08 00:00:00+00:00,Random Forest,-0.18953181272509
2022-09-09 00:00:00+00:00,Random Forest,0.24648259303721487
2022-09-10 00:00:00+00:00,Random Forest,0.02799519807923169
2022-09-11 00:00:00+00:00,Random Forest,0.2866266506602641
2022-09-12 00:00:00+00:00,Random Forest,0.22861944777911164
2022-09-13 00:00:00+00:00,Random Forest,0.16494597839135652
2022-09-14 00:00:00+00:00,Random Forest,0.21997599039615845
2022-09-15 00:00:00+00:00,Random Forest,0.12528211284513804
2022-09-16 00:00:00+00:00,Random Forest,-0.07255702280912364
2022-09-17 00:00:00+00:00,Random Forest,0.3174549819927971
2022-09-18 00:00:00+00:00,Random Forest,0.019387755102040813
2022-09-19 00:00:00+00:00,Random Forest,0.2946938775510204
2022-09-20 00:00:00+00:00,Random Forest,0.2889795918367347
2022-09-21 00:00:00+00:00,Random Forest,0.2027551020408163
2022-09-22 00:00:00+00:00,Random Forest,0.02204081632653061
2022-09-23 00:00:00+00:00,Random Forest,0.24663265306122448
2022-09-24 00:00:00+00:00,Random Forest,0.18581632653061225
2022-09-25 00:00:00+00:00,Random Forest,0.04673469387755102
2022-09-26 00:00:00+00:00,Random Forest,-0.21428571428571427
2022-09-27 00:00:00+00:00,Random Forest,0.09285714285714285
2022-09-28 00:00:00+00:00,Random Forest,0.45511365100653506
2022-09-29 00:00:00+00:00,Random Forest,0.01648001225057296
2022-09-30 00:00:00+00:00,Random Forest,0.16852470731777863
2022-10-01 00:00:00+00:00,Random Forest,0.49062476099538577
2022-10-02 00:00:00+00:00,Random Forest,-0.050408163265306116
2022-10-03 00:00:00+00:00,Random Forest,-0.0002040816326530612
2022-10-04 00:00:00+00:00,Random Forest,-0.09428571428571428
2022-10-05 00:00:00+00:00,Random Forest,0.19122448979591836
2022-10-06 00:00:00+00:00,Random Forest,-0.03964386847893249
2022-10-07 00:00:00+00:00,Random Forest,0.34704966974736
2022-10-08 00:00:00+00:00,Random Forest,0.13785714285714284
2022-10-09 00:00:00+00:00,Random Forest,0.12440295267042986
2022-10-10 00:00:00+00:00,Random Forest,0.10529743812418584
2022-10-11 00:00:00+00:00,Random Forest,0.33929492237099645
2022-10-12 00:00:00+00:00,Random Forest,0.21461137646547981
2022-10-13 00:00:00+00:00,Random Forest,0.28376031263569257
2022-10-14 00:00:00+00:00,Random Forest,0.19116369952236215
2022-10-15 00:00:00+00:00,Random Forest,0.1765089014329136
2022-10-16 00:00:00+00:00,Random Forest,-0.16295918367346937
2022-10-17 00:00:00+00:00,Random Forest,0.4550232160624688
2022-10-18 00:00:00+00:00,Random Forest,0.343469387755102
2022-10-19 00:00:00+00:00,Random Forest,0.09387755102040815
2022-10-20 00:00:00+00:00,Random Forest,0.047244897959183664
2022-10-21 00:00:00+00:00,Random Forest,0.30291589081006715
2022-10-22 00:00:00+00:00,Random Forest,0.01806122448979592
2022-10-23 00:00:00+00:00,Random Forest,0.29520408163265305
2022-10-24 00:00:00+00:00,Random Forest,-0.18887755102040815
2022-10-25 00:00:00+00:00,Random Forest,0.24887755102040815
2022-10-26 00:00:00+00:00,Random Forest,-0.08663265306122449
2022-10-27 00:00:00+00:00,Random Forest,-0.049081632653061216
2022-10-28 00:00:00+00:00,Random Forest,0.31255102040816324
2022-10-29 00:00:00+00:00,Random Forest,0.1101020408163265
2022-10-30 00:00:00+00:00,Random Forest,0.0730612244897959
2022-10-31 00:00:00+00:00,Random Forest,0.20295918367346938
2022-11-01 00:00:00+00:00,Random Forest,0.09489795918367347
2022-11-02 00:00:00+00:00,Random Forest,0.05199112223942368
2022-11-03 00:00:00+00:00,Random Forest,0.05010204081632653
2022-11-04 00:00:00+00:00,Random Forest,0.07468519322622666
2022-11-05 00:00:00+00:00,Random Forest,0.33428571428571424
2022-11-06 00:00:00+00:00,Random Forest,0.13020408163265304
2022-11-07 00:00:00+00:00,Random Forest,0.2270408163265306
2022-11-08 00:00:00+00:00,Random Forest,0.2729591836734694
2022-11-09 00:00:00+00:00,Random Forest,-0.33479591836734685
2022-11-10 00:00:00+00:00,Random Forest,0.24183673469387756
2022-11-11 00:00:00+00:00,Random Forest,0.24122448979591837
2022-11-12 00:00:00+00:00,Random Forest,0.11862547517827288
2022-11-13 00:00:00+00:00,Random Forest,0.20132653061224487
2022-11-14 00:00:00+00:00,Random Forest,-0.16744897959183672
2022-11-15 00:00:00+00:00,Random Forest,-0.03875379939209726
2022-11-16 00:00:00+00:00,Random Forest,-0.1551020408163265
2022-11-17 00:00:00+00:00,Random Forest,0.2808163265306122
2022-11-18 00:00:00+00:00,Random Forest,-0.22297003907946156
2022-11-19 00:00:00+00:00,Random Forest,0.07674772036474165
2022-11-20 00:00:00+00:00,Random Forest,0.3797221016066001
2022-11-21 00:00:00+00:00,Random Forest,-0.1168616169996409
2022-11-22 00:00:00+00:00,Random Forest,0.03332609639600521
2022-11-23 00:00:00+00:00,Random Forest,0.13716177712870067
2022-11-24 00:00:00+00:00,Random Forest,-0.11952126364756586
2022-11-25 00:00:00+00:00,Random Forest,0.016717778929813933
2022-11-26 00:00:00+00:00,Random Forest,-0.043964394268345634
2022-11-27 00:00:00+00:00,Random Forest,-0.0053191489361702135
2022-11-28 00:00:00+00:00,Random Forest,0.11029092488059053
2022-11-29 00:00:00+00:00,Random Forest,-0.2367628301683389
2022-11-30 00:00:00+00:00,Random Forest,-0.015089014329135909
2022-12-01 00:00:00+00:00,Random Forest,0.009933235644009547
2022-12-02 00:00:00+00:00,Random Forest,0.26400347372991745
2022-12-03 00:00:00+00:00,Random Forest,-0.1704298740772905
2022-12-04 00:00:00+00:00,Random Forest,-0.05596113661246158
2022-12-05 00:00:00+00:00,Random Forest,0.047003907946157185
2022-12-06 00:00:00+00:00,Random Forest,0.43888406426400345
2022-12-07 00:00:00+00:00,Random Forest,0.22537002775208143
2022-12-08 00:00:00+00:00,Random Forest,0.1442683456361268
2022-12-09 00:00:00+00:00,Random Forest,0.1792227529309596
2022-12-10 00:00:00+00:00,Random Forest,0.41463348456119686
2022-12-11 00:00:00+00:00,Random Forest,0.18502633832279608
2022-12-12 00:00:00+00:00,Random Forest,0.2603126356925749
2022-12-13 00:00:00+00:00,Random Forest,0.11539296569691705
2022-12-14 00:00:00+00:00,Random Forest,-0.08174120712114633
2022-12-15 00:00:00+00:00,Random Forest,0.5731654363873208
2022-12-16 00:00:00+00:00,Random Forest,-0.09379070777247069
2022-12-17 00:00:00+00:00,Random Forest,0.06936604429005645
2022-12-18 00:00:00+00:00,Random Forest,0.36745549283543205
2022-12-19 00:00:00+00:00,Random Forest,-0.18920972644376902
2022-12-20 00:00:00+00:00,Random Forest,0.43150238818931824
2022-12-21 00:00:00+00:00,Random Forest,-0.03582283977420755
2022-12-22 00:00:00+00:00,Random Forest,0.01801997394702562
2022-12-23 00:00:00+00:00,Random Forest,0.2159140251845419
2022-12-24 00:00:00+00:00,Random Forest,0.43621756852449944
2022-12-25 00:00:00+00:00,Random Forest,-0.04635258358662614
2022-12-26 00:00:00+00:00,Random Forest,-0.13732088580112894
2022-12-27 00:00:00+00:00,Random Forest,0.5793530178028659
2022-12-28 00:00:00+00:00,Random Forest,0.07392531480677378
2022-12-29 00:00:00+00:00,Random Forest,0.27627008250108553
2022-12-30 00:00:00+00:00,Random Forest,-0.19409465914025184
2022-12-31 00:00:00+00:00,Random Forest,-0.28137212331741207
2023-01-01 00:00:00+00:00,Random Forest,-0.2968953538862353
2023-01-02 00:00:00+00:00,Random Forest,-0.022362136343899264
2023-01-03 00:00:00+00:00,Random Forest,0.07012592270950933
2023-01-04 00:00:00+00:00,Random Forest,0.06605693817397258
2023-01-05 00:00:00+00:00,Random Forest,0.12874511506730352
2023-01-06 00:00:00+00:00,Random Forest,0.15219279201042119
2023-01-07 00:00:00+00:00,Random Forest,-0.2962440295267043
2023-01-08 00:00:00+00:00,Random Forest,-0.39389909640798615
2023-01-09 00:00:00+00:00,Random Forest,0.158547507318138
2023-01-10 00:00:00+00:00,Random Forest,0.4344994166661057
2023-01-11 00:00:00+00:00,Random Forest,0.07342738205365404
2023-01-12 00:00:00+00:00,Random Forest,-0.016247000671702014
2023-01-13 00:00:00+00:00,Random Forest,-0.14377917808704213
2023-01-14 00:00:00+00:00,Random Forest,0.17205818497611808
2023-01-15 00:00:00+00:00,Random Forest,0.23143725575336518
2023-01-16 00:00:00+00:00,Random Forest,0.071734693877551
2023-01-17 00:00:00+00:00,Random Forest,-0.032220888355342134
2023-01-18 00:00:00+00:00,Random Forest,-0.06064825930372149
2023-01-19 00:00:00+00:00,Random Forest,0.003217286914765906
2023-01-20 00:00:00+00:00,Random Forest,0.1505402160864346
2023-01-21 00:00:00+00:00,Random Forest,-0.18252100840336133
2023-01-22 00:00:00+00:00,Random Forest,0.13690276110444177
2023-01-23 00:00:00+00:00,Random Forest,0.40030612244897956
2023-01-24 00:00:00+00:00,Random Forest,0.0224706904038211
2023-01-25 00:00:00+00:00,Random Forest,0.021819366044290054
2023-01-26 00:00:00+00:00,Random Forest,0.09237950499348675
2023-01-27 00:00:00+00:00,Random Forest,-0.17216673903603993
2023-01-28 00:00:00+00:00,Random Forest,0.20940078158923142
2023-01-29 00:00:00+00:00,Random Forest,0.2605297438124186
2023-01-30 00:00:00+00:00,Random Forest,-0.12885366912722535
2023-01-31 00:00:00+00:00,Random Forest,0.08478072079895786
2023-02-01 00:00:00+00:00,Random Forest,0.38059053408597476
2023-02-02 00:00:00+00:00,Random Forest,-0.15306122448979592
2023-02-03 00:00:00+00:00,Random Forest,0.20072190416380495
2023-02-04 00:00:00+00:00,Random Forest,0.29461571862787667
2023-02-05 00:00:00+00:00,Random Forest,-0.04255102040816327
2023-02-06 00:00:00+00:00,Random Forest,-0.19357142857142856
2023-02-07 00:00:00+00:00,Random Forest,0.22387755102040813
2023-02-08 00:00:00+00:00,Random Forest,0.373469387755102
2023-02-09 00:00:00+00:00,Random Forest,0.026734693877551015
2023-02-10 00:00:00+00:00,Random Forest,0.05224489795918367
2023-02-11 00:00:00+00:00,Random Forest,0.310204081632653
2023-02-12 00:00:00+00:00,Random Forest,0.11244897959183672
2023-02-13 00:00:00+00:00,Random Forest,-0.007244897959183673
2023-02-14 00:00:00+00:00,Random Forest,-0.08091836734693877
2023-02-15 00:00:00+00:00,Random Forest,-0.0011224489795918367
2023-02-16 00:00:00+00:00,Random Forest,-0.09826530612244896
2023-02-17 00:00:00+00:00,Random Forest,-0.06326530612244897
2023-02-18 00:00:00+00:00,Random Forest,0.03306122448979592
2023-02-19 00:00:00+00:00,Random Forest,-0.03683673469387755
2023-02-20 00:00:00+00:00,Random Forest,0.12995229474368217
2023-02-21 00:00:00+00:00,Random Forest,-0.052653061224489796
2023-02-22 00:00:00+00:00,Random Forest,0.1046938775510204
2023-02-23 00:00:00+00:00,Random Forest,0.22061224489795916
2023-02-24 00:00:00+00:00,Random Forest,-0.07479591836734693
2023-02-25 00:00:00+00:00,Random Forest,-0.011938775510204083
2023-02-26 00:00:00+00:00,Random Forest,0.10183673469387754
2023-02-27 00:00:00+00:00,Random Forest,0.311734693877551
2023-02-28 00:00:00+00:00,Random Forest,-0.12020408163265303
2023-03-01 00:00:00+00:00,Random Forest,0.4937755102040816
2023-03-02 00:00:00+00:00,Random Forest,0.31225286369506666
2023-03-03 00:00:00+00:00,Random Forest,0.29959183673469386
2023-03-04 00:00:00+00:00,Random Forest,0.13846938775510204
2023-03-05 00:00:00+00:00,Random Forest,-0.18795918367346937
2023-03-06 00:00:00+00:00,Random Forest,0.2587755102040816
2023-03-07 00:00:00+00:00,Random Forest,0.5114285714285713
2023-03-08 00:00:00+00:00,Random Forest,-0.008163265306122448
2023-03-09 00:00:00+00:00,Random Forest,0.08642857142857141
2023-03-10 00:00:00+00:00,Random Forest,0.33755102040816315
2023-03-11 00:00:00+00:00,Random Forest,-0.42908163265306115
2023-03-12 00:00:00+00:00,Random Forest,-0.2023049219687875
2023-03-13 00:00:00+00:00,Random Forest,-0.6004801920768308
2023-03-14 00:00:00+00:00,Random Forest,0.28270265111351833
2023-03-15 00:00:00+00:00,Random Forest,-0.2462964297571805
2023-03-16 00:00:00+00:00,Random Forest,-0.18022041350725257
2023-03-17 00:00:00+00:00,Random Forest,0.12672268907563025
2023-03-18 00:00:00+00:00,Random Forest,-0.11375750300120048
2023-03-19 00:00:00+00:00,Random Forest,0.3985714285714286
2023-03-20 00:00:00+00:00,Random Forest,-0.2256422569027611
2023-03-21 00:00:00+00:00,Random Forest,0.03154861944777911
2023-03-22 00:00:00+00:00,Random Forest,0.219015606242497
2023-03-23 00:00:00+00:00,Random Forest,0.3915966386554621
2023-03-24 00:00:00+00:00,Random Forest,0.2512905472644425
2023-03-25 00:00:00+00:00,Random Forest,-0.2680016327695115
2023-03-26 00:00:00+00:00,Random Forest,0.45638919375038745
2023-03-27 00:00:00+00:00,Random Forest,-0.3331632653061224
2023-03-28 00:00:00+00:00,Random Forest,-0.15561621474999238
2023-03-29 00:00:00+00:00,Random Forest,0.2922448979591836
2023-03-30 00:00:00+00:00,Random Forest,0.10052105948762484
2023-03-31 00:00:00+00:00,Random Forest,0.23035171515414676
2023-04-01 00:00:00+00:00,Random Forest,0.38048198002605293
2023-04-02 00:00:00+00:00,Random Forest,0.154363873208858
2023-04-03 00:00:00+00:00,Random Forest,-0.2359965262700825
2023-04-04 00:00:00+00:00,Random Forest,-0.08727746417716022
2023-04-05 00:00:00+00:00,Random Forest,0.23122014763352147
2023-04-06 00:00:00+00:00,Random Forest,0.1683673469387755
2023-04-07 00:00:00+00:00,Random Forest,0.2948328267477204
2023-04-08 00:00:00+00:00,Random Forest,-0.02941815023881893
2023-04-09 00:00:00+00:00,Random Forest,-0.11886669561441597
2023-04-10 00:00:00+00:00,Random Forest,0.22709509335649153
2023-04-11 00:00:00+00:00,Random Forest,0.17260095527572733
2023-04-12 00:00:00+00:00,Random Forest,0.4069691706469822
2023-04-13 00:00:00+00:00,Random Forest,0.08163265306122448
2023-04-14 00:00:00+00:00,Random Forest,0.38189318280503687
2023-04-15 00:00:00+00:00,Random Forest,0.39513677811550146
2023-04-16 00:00:00+00:00,Random Forest,0.2212331741207121
2023-04-17 00:00:00+00:00,Random Forest,0.40371254884932695
2023-04-18 00:00:00+00:00,Random Forest,0.22003907946157186
2023-04-19 00:00:00+00:00,Random Forest,0.19496309161962655
2023-04-20 00:00:00+00:00,Random Forest,0.33923143725575333
2023-04-21 00:00:00+00:00,Random Forest,-0.2851526364477336
2023-04-22 00:00:00+00:00,Random Forest,0.35282146160962075
2023-04-23 00:00:00+00:00,Random Forest,-0.25846438482886214
2023-04-24 00:00:00+00:00,Random Forest,-0.39623805118717237
2023-04-25 00:00:00+00:00,Random Forest,0.0566759173604687
2023-04-26 00:00:00+00:00,Random Forest,-0.26364477335800185
2023-04-27 00:00:00+00:00,Random Forest,0.3033610854147394
2023-04-28 00:00:00+00:00,Random Forest,0.2736355226641998
2023-04-29 00:00:00+00:00,Random Forest,0.37193956213382673
2023-04-30 00:00:00+00:00,Random Forest,0.22109158186864014
2023-05-01 00:00:00+00:00,Random Forest,0.2538159111933395
2023-05-02 00:00:00+00:00,Random Forest,-0.25150323774283073
2023-05-03 00:00:00+00:00,Random Forest,0.47826086956521735
2023-05-04 00:00:00+00:00,Random Forest,0.15679925994449584
2023-05-05 00:00:00+00:00,Random Forest,0.6502081406105458
2023-05-06 00:00:00+00:00,Random Forest,0.22594819611470865
2023-05-07 00:00:00+00:00,Random Forest,0.4664662349676226
2023-05-08 00:00:00+00:00,Random Forest,0.02510098986669384
2023-05-09 00:00:00+00:00,Random Forest,-0.3021276595744681
2023-05-10 00:00:00+00:00,Random Forest,0.7232192414431082
2023-05-11 00:00:00+00:00,Random Forest,-0.18717237126117792
2023-05-12 00:00:00+00:00,Random Forest,0.13154486586493985
2023-05-13 00:00:00+00:00,Random Forest,-0.25007708911501697
2023-05-14 00:00:00+00:00,Random Forest,-0.1325356934238945
2023-05-15 00:00:00+00:00,Random Forest,-0.09369024927881472
2023-05-16 00:00:00+00:00,Random Forest,-0.14239901325932777
2023-05-17 00:00:00+00:00,Random Forest,0.10231267345050879
2023-05-18 00:00:00+00:00,Random Forest,-0.0157844526098742
2023-05-19 00:00:00+00:00,Random Forest,0.006359851988899168
2023-05-20 00:00:00+00:00,Random Forest,0.5766651248843663
2023-05-21 00:00:00+00:00,Random Forest,-0.03341813135985199
2023-05-22 00:00:00+00:00,Random Forest,0.023358001850138765
2023-05-23 00:00:00+00:00,Random Forest,0.1589962997224792
2023-05-24 00:00:00+00:00,Random Forest,0.0938945420906568
2023-05-25 00:00:00+00:00,Random Forest,-0.09053408597481546
2023-05-26 00:00:00+00:00,Random Forest,0.12353452019105515
2023-05-27 00:00:00+00:00,Random Forest,0.007490230134607034
2023-05-28 00:00:00+00:00,Random Forest,0.06776133209990749
2023-05-29 00:00:00+00:00,Random Forest,0.15101757631822385
2023-05-30 00:00:00+00:00,Random Forest,0.3538390379278446
2023-05-31 00:00:00+00:00,Random Forest,-0.1041859389454209
2023-06-01 00:00:00+00:00,Random Forest,0.1880203515263645
2023-06-02 00:00:00+00:00,Random Forest,0.3185322232500771
2023-06-03 00:00:00+00:00,Random Forest,-0.10070921985815603
2023-06-04 00:00:00+00:00,Random Forest,0.6568005637773079
2023-06-05 00:00:00+00:00,Random Forest,-0.4270613107822409
2023-06-06 00:00:00+00:00,Random Forest,0.276814658210007
2023-06-07 00:00:00+00:00,Random Forest,0.13460183227625086
2023-06-08 00:00:00+00:00,Random Forest,0.12741367159971811
2023-06-09 00:00:00+00:00,Random Forest,0.21240310077519378
2023-06-10 00:00:00+00:00,Random Forest,-0.03509513742071881
2023-06-11 00:00:00+00:00,Random Forest,-0.027009222661396572
2023-06-12 00:00:00+00:00,Random Forest,-0.01357048748353096
2023-06-13 00:00:00+00:00,Random Forest,0.1361522198731501
2023-06-14 00:00:00+00:00,Random Forest,-0.23939393939393935
2023-06-15 00:00:00+00:00,Random Forest,-0.11765480895915678
2023-06-16 00:00:00+00:00,Random Forest,0.20421607378129114
2023-06-17 00:00:00+00:00,Random Forest,0.3478260869565217
2023-06-18 00:00:00+00:00,Random Forest,-0.10382081686429512
2023-06-19 00:00:00+00:00,Random Forest,-0.3613965744400527
2023-06-20 00:00:00+00:00,Random Forest,-0.2299722479185939
2023-06-21 00:00:00+00:00,Random Forest,0.24098057354301575
2023-06-22 00:00:00+00:00,Random Forest,0.18403631009974203
2023-06-23 00:00:00+00:00,Random Forest,0.024730188097440643
2023-06-24 00:00:00+00:00,Random Forest,-0.04804193647856922
2023-06-25 00:00:00+00:00,Random Forest,0.2763490595127968
2023-06-26 00:00:00+00:00,Random Forest,-0.08082793709528216
2023-06-27 00:00:00+00:00,Random Forest,0.4697039777983349
2023-06-28 00:00:00+00:00,Random Forest,0.054925994449583716
2023-06-29 00:00:00+00:00,Random Forest,0.09840425531914894
2023-06-30 00:00:00+00:00,Random Forest,-0.07897779833487512
2023-07-01 00:00:00+00:00,Random Forest,0.3003006475485661
2023-07-02 00:00:00+00:00,Random Forest,-0.10048566142460685
2023-07-03 00:00:00+00:00,Random Forest,0.3564986123959297
2023-07-04 00:00:00+00:00,Random Forest,0.07331174838112858
2023-07-05 00:00:00+00:00,Random Forest,-0.015379278445883443
2023-07-06 00:00:00+00:00,Random Forest,0.10372340425531915
2023-07-07 00:00:00+00:00,Random Forest,0.2871184088806661
2023-07-08 00:00:00+00:00,Random Forest,-0.026133209990749307
2023-07-09 00:00:00+00:00,Random Forest,0.20975948196114708
2023-07-10 00:00:00+00:00,Random Forest,0.1490518038852914
2023-07-11 00:00:00+00:00,Random Forest,0.007631822386679
2023-07-12 00:00:00+00:00,Random Forest,0.49653098982423677
2023-07-13 00:00:00+00:00,Random Forest,0.20559666975023128
2023-07-14 00:00:00+00:00,Random Forest,0.22375115633672524
2023-07-15 00:00:00+00:00,Random Forest,-0.2629509713228492
2023-07-16 00:00:00+00:00,Random Forest,0.08649398704902868
2023-07-17 00:00:00+00:00,Random Forest,-0.02983348751156337
2023-07-18 00:00:00+00:00,Random Forest,-0.1238436632747456
2023-07-19 00:00:00+00:00,Random Forest,0.29568384852343094
2023-07-20 00:00:00+00:00,Random Forest,0.1498612395929695
2023-07-21 00:00:00+00:00,Random Forest,0.268154486586494
2023-07-22 00:00:00+00:00,Random Forest,0.29451896392229415
2023-07-23 00:00:00+00:00,Random Forest,0.3198427382053654
2023-07-24 00:00:00+00:00,Random Forest,-0.026827012025901948
2023-07-25 00:00:00+00:00,Random Forest,-0.0049722479185938945
2023-07-26 00:00:00+00:00,Random Forest,-0.04821924144310824
2023-07-27 00:00:00+00:00,Random Forest,-0.08412939643942684
2023-07-28 00:00:00+00:00,Random Forest,0.18004162812210917
2023-07-29 00:00:00+00:00,Random Forest,0.10938945420906568
2023-07-30 00:00:00+00:00,Random Forest,0.23901480111008325
2023-07-31 00:00:00+00:00,Random Forest,0.19784921369102684
2023-08-01 00:00:00+00:00,Random Forest,0.07077724706904039
2023-08-02 00:00:00+00:00,Random Forest,0.3684324793747286
2023-08-03 00:00:00+00:00,Random Forest,0.3392857142857142
2023-08-04 00:00:00+00:00,Random Forest,0.16612244897959183
2023-08-05 00:00:00+00:00,Random Forest,-0.03540906656934252
2023-08-06 00:00:00+00:00,Random Forest,0.3329591836734693
2023-08-07 00:00:00+00:00,Random Forest,0.3402637823500653
2023-08-08 00:00:00+00:00,Random Forest,-0.06699150490712787
2023-08-09 00:00:00+00:00,Random Forest,0.3632653061224489
2023-08-10 00:00:00+00:00,Random Forest,0.03318206920690422
2023-08-11 00:00:00+00:00,Random Forest,0.272124849939976
2023-08-12 00:00:00+00:00,Random Forest,-0.03932773109243697
2023-08-13 00:00:00+00:00,Random Forest,-0.14972748449656637
2023-08-14 00:00:00+00:00,Random Forest,0.5166386554621848
2023-08-15 00:00:00+00:00,Random Forest,0.13056422569027612
2023-08-16 00:00:00+00:00,Random Forest,0.1896278511404562
2023-08-17 00:00:00+00:00,Random Forest,-0.24724489795918367
2023-08-18 00:00:00+00:00,Random Forest,0.07887755102040815
2023-08-19 00:00:00+00:00,Random Forest,0.28714285714285714
2023-08-20 00:00:00+00:00,Random Forest,0.5707142857142856
2023-08-21 00:00:00+00:00,Random Forest,0.01836734693877551
2023-08-22 00:00:00+00:00,Random Forest,0.017040816326530612
2023-08-23 00:00:00+00:00,Random Forest,0.264329135909683
2023-08-24 00:00:00+00:00,Random Forest,0.32142857142857145
2023-08-25 00:00:00+00:00,Random Forest,-0.20071645679548417
2023-08-26 00:00:00+00:00,Random Forest,0.022687798523664784
2023-08-27 00:00:00+00:00,Random Forest,0.07620495006513242
2023-08-28 00:00:00+00:00,Random Forest,-0.014329135909683021
2023-08-29 00:00:00+00:00,Random Forest,0.08315240990013026
2023-08-30 00:00:00+00:00,Random Forest,-0.026704298740772906
2023-08-31 00:00:00+00:00,Random Forest,0.03962223187147199
2023-09-01 00:00:00+00:00,Random Forest,0.1856867588275762
2023-09-02 00:00:00+00:00,Random Forest,0.11528441163699521
2023-09-03 00:00:00+00:00,Random Forest,0.19876248371689104
2023-09-04 00:00:00+00:00,Random Forest,0.00825010855405992
2023-09-05 00:00:00+00:00,Random Forest,0.1001953973078593
2023-09-06 00:00:00+00:00,Random Forest,0.05579678679982631
2023-09-07 00:00:00+00:00,Random Forest,0.20446712087210744
2023-09-08 00:00:00+00:00,Random Forest,-0.09542160830718474
2023-09-09 00:00:00+00:00,Random Forest,0.13699522362136343
2023-09-10 00:00:00+00:00,Random Forest,0.32099435518888403
2023-09-11 00:00:00+00:00,Random Forest,0.022145629231701575
2023-09-12 00:00:00+00:00,Random Forest,-0.012483716891011723
2023-09-13 00:00:00+00:00,Random Forest,-0.13276161528441163
2023-09-14 00:00:00+00:00,Random Forest,0.02793709528214616
2023-09-15 00:00:00+00:00,Random Forest,0.3113783533765032
2023-09-16 00:00:00+00:00,Random Forest,0.3806968855997533
2023-09-17 00:00:00+00:00,Random Forest,-0.0699969164353993
2023-09-18 00:00:00+00:00,Random Forest,-0.3602220166512488
2023-09-19 00:00:00+00:00,Random Forest,-0.07012025901942645
2023-09-20 00:00:00+00:00,Random Forest,0.25414739438791245
2023-09-21 00:00:00+00:00,Random Forest,-0.2848948396437427
2023-09-22 00:00:00+00:00,Random Forest,0.41609620721554114
2023-09-23 00:00:00+00:00,Random Forest,0.16632747456059202
2023-09-24 00:00:00+00:00,Random Forest,0.20172679617637992
2023-09-25 00:00:00+00:00,Random Forest,-0.07801418439716312
2023-09-26 00:00:00+00:00,Random Forest,0.08560239296061684
2023-09-27 00:00:00+00:00,Random Forest,0.017206290471785384
2023-09-28 00:00:00+00:00,Random Forest,0.05618254702436015
2023-09-29 00:00:00+00:00,Random Forest,0.150786308973173
2023-09-30 00:00:00+00:00,Random Forest,-0.03385753931544866
2023-10-01 00:00:00+00:00,Random Forest,0.07850755473327167
2023-10-02 00:00:00+00:00,Random Forest,0.34146623496762263
2023-10-03 00:00:00+00:00,Random Forest,0.19842738205365404
2023-10-04 00:00:00+00:00,Random Forest,0.15309898242368178
2023-10-05 00:00:00+00:00,Random Forest,-0.058279370952821465
2023-10-06 00:00:00+00:00,Random Forest,0.25267507489888125
2023-10-07 00:00:00+00:00,Random Forest,0.49885908109774896
2023-10-08 00:00:00+00:00,Random Forest,0.0646931853222325
2023-10-09 00:00:00+00:00,Random Forest,0.2715386987357385
2023-10-10 00:00:00+00:00,Random Forest,0.23194572926302806
2023-10-11 00:00:00+00:00,Random Forest,-0.1263644773358002
2023-10-12 00:00:00+00:00,Random Forest,0.09774899784150477
2023-10-13 00:00:00+00:00,Random Forest,0.09984582176996609
2023-10-14 00:00:00+00:00,Random Forest,-0.19729254688833806
2023-10-15 00:00:00+00:00,Random Forest,0.1518963922294172
2023-10-16 00:00:00+00:00,Random Forest,0.3987049028677151
2023-10-17 00:00:00+00:00,Random Forest,0.4037927844588345
2023-10-18 00:00:00+00:00,Random Forest,0.28850601295097134
2023-10-19 00:00:00+00:00,Random Forest,-0.2672294172062905
2023-10-20 00:00:00+00:00,Random Forest,0.14269195189639222
2023-10-21 00:00:00+00:00,Random Forest,-0.29047178538390384
2023-10-22 00:00:00+00:00,Random Forest,0.3177921677459143
2023-10-23 00:00:00+00:00,Random Forest,-0.13499845821769965
2023-10-24 00:00:00+00:00,Random Forest,-0.16500217108119844
2023-10-25 00:00:00+00:00,Random Forest,0.020625271385149805
2023-10-26 00:00:00+00:00,Random Forest,0.5489578810247503
2023-10-27 00:00:00+00:00,Random Forest,-0.15295267042987407
2023-10-28 00:00:00+00:00,Random Forest,0.3381458966565349
2023-10-29 00:00:00+00:00,Random Forest,-0.20071645679548417
2023-10-30 00:00:00+00:00,Random Forest,0.18030829353017805
2023-10-31 00:00:00+00:00,Random Forest,0.38558402084237947
2023-11-01 00:00:00+00:00,Random Forest,0.3048198002605297
2023-11-02 00:00:00+00:00,Random Forest,0.06697785497177594
2023-11-03 00:00:00+00:00,Random Forest,-0.23491098567086408
2023-11-04 00:00:00+00:00,Random Forest,0.25564481111593573
2023-11-05 00:00:00+00:00,Random Forest,0.13526202952304
2023-11-06 00:00:00+00:00,Random Forest,0.08738601823708206
2023-11-07 00:00:00+00:00,Random Forest,-0.2605297438124186
2023-11-08 00:00:00+00:00,Random Forest,0.15523230568823274
2023-11-09 00:00:00+00:00,Random Forest,-0.03115501519756839
2023-11-10 00:00:00+00:00,Random Forest,0.31209528214616095
2023-11-11 00:00:00+00:00,Random Forest,0.06695189639222943
2023-11-12 00:00:00+00:00,Random Forest,0.06753006475485662
2023-11-13 00:00:00+00:00,Random Forest,0.01693443334780721
2023-11-14 00:00:00+00:00,Random Forest,-0.1337386018237082
2023-11-15 00:00:00+00:00,Random Forest,0.24620060790273554
2023-11-16 00:00:00+00:00,Random Forest,-0.0943334780720799
2023-11-17 00:00:00+00:00,Random Forest,-0.025618758141554492
2023-11-18 00:00:00+00:00,Random Forest,0.05568823273990447
2023-11-19 00:00:00+00:00,Random Forest,0.05026189379547956
2023-11-20 00:00:00+00:00,Random Forest,0.13905775075987842
2023-11-21 00:00:00+00:00,Random Forest,-0.22242726877985236
2023-11-22 00:00:00+00:00,Random Forest,-0.19572297003907946
2023-11-23 00:00:00+00:00,Random Forest,-0.0243161094224924
2023-11-24 00:00:00+00:00,Random Forest,0.02833260963960052
2023-11-25 00:00:00+00:00,Random Forest,-0.0035822839774207554
2023-11-26 00:00:00+00:00,Random Forest,0.0898827616152844
2023-11-27 00:00:00+00:00,Random Forest,0.029092488059053408
2023-11-28 00:00:00+00:00,Random Forest,0.17759444203213198
2023-11-29 00:00:00+00:00,Random Forest,0.07522796352583586
2023-11-30 00:00:00+00:00,Random Forest,0.1070767807585569
2023-12-01 00:00:00+00:00,Random Forest,-0.040124884366327475
2023-12-02 00:00:00+00:00,Random Forest,0.13297872340425532
2023-12-03 00:00:00+00:00,Random Forest,-0.23589269195189635
2023-12-04 00:00:00+00:00,Random Forest,0.14239901325932777
2023-12-05 00:00:00+00:00,Random Forest,0.5816398904982546
2023-12-06 00:00:00+00:00,Random Forest,0.17434474252235585
2023-12-07 00:00:00+00:00,Random Forest,0.33043478260869563
2023-12-08 00:00:00+00:00,Random Forest,0.28735177865612643
2023-12-09 00:00:00+00:00,Random Forest,-0.15138339920948615
2023-12-10 00:00:00+00:00,Random Forest,0.1681159420289855
2023-12-11 00:00:00+00:00,Random Forest,-0.24466403162055333
2023-12-12 00:00:00+00:00,Random Forest,0.03965744400527008
2023-12-13 00:00:00+00:00,Random Forest,-0.06666666666666667
2023-12-14 00:00:00+00:00,Random Forest,0.29866102889358703
2023-12-15 00:00:00+00:00,Random Forest,-0.13474277660324172
2023-12-16 00:00:00+00:00,Random Forest,-0.015644820295983086
2023-12-17 00:00:00+00:00,Random Forest,0.22353770260747002
2023-12-18 00:00:00+00:00,Random Forest,-0.12233967582804792
2023-12-19 00:00:00+00:00,Random Forest,0.06956521739130433
2023-12-20 00:00:00+00:00,Random Forest,-0.03227931488801054
2023-12-21 00:00:00+00:00,Random Forest,0.002898550724637681
2023-12-22 00:00:00+00:00,Random Forest,0.3142152328091274
2023-12-23 00:00:00+00:00,Random Forest,0.11218008017267961
2023-12-24 00:00:00+00:00,Random Forest,0.057575757575757565
2023-12-25 00:00:00+00:00,Random Forest,-0.08880105401844532
2023-12-26 00:00:00+00:00,Random Forest,0.2681159420289855
2023-12-27 00:00:00+00:00,Random Forest,0.32819499341238473
2023-12-28 00:00:00+00:00,Random Forest,0.1349143610013175
2023-12-29 00:00:00+00:00,Random Forest,0.18300395256916993
2023-12-30 00:00:00+00:00,Random Forest,0.24519104084321472
2023-12-31 00:00:00+00:00,Random Forest,0.09104084321475625
2024-01-01 00:00:00+00:00,Random Forest,0.2176548089591568
2024-01-02 00:00:00+00:00,Random Forest,0.2322793148880105
2024-01-03 00:00:00+00:00,Random Forest,-0.10131752305665347
2024-01-04 00:00:00+00:00,Random Forest,0.32889300030835644
2024-01-05 00:00:00+00:00,Random Forest,0.2587615283267457
2024-01-06 00:00:00+00:00,Random Forest,0.31660079051383394
2024-01-07 00:00:00+00:00,Random Forest,-0.13162055335968378
2024-01-08 00:00:00+00:00,Random Forest,0.5049028677150786
2024-01-09 00:00:00+00:00,Random Forest,0.026482213438735174
2024-01-10 00:00:00+00:00,Random Forest,0.05260561208757323
2024-01-11 00:00:00+00:00,Random Forest,0.20826395312981807
2024-01-12 00:00:00+00:00,Random Forest,0.0975023126734505
2024-01-13 00:00:00+00:00,Random Forest,0.08735177865612648
2024-01-14 00:00:00+00:00,Random Forest,0.1281183932346723
2024-01-15 00:00:00+00:00,Random Forest,-0.034744000867266034
2024-01-16 00:00:00+00:00,Random Forest,-0.11148696264975334
2024-01-17 00:00:00+00:00,Random Forest,0.3588039867109635
2024-01-18 00:00:00+00:00,Random Forest,0.24630021141649047
2024-01-19 00:00:00+00:00,Random Forest,0.21232256115977047
2024-01-20 00:00:00+00:00,Random Forest,0.5176683781334944
2024-01-21 00:00:00+00:00,Random Forest,0.25537055932422237
2024-01-22 00:00:00+00:00,Random Forest,-0.11054062216852915
2024-01-23 00:00:00+00:00,Random Forest,0.005436424041075204
2024-01-24 00:00:00+00:00,Random Forest,0.13923286016309272
2024-01-25 00:00:00+00:00,Random Forest,-0.33147085472666865
2024-01-26 00:00:00+00:00,Random Forest,-0.10767139836907279
2024-01-27 00:00:00+00:00,Random Forest,0.14617940199335547
2024-01-28 00:00:00+00:00,Random Forest,-0.13923286016309272
2024-01-29 00:00:00+00:00,Random Forest,-0.10317124735729385
2024-01-30 00:00:00+00:00,Random Forest,0.2535588442565187
2024-01-31 00:00:00+00:00,Random Forest,0.2961240310077519
2024-02-01 00:00:00+00:00,Random Forest,0.018972332015810275
2024-02-02 00:00:00+00:00,Random Forest,0.2376811594202898
2024-02-03 00:00:00+00:00,Random Forest,0.200845665961945
2024-02-04 00:00:00+00:00,Random Forest,-0.2125440451021846
2024-02-05 00:00:00+00:00,Random Forest,0.15678524374176547
2024-02-06 00:00:00+00:00,Random Forest,0.048616600790513824
2024-02-07 00:00:00+00:00,Random Forest,0.13122529644268774
2024-02-08 00:00:00+00:00,Random Forest,-0.37871740662438336
2024-02-09 00:00:00+00:00,Random Forest,-0.034108527131782945
2024-02-10 00:00:00+00:00,Random Forest,0.17688513037350248
2024-02-11 00:00:00+00:00,Random Forest,-0.23255813953488372
2024-02-12 00:00:00+00:00,Random Forest,0.1950669485553206
2024-02-13 00:00:00+00:00,Random Forest,0.1981677237491191
2024-02-14 00:00:00+00:00,Random Forest,0.18407329105003523
2024-02-15 00:00:00+00:00,Random Forest,0.10458069062720224
2024-02-16 00:00:00+00:00,Random Forest,0.18308668076109932
2024-02-17 00:00:00+00:00,Random Forest,-0.33902144367260645
2024-02-18 00:00:00+00:00,Random Forest,-0.09075807913017214
2024-02-19 00:00:00+00:00,Random Forest,0.5225007550588946
2024-02-20 00:00:00+00:00,Random Forest,0.12413168227121715
2024-02-21 00:00:00+00:00,Random Forest,0.09906372697070372
2024-02-22 00:00:00+00:00,Random Forest,0.1413702239789196
2024-02-23 00:00:00+00:00,Random Forest,-0.4209486166007904
2024-02-24 00:00:00+00:00,Random Forest,0.1976039464411557
2024-02-25 00:00:00+00:00,Random Forest,0.4026350461133069
2024-02-26 00:00:00+00:00,Random Forest,0.21212121212121213
2024-02-27 00:00:00+00:00,Random Forest,-0.066798418972332
2024-02-28 00:00:00+00:00,Random Forest,0.16429512516469036
2024-02-29 00:00:00+00:00,Random Forest,-0.3076416337285902
2024-03-01 00:00:00+00:00,Random Forest,-0.14176548089591567
2024-03-02 00:00:00+00:00,Random Forest,0.02371541501976284
2024-03-03 00:00:00+00:00,Random Forest,0.29372797744890766
2024-03-04 00:00:00+00:00,Random Forest,0.25976039464411554
2024-03-05 00:00:00+00:00,Random Forest,0.3062720225510923
2024-03-06 00:00:00+00:00,Random Forest,0.16617336152219875
2024-03-07 00:00:00+00:00,Random Forest,-0.16369676834793112
2024-03-08 00:00:00+00:00,Random Forest,-0.13304137722742373
2024-03-09 00:00:00+00:00,Random Forest,0.13121916842847076
2024-03-10 00:00:00+00:00,Random Forest,-0.19591261451726566
2024-03-11 00:00:00+00:00,Random Forest,0.24031007751937983
2024-03-12 00:00:00+00:00,Random Forest,0.31159420289855067
2024-03-13 00:00:00+00:00,Random Forest,-0.10382081686429512
2024-03-14 00:00:00+00:00,Random Forest,0.1831020659882824
2024-03-15 00:00:00+00:00,Random Forest,0.433240826395313
2024-03-16 00:00:00+00:00,Random Forest,0.17570151094665432
2024-03-17 00:00:00+00:00,Random Forest,0.6213438735177865
2024-03-18 00:00:00+00:00,Random Forest,-0.08194993412384716
2024-03-19 00:00:00+00:00,Random Forest,-0.3068511198945981
2024-03-20 00:00:00+00:00,Random Forest,0.1749119097956307
2024-03-21 00:00:00+00:00,Random Forest,0.09891271519178495
2024-03-22 00:00:00+00:00,Random Forest,-0.1961643008154636
2024-03-23 00:00:00+00:00,Random Forest,-0.08562367864693446
2024-03-24 00:00:00+00:00,Random Forest,0.11656095842142354
2024-03-25 00:00:00+00:00,Random Forest,0.07878787878787878
2024-03-26 00:00:00+00:00,Random Forest,0.2849894291754757
2024-03-27 00:00:00+00:00,Random Forest,-0.03551797040169133
2024-03-28 00:00:00+00:00,Random Forest,0.5037350246652572
2024-03-29 00:00:00+00:00,Random Forest,-0.22015810276679837
2024-03-30 00:00:00+00:00,Random Forest,-0.2589147286821705
2024-03-31 00:00:00+00:00,Random Forest,0.5004933051444679
2024-04-01 00:00:00+00:00,Random Forest,0.22160737812911724
2024-04-02 00:00:00+00:00,Random Forest,0.35928853754940704
2024-04-03 00:00:00+00:00,Random Forest,0.039901325932778293
2024-04-04 00:00:00+00:00,Random Forest,0.03610013175230566
2024-04-05 00:00:00+00:00,Random Forest,0.18326745718050064
2024-04-06 00:00:00+00:00,Random Forest,-0.6948616600790514
2024-04-07 00:00:00+00:00,Random Forest,-0.30035236081747707
2024-04-08 00:00:00+00:00,Random Forest,0.2333333333333333
2024-04-09 00:00:00+00:00,Random Forest,-0.13926218708827404
2024-04-10 00:00:00+00:00,Random Forest,0.11725955204216072
2024-04-11 00:00:00+00:00,Random Forest,0.5519104084321474
2024-04-12 00:00:00+00:00,Random Forest,0.4035573122529644
2024-04-13 00:00:00+00:00,Random Forest,-0.14479578392621867
2024-04-14 00:00:00+00:00,Random Forest,0.039130434782608685
2024-04-15 00:00:00+00:00,Random Forest,-0.07075405214940098
2024-04-16 00:00:00+00:00,Random Forest,0.3054263565891473
2024-04-17 00:00:00+00:00,Random Forest,-0.03095741467834491
2024-04-18 00:00:00+00:00,Random Forest,-0.23421926910298999
2024-04-19 00:00:00+00:00,Random Forest,-0.3743581999395953
2024-04-20 00:00:00+00:00,Random Forest,0.039112050739957716
2024-04-21 00:00:00+00:00,Random Forest,0.032769556025369975
2024-04-22 00:00:00+00:00,Random Forest,0.22621564482029596
2024-04-23 00:00:00+00:00,Random Forest,0.4101479915433403
2024-04-24 00:00:00+00:00,Random Forest,0.16124031007751938
2024-04-25 00:00:00+00:00,Random Forest,0.5492600422832981
2024-04-26 00:00:00+00:00,Random Forest,0.2577871740662438
2024-04-27 00:00:00+00:00,Random Forest,0.08738548273431994
2024-04-28 00:00:00+00:00,Random Forest,-0.2219873150105708
2024-04-29 00:00:00+00:00,Random Forest,0.3137420718816067
2024-04-30 00:00:00+00:00,Random Forest,-0.3361522198731501
2024-05-01 00:00:00+00:00,Random Forest,-0.21451726568005636
2024-05-02 00:00:00+00:00,Random Forest,-0.29039565086076713
2024-05-03 00:00:00+00:00,Random Forest,-0.038327526132404185
2024-05-04 00:00:00+00:00,Random Forest,0.12681306215055507
2024-05-05 00:00:00+00:00,Random Forest,0.030386516489749615
2024-05-06 00:00:00+00:00,Random Forest,0.2789187556629417
2024-05-07 00:00:00+00:00,Random Forest,-0.19133192389006343
2024-05-08 00:00:00+00:00,Random Forest,-0.27850255246738514
2024-05-09 00:00:00+00:00,Random Forest,0.186411149825784
2024-05-10 00:00:00+00:00,Random Forest,0.09651567944250873
2024-05-11 00:00:00+00:00,Random Forest,-0.043205574912891995
2024-05-12 00:00:00+00:00,Random Forest,0.28501742160278754
2024-05-13 00:00:00+00:00,Random Forest,-0.058885017421602806
2024-05-14 00:00:00+00:00,Random Forest,-0.3263066202090593
2024-05-15 00:00:00+00:00,Random Forest,0.15296167247386763
2024-05-16 00:00:00+00:00,Random Forest,-0.26498257839721256
2024-05-17 00:00:00+00:00,Random Forest,-0.16655052264808368
2024-05-18 00:00:00+00:00,Random Forest,0.28832752613240425
2024-05-19 00:00:00+00:00,Random Forest,-0.00818815331010453
2024-05-20 00:00:00+00:00,Random Forest,-0.3930799773114011
2024-05-21 00:00:00+00:00,Random Forest,0.21562272101126329
2024-05-22 00:00:00+00:00,Random Forest,-0.031034762174864273
2024-05-23 00:00:00+00:00,Random Forest,0.27963698241633583
2024-05-24 00:00:00+00:00,Random Forest,-0.21081244337058289
2024-05-25 00:00:00+00:00,Random Forest,0.11220175173663545
2024-05-26 00:00:00+00:00,Random Forest,-0.22591362126245848
2024-05-27 00:00:00+00:00,Random Forest,-0.009211718514044096
2024-05-28 00:00:00+00:00,Random Forest,0.43359533263106725
2024-05-29 00:00:00+00:00,Random Forest,0.14042622153796291
2024-05-30 00:00:00+00:00,Random Forest,-0.239445749939227
2024-05-31 00:00:00+00:00,Random Forest,0.14690867838910945
2024-06-01 00:00:00+00:00,Random Forest,0.1216270966696378
2024-06-02 00:00:00+00:00,Random Forest,0.2178915809091646
2024-06-03 00:00:00+00:00,Random Forest,0.11303784134186856
2024-06-04 00:00:00+00:00,Random Forest,-0.3047565027145288
2024-06-05 00:00:00+00:00,Random Forest,0.16143159166414983
2024-06-06 00:00:00+00:00,Random Forest,0.31485955904560553
2024-06-07 00:00:00+00:00,Random Forest,0.19329507701600726
2024-06-08 00:00:00+00:00,Random Forest,-0.08622772576260948
2024-06-09 00:00:00+00:00,Random Forest,0.27604953186348535
2024-06-10 00:00:00+00:00,Random Forest,0.2707641196013289
2024-06-11 00:00:00+00:00,Random Forest,-0.15743481324876674
2024-06-12 00:00:00+00:00,Random Forest,0.46043491392328595
2024-06-13 00:00:00+00:00,Random Forest,0.23633343400785262
2024-06-14 00:00:00+00:00,Random Forest,-0.04411712889028101
2024-06-15 00:00:00+00:00,Random Forest,-0.16505587435819996
2024-06-16 00:00:00+00:00,Random Forest,0.5692741367159971
2024-06-17 00:00:00+00:00,Random Forest,0.11416490486257928
2024-06-18 00:00:00+00:00,Random Forest,-0.04792107117688513
2024-06-19 00:00:00+00:00,Random Forest,-0.05969202583077957
2024-06-20 00:00:00+00:00,Random Forest,0.10993657505285413
2024-06-21 00:00:00+00:00,Random Forest,0.13192389006342492
2024-06-22 00:00:00+00:00,Random Forest,0.33671599718111345
2024-06-23 00:00:00+00:00,Random Forest,-0.43594080338266383
2024-06-24 00:00:00+00:00,Random Forest,-0.11698379140239604
2024-06-25 00:00:00+00:00,Random Forest,0.45976039464411556
2024-06-26 00:00:00+00:00,Random Forest,0.08682476943346508
2024-06-27 00:00:00+00:00,Random Forest,0.3162055335968379
2024-06-28 00:00:00+00:00,Random Forest,-0.06728337958680235
2024-06-29 00:00:00+00:00,Random Forest,-0.10909651557200123
2024-06-30 00:00:00+00:00,Random Forest,0.26549491211840887
2024-07-01 00:00:00+00:00,Random Forest,0.1956521739130435
2024-07-02 00:00:00+00:00,Random Forest,0.32294832826747716
2024-07-03 00:00:00+00:00,Random Forest,0.19079555966697503
2024-07-04 00:00:00+00:00,Random Forest,0.2930157261794635
2024-07-05 00:00:00+00:00,Random Forest,-0.4485430157261795
2024-07-06 00:00:00+00:00,Random Forest,0.3908418131359852
2024-07-07 00:00:00+00:00,Random Forest,-0.18501387604070305
2024-07-08 00:00:00+00:00,Random Forest,-0.31591119333950046
2024-07-09 00:00:00+00:00,Random Forest,0.03943108233117484
2024-07-10 00:00:00+00:00,Random Forest,0.4257490230134607
2024-07-11 00:00:00+00:00,Random Forest,0.11655874190564293
2024-07-12 00:00:00+00:00,Random Forest,0.4384828862164663
2024-07-13 00:00:00+00:00,Random Forest,-0.42541628122109165
2024-07-14 00:00:00+00:00,Random Forest,-0.6248843663274746
2024-07-15 00:00:00+00:00,Random Forest,-0.16975023126734506
2024-07-16 00:00:00+00:00,Random Forest,0.2584412580943571
2024-07-17 00:00:00+00:00,Random Forest,0.14794942954054885
2024-07-18 00:00:00+00:00,Random Forest,-0.04779525131051495
2024-07-19 00:00:00+00:00,Random Forest,0.11908726487819919
2024-07-20 00:00:00+00:00,Random Forest,-0.1689922480620155
2024-07-21 00:00:00+00:00,Random Forest,0.23199436222692035
2024-07-22 00:00:00+00:00,Random Forest,-0.015644820295983086
2024-07-23 00:00:00+00:00,Random Forest,0.3312191684284707
2024-07-24 00:00:00+00:00,Random Forest,0.42297392529950667
2024-07-25 00:00:00+00:00,Random Forest,-0.43143058491895697
2024-07-26 00:00:00+00:00,Random Forest,0.21761804087385483
2024-07-27 00:00:00+00:00,Random Forest,0.23424947145877376
2024-07-28 00:00:00+00:00,Random Forest,0.03805496828752642
2024-07-29 00:00:00+00:00,Random Forest,0.28188865398167723
2024-07-30 00:00:00+00:00,Random Forest,0.3357293868921776
2024-07-31 00:00:00+00:00,Random Forest,0.03354474982381959
2024-08-01 00:00:00+00:00,Random Forest,0.2343873517786561
2024-08-02 00:00:00+00:00,Random Forest,0.47694334650856385
2024-08-03 00:00:00+00:00,Random Forest,0.2263504611330698
2024-08-04 00:00:00+00:00,Random Forest,0.41462450592885375
2024-08-05 00:00:00+00:00,Random Forest,-0.3330698287220026
2024-08-06 00:00:00+00:00,Random Forest,0.12608695652173912
2024-08-07 00:00:00+00:00,Random Forest,-0.355781683626272
2024-08-08 00:00:00+00:00,Random Forest,-0.01436941103916127
2024-08-09 00:00:00+00:00,Random Forest,-0.00795559666975023
2024-08-10 00:00:00+00:00,Random Forest,0.486154794942954
2024-08-11 00:00:00+00:00,Random Forest,-0.21652790625963614
2024-08-12 00:00:00+00:00,Random Forest,0.10625963613937711
2024-08-13 00:00:00+00:00,Random Forest,0.5940795559666974
2024-08-14 00:00:00+00:00,Random Forest,0.5001156336725254
2024-08-15 00:00:00+00:00,Random Forest,0.4860083256244218
2024-08-16 00:00:00+00:00,Random Forest,-0.07273358001850139
2024-08-17 00:00:00+00:00,Random Forest,0.1238436632747456
2024-08-18 00:00:00+00:00,Random Forest,0.10233580018501388
2024-08-19 00:00:00+00:00,Random Forest,0.09306197964847363
2024-08-20 00:00:00+00:00,Random Forest,-0.06691335183472093
2024-08-21 00:00:00+00:00,Random Forest,-0.42325007708911505
2024-08-22 00:00:00+00:00,Random Forest,-0.36355226641998145
2024-08-23 00:00:00+00:00,Random Forest,-0.39315448658649405
2024-08-24 00:00:00+00:00,Random Forest,0.17582485353068147
2024-08-25 00:00:00+00:00,Random Forest,0.41146245059288533
2024-08-26 00:00:00+00:00,Random Forest,0.19143610013175227
2024-08-27 00:00:00+00:00,Random Forest,0.13610013175230565
2024-08-28 00:00:00+00:00,Random Forest,0.32112241751464693
2024-08-29 00:00:00+00:00,Random Forest,-0.06506321307431391
2024-08-30 00:00:00+00:00,Random Forest,0.3714461917977182
2024-08-31 00:00:00+00:00,Random Forest,0.40724637681159415
2024-09-01 00:00:00+00:00,Random Forest,-0.3175230566534914
2024-09-02 00:00:00+00:00,Random Forest,0.34440052700922263
2024-09-03 00:00:00+00:00,Random Forest,-0.1393154486586494
2024-09-04 00:00:00+00:00,Random Forest,-0.025346901017576317
2024-09-05 00:00:00+00:00,Random Forest,-0.028060437866173293
2024-09-06 00:00:00+00:00,Random Forest,-0.22812210915818684
2024-09-07 00:00:00+00:00,Random Forest,-0.32432932469935244
2024-09-08 00:00:00+00:00,Random Forest,-0.20407030527289544
2024-09-09 00:00:00+00:00,Random Forest,0.12893154486586494
2024-09-10 00:00:00+00:00,Random Forest,0.38390379278445885
2024-09-11 00:00:00+00:00,Random Forest,-0.2288390379278446
2024-09-12 00:00:00+00:00,Random Forest,-0.07065217391304349
2024-09-13 00:00:00+00:00,Random Forest,0.057123034227567066
2024-09-14 00:00:00+00:00,Random Forest,0.051225716928769656
2024-09-15 00:00:00+00:00,Random Forest,0.23115171137835336
2024-09-16 00:00:00+00:00,Random Forest,-0.23011100832562442
2024-09-17 00:00:00+00:00,Random Forest,-0.3753799392097264
2024-09-18 00:00:00+00:00,Random Forest,-0.15755102040816324
2024-09-19 00:00:00+00:00,Random Forest,-0.10734693877551019
2024-09-20 00:00:00+00:00,Random Forest,-0.020102040816326525
2024-09-21 00:00:00+00:00,Random Forest,0.07897959183673468
2024-09-22 00:00:00+00:00,Random Forest,-0.1677551020408163
2024-09-23 00:00:00+00:00,Random Forest,-0.03806122448979591
2024-09-24 00:00:00+00:00,Random Forest,0.05357142857142857
2024-09-25 00:00:00+00:00,Random Forest,-0.16717325227963523
2024-09-26 00:00:00+00:00,Random Forest,-0.16587060356057318
2024-09-27 00:00:00+00:00,Random Forest,-0.06990881458966565
2024-09-28 00:00:00+00:00,Random Forest,-0.03788536691272254
2024-09-29 00:00:00+00:00,Random Forest,0.0010855405992184109
2024-09-30 00:00:00+00:00,Random Forest,0.3809161962657404
2024-10-01 00:00:00+00:00,Random Forest,0.25868432479374726
2024-10-02 00:00:00+00:00,Random Forest,0.20712114633087278
2024-10-03 00:00:00+00:00,Random Forest,-0.3240338688666956
2024-10-04 00:00:00+00:00,Random Forest,0.1617455492835432
2024-10-05 00:00:00+00:00,Random Forest,-0.2808293530178029
2024-10-06 00:00:00+00:00,Random Forest,0.020733825445071647
2024-10-07 00:00:00+00:00,Random Forest,0.3584455058619192
2024-10-08 00:00:00+00:00,Random Forest,0.07001736864958749
2024-10-09 00:00:00+00:00,Random Forest,0.035280069474598344
2024-10-10 00:00:00+00:00,Random Forest,-0.24674337820234477
2024-10-11 00:00:00+00:00,Random Forest,0.008792878853669127
2024-10-12 00:00:00+00:00,Random Forest,0.0740338688666956
2024-10-13 00:00:00+00:00,Random Forest,-0.3657186278766826
2024-10-14 00:00:00+00:00,Random Forest,0.27149370386452454
2024-10-15 00:00:00+00:00,Random Forest,0.29635258358662614
2024-10-16 00:00:00+00:00,Random Forest,0.18815911193339496
2024-10-17 00:00:00+00:00,Random Forest,-0.1568300955905026
2024-10-18 00:00:00+00:00,Random Forest,0.1675609004008634
2024-10-19 00:00:00+00:00,Random Forest,0.0810977489978415
2024-10-20 00:00:00+00:00,Random Forest,0.4569169960474308
2024-10-21 00:00:00+00:00,Random Forest,0.08629776021080368
2024-10-22 00:00:00+00:00,Random Forest,0.204815705503252
2024-10-23 00:00:00+00:00,Random Forest,0.12595520421607376
2024-10-24 00:00:00+00:00,Random Forest,0.32211909109027503
2024-10-25 00:00:00+00:00,Random Forest,0.2625346901017576
2024-10-26 00:00:00+00:00,Random Forest,0.2247694334650856
2024-10-27 00:00:00+00:00,Random Forest,0.3250329380764163
2024-10-28 00:00:00+00:00,Random Forest,-0.1193675889328063
2024-10-29 00:00:00+00:00,Random Forest,0.16271409749670618
2024-10-30 00:00:00+00:00,Random Forest,0.244532279314888
2024-10-31 00:00:00+00:00,Random Forest,0.2807610993657505
2024-11-01 00:00:00+00:00,Random Forest,0.33854827343199434
2024-11-02 00:00:00+00:00,Random Forest,0.35599472990777337
2024-11-03 00:00:00+00:00,Random Forest,0.21198945981554673
2024-11-04 00:00:00+00:00,Random Forest,-0.4642951251646903
2024-11-05 00:00:00+00:00,Random Forest,0.0068455134135060125
2024-11-06 00:00:00+00:00,Random Forest,0.05828116811799921
2024-11-07 00:00:00+00:00,Random Forest,0.31939562133826704
2024-11-08 00:00:00+00:00,Random Forest,-0.14363243909959914
2024-11-09 00:00:00+00:00,Random Forest,0.1288313290163429
2024-11-10 00:00:00+00:00,Random Forest,0.12107117688513035
2024-11-11 00:00:00+00:00,Random Forest,0.1643410852713178
2024-11-12 00:00:00+00:00,Random Forest,0.05375494071146245
2024-11-13 00:00:00+00:00,Random Forest,0.34097496706192354
2024-11-14 00:00:00+00:00,Random Forest,-0.06416337285902503
2024-11-15 00:00:00+00:00,Random Forest,0.34954193093727975
2024-11-16 00:00:00+00:00,Random Forest,0.11388301620859761
2024-11-17 00:00:00+00:00,Random Forest,0.3000704721634954
2024-11-18 00:00:00+00:00,Random Forest,0.33926218708827405
2024-11-19 00:00:00+00:00,Random Forest,0.491699604743083
2024-11-20 00:00:00+00:00,Random Forest,-0.07826086956521737
2024-11-21 00:00:00+00:00,Random Forest,0.2823451910408432
2024-11-22 00:00:00+00:00,Random Forest,0.0011857707509881422
2024-11-23 00:00:00+00:00,Random Forest,-0.3054018445322793
2024-11-24 00:00:00+00:00,Random Forest,0.02966389145852606
2024-11-25 00:00:00+00:00,Random Forest,0.13623188405797101
2024-11-26 00:00:00+00:00,Random Forest,0.22121492445266727
2024-11-27 00:00:00+00:00,Random Forest,-0.06913351834720938
2024-11-28 00:00:00+00:00,Random Forest,-0.008903792784458835
2024-11-29 00:00:00+00:00,Random Forest,0.05030064754856614
2024-11-30 00:00:00+00:00,Random Forest,0.026017576318223868
2024-12-01 00:00:00+00:00,Random Forest,0.40230134607034307
2024-12-02 00:00:00+00:00,Random Forest,0.2234042553191489
2024-12-03 00:00:00+00:00,Random Forest,0.13341293964394269
2024-12-04 00:00:00+00:00,Random Forest,0.1357505360502099
2024-12-05 00:00:00+00:00,Random Forest,0.09574468085106383
2024-12-06 00:00:00+00:00,Random Forest,-0.21841076856274425
2024-12-07 00:00:00+00:00,Random Forest,0.2584672166739036
2024-12-08 00:00:00+00:00,Random Forest,0.16077292594191192
2024-12-09 00:00:00+00:00,Random Forest,0.25390794615718626
2024-12-10 00:00:00+00:00,Random Forest,-0.21548565698493932
2024-12-11 00:00:00+00:00,Random Forest,0.41671292013567685
2024-12-12 00:00:00+00:00,Random Forest,-0.17148969392266256
2024-12-13 00:00:00+00:00,Random Forest,0.254740980573543
2024-12-14 00:00:00+00:00,Random Forest,-0.1836262719703978
2024-12-15 00:00:00+00:00,Random Forest,0.4682606455438468
2024-12-16 00:00:00+00:00,Random Forest,0.3507476865079794
2024-12-17 00:00:00+00:00,Random Forest,0.19257490230134605
2024-12-18 00:00:00+00:00,Random Forest,0.28104646113764653
2024-12-19 00:00:00+00:00,Random Forest,-0.11159357359965262
2024-12-20 00:00:00+00:00,Random Forest,0.5139916743755781
2024-12-21 00:00:00+00:00,Random Forest,-0.23334875115633674
2024-12-22 00:00:00+00:00,Random Forest,0.07192414431082331
2024-12-23 00:00:00+00:00,Random Forest,-0.20675300647548567
2024-12-24 00:00:00+00:00,Random Forest,0.4983231211766854
2024-12-25 00:00:00+00:00,Random Forest,0.17345050878815912
2024-12-26 00:00:00+00:00,Random Forest,0.04706290471785384
2024-12-27 00:00:00+00:00,Random Forest,-0.08282454517422139
2024-12-28 00:00:00+00:00,Random Forest,0.3443214408495128
2024-12-29 00:00:00+00:00,Random Forest,0.047796725176136916
2024-12-30 00:00:00+00:00,Random Forest,-0.03737395542805028
2024-12-31 00:00:00+00:00,Random Forest,-0.014050303579427322
2025-01-01 00:00:00+00:00,Random Forest,-0.17102714586083473
2025-01-02 00:00:00+00:00,Random Forest,-0.33713971856474895
2025-01-03 00:00:00+00:00,Random Forest,0.2293082016511395
2025-01-04 00:00:00+00:00,Random Forest,0.022779833487511565
2025-01-05 00:00:00+00:00,Random Forest,0.18322540857230957
2025-01-06 00:00:00+00:00,Random Forest,0.6207406953520234
2025-01-07 00:00:00+00:00,Random Forest,0.4012950971322849
2025-01-08 00:00:00+00:00,Random Forest,0.27720685111989457
2025-01-09 00:00:00+00:00,Random Forest,-0.08062015503875969
2025-01-10 00:00:00+00:00,Random Forest,-0.04186046511627906
2025-01-11 00:00:00+00:00,Random Forest,0.2586328400281888
2025-01-12 00:00:00+00:00,Random Forest,0.3770750988142292
2025-01-13 00:00:00+00:00,Random Forest,-0.23281399268204975
2025-01-14 00:00:00+00:00,Random Forest,-0.1462450592885375
2025-01-15 00:00:00+00:00,Random Forest,0.22643504013494067
2025-01-16 00:00:00+00:00,Random Forest,-0.1960535588442565
2025-01-17 00:00:00+00:00,Random Forest,0.42085976039464407
2025-01-18 00:00:00+00:00,Random Forest,0.3024665257223397
2025-01-19 00:00:00+00:00,Random Forest,0.24312896405919662
2025-01-20 00:00:00+00:00,Random Forest,-0.1377026074700493
2025-01-21 00:00:00+00:00,Random Forest,0.13478260869565217
2025-01-22 00:00:00+00:00,Random Forest,0.07154150197628459
2025-01-23 00:00:00+00:00,Random Forest,0.47694334650856385
2025-01-24 00:00:00+00:00,Random Forest,0.20210803689064558
2025-01-25 00:00:00+00:00,Random Forest,0.286034255599473
2025-01-26 00:00:00+00:00,Random Forest,0.3180500658761528
2025-01-27 00:00:00+00:00,Random Forest,0.47509881422924893
2025-01-28 00:00:00+00:00,Random Forest,-0.3451910408432147
2025-01-29 00:00:00+00:00,Random Forest,-0.05019762845849802
2025-01-30 00:00:00+00:00,Random Forest,0.05520421607378129
2025-01-31 00:00:00+00:00,Random Forest,0.5963109354413701
2025-02-01 00:00:00+00:00,Random Forest,0.21436100131752303
2025-02-02 00:00:00+00:00,Random Forest,-0.19478505990133893
2025-02-03 00:00:00+00:00,Random Forest,0.30035236081747707
2025-02-04 00:00:00+00:00,Random Forest,0.3198026779422128
2025-02-05 00:00:00+00:00,Random Forest,0.49580025719442744
2025-02-06 00:00:00+00:00,Random Forest,0.41515151515151505
2025-02-07 00:00:00+00:00,Random Forest,-0.22938076416337283
2025-02-08 00:00:00+00:00,Random Forest,0.3853839037927845
2025-02-09 00:00:00+00:00,Random Forest,0.03630897317298798
2025-02-10 00:00:00+00:00,Random Forest,0.1954209065679926
2025-02-11 00:00:00+00:00,Random Forest,0.08314061054579094
2025-02-12 00:00:00+00:00,Random Forest,0.34458834412580946
2025-02-13 00:00:00+00:00,Random Forest,-0.15575855689176688
2025-02-14 00:00:00+00:00,Random Forest,0.478145235892692
2025-02-15 00:00:00+00:00,Random Forest,0.02362010484119642
2025-02-16 00:00:00+00:00,Random Forest,0.1180578433288658
2025-02-17 00:00:00+00:00,Random Forest,0.25161887141535616
2025-02-18 00:00:00+00:00,Random Forest,0.2622344199341086
2025-02-19 00:00:00+00:00,Random Forest,-0.31668208448967006
2025-02-20 00:00:00+00:00,Random Forest,0.04804193647856922
2025-02-21 00:00:00+00:00,Random Forest,-0.46729778923817994
2025-02-22 00:00:00+00:00,Random Forest,0.43394051210997786
2025-02-23 00:00:00+00:00,Random Forest,0.29916743755781683
2025-02-24 00:00:00+00:00,Random Forest,-0.43583102065988283
2025-02-25 00:00:00+00:00,Random Forest,-0.5177464617466703
2025-02-26 00:00:00+00:00,Random Forest,0.43003391921060746
2025-02-27 00:00:00+00:00,Random Forest,-0.08122109158186865
2025-02-28 00:00:00+00:00,Random Forest,0.4867715078630897
2025-03-01 00:00:00+00:00,Random Forest,-0.204563675609004
2025-03-02 00:00:00+00:00,Random Forest,0.3990255637285237
2025-03-03 00:00:00+00:00,Random Forest,0.033610854147394384
2025-03-04 00:00:00+00:00,Random Forest,-0.01436941103916127
2025-03-05 00:00:00+00:00,Random Forest,0.23823620104841195
2025-03-06 00:00:00+00:00,Random Forest,0.2764724020968239
2025-03-07 00:00:00+00:00,Random Forest,0.13894970557656322
2025-03-08 00:00:00+00:00,Random Forest,0.19012483952472994
2025-03-09 00:00:00+00:00,Random Forest,-0.14795783926218706
2025-03-10 00:00:00+00:00,Random Forest,-0.16996047430830039
2025-03-11 00:00:00+00:00,Random Forest,-0.25835095137420716
2025-03-12 00:00:00+00:00,Random Forest,0.16504580690627202
2025-03-13 00:00:00+00:00,Random Forest,-0.29145273331319843
2025-03-14 00:00:00+00:00,Random Forest,0.12587306989753952
2025-03-15 00:00:00+00:00,Random Forest,0.4832376925400182
2025-03-16 00:00:00+00:00,Random Forest,-0.08683505121905846
2025-03-17 00:00:00+00:00,Random Forest,0.2731501057082452
2025-03-18 00:00:00+00:00,Random Forest,0.07808315715292459
2025-03-19 00:00:00+00:00,Random Forest,0.13939393939393938
2025-03-20 00:00:00+00:00,Random Forest,0.007822685793644077
2025-03-21 00:00:00+00:00,Random Forest,0.004369274136715996
2025-03-22 00:00:00+00:00,Random Forest,-0.13877982482633644
2025-03-23 00:00:00+00:00,Random Forest,-0.23376623376623373
2025-03-24 00:00:00+00:00,Random Forest,-0.11069163394744791
2025-03-25 00:00:00+00:00,Random Forest,0.03171247357293869
2025-03-26 00:00:00+00:00,Random Forest,-0.027409672689146278
2025-03-27 00:00:00+00:00,Random Forest,0.4821705426356589
2025-03-28 00:00:00+00:00,Random Forest,0.3307157958320749
2025-03-29 00:00:00+00:00,Random Forest,-0.03767928044728953
2025-03-30 00:00:00+00:00,Random Forest,0.31107689814439676
2025-03-31 00:00:00+00:00,Random Forest,0.017819389912413167
2025-04-01 00:00:00+00:00,Random Forest,0.6082754454847478
2025-04-02 00:00:00+00:00,Random Forest,0.05179899577067314
2025-04-03 00:00:00+00:00,Random Forest,0.27590893665603444
2025-04-04 00:00:00+00:00,Random Forest,0.42645726366656606
2025-04-05 00:00:00+00:00,Random Forest,0.034279673814557536
2025-04-06 00:00:00+00:00,Random Forest,-0.16611295681063123
2025-04-07 00:00:00+00:00,Random Forest,0.40305043793415885
2025-04-08 00:00:00+00:00,Random Forest,-0.3233162186650559
2025-04-09 00:00:00+00:00,Random Forest,0.030051344004832378
2025-04-10 00:00:00+00:00,Random Forest,-0.1717003926306252
2025-04-11 00:00:00+00:00,Random Forest,0.007852612503775296
2025-04-12 00:00:00+00:00,Random Forest,0.5522500755058894
2025-04-13 00:00:00+00:00,Random Forest,-0.08426457263666566
2025-04-14 00:00:00+00:00,Random Forest,0.1440652370884929
2025-04-15 00:00:00+00:00,Random Forest,0.5810933252793717
2025-04-16 00:00:00+00:00,Random Forest,-0.02898550724637681
2025-04-17 00:00:00+00:00,Random Forest,-0.17391304347826084
2025-04-18 00:00:00+00:00,Random Forest,-0.23689064558629774
2025-04-19 00:00:00+00:00,Random Forest,-0.08476193232994715
2025-04-20 00:00:00+00:00,Random Forest,0.2921569195519939
2025-04-21 00:00:00+00:00,Random Forest,-0.17043912525786875
2025-04-22 00:00:00+00:00,Random Forest,-0.49735392316196453
2025-04-23 00:00:00+00:00,Random Forest,0.012257169287696578
2025-04-24 00:00:00+00:00,Random Forest,-0.39051466298748255
2025-04-25 00:00:00+00:00,Random Forest,-0.38638255900451335
2025-04-26 00:00:00+00:00,Random Forest,0.5575954053992066
2025-04-27 00:00:00+00:00,Random Forest,-0.11209130699795508
2025-04-28 00:00:00+00:00,Random Forest,0.6903080579309685
2025-04-29 00:00:00+00:00,Random Forest,-0.2324304010684772
2025-04-30 00:00:00+00:00,Random Forest,0.24771010317636044
2025-05-01 00:00:00+00:00,Random Forest,0.061488174194333556
2025-05-02 00:00:00+00:00,Random Forest,0.6794745294778172
2025-05-03 00:00:00+00:00,Random Forest,0.03496762257169288
2025-05-04 00:00:00+00:00,Random Forest,0.0465618254702436
2025-05-05 00:00:00+00:00,Random Forest,0.0825187332718338
2025-05-06 00:00:00+00:00,Random Forest,-0.21344434165895776
2025-05-07 00:00:00+00:00,Random Forest,-0.26329787234042556
2025-05-08 00:00:00+00:00,Random Forest,-0.6063426905485375
2025-05-09 00:00:00+00:00,Random Forest,0.07412118408880666
2025-05-10 00:00:00+00:00,Random Forest,0.13647856922602528
2025-05-11 00:00:00+00:00,Random Forest,0.10697674418604651
2025-05-12 00:00:00+00:00,Random Forest,-0.16028863062294174
2025-05-13 00:00:00+00:00,Random Forest,0.22405180388529136
2025-05-14 00:00:00+00:00,Random Forest,0.710540184453228
2025-05-15 00:00:00+00:00,Random Forest,0.22990777338603424
2025-05-16 00:00:00+00:00,Random Forest,0.7162055335968378
2025-05-17 00:00:00+00:00,Random Forest,-0.41584952204748693
2025-05-18 00:00:00+00:00,Random Forest,0.2939870490286771
2025-05-19 00:00:00+00:00,Random Forest,0.08319713840336607
2025-05-20 00:00:00+00:00,Random Forest,-0.26598828245451744
2025-05-21 00:00:00+00:00,Random Forest,-0.3360314523589269
2025-05-22 00:00:00+00:00,Random Forest,0.5131822386679001
2025-05-23 00:00:00+00:00,Random Forest,-0.09736355226641999
2025-05-24 00:00:00+00:00,Random Forest,0.0954054887449892
2025-05-25 00:00:00+00:00,Random Forest,0.09688559975331483
2025-05-26 00:00:00+00:00,Random Forest,-0.33592352759790317
2025-05-27 00:00:00+00:00,Random Forest,-0.0062288004933703355
2025-05-28 00:00:00+00:00,Random Forest,0.5021080368906455
2025-05-29 00:00:00+00:00,Random Forest,0.6694418748072772
2025-05-30 00:00:00+00:00,Random Forest,-0.4891963109354413
2025-05-31 00:00:00+00:00,Random Forest,-0.5541501976284584
2025-06-01 00:00:00+00:00,Random Forest,-0.034255599472990776
2025-06-02 00:00:00+00:00,Random Forest,0.1357048748353096
2025-06-03 00:00:00+00:00,Random Forest,0.5007905138339921
2025-06-04 00:00:00+00:00,Random Forest,0.3831357048748352
2025-06-05 00:00:00+00:00,Random Forest,0.16100131752305663
2025-06-06 00:00:00+00:00,Random Forest,-0.3606060606060606
2025-06-07 00:00:00+00:00,Random Forest,0.057248262490294625
2025-06-08 00:00:00+00:00,Random Forest,-0.39328063241106714
2025-06-09 00:00:00+00:00,Random Forest,-0.0909090909090909
2025-06-10 00:00:00+00:00,Random Forest,0.5553542609817995
2025-06-11 00:00:00+00:00,Random Forest,0.6780758556891767
2025-06-12 00:00:00+00:00,Random Forest,0.19679309281529445
2025-06-13 00:00:00+00:00,Random Forest,-0.0017884674683934629
2025-06-14 00:00:00+00:00,Random Forest,-0.052700922266139656
2025-06-15 00:00:00+00:00,Random Forest,0.5465926611162505
2025-06-16 00:00:00+00:00,Random Forest,0.630566534914361
2025-06-17 00:00:00+00:00,Random Forest,-0.4570459451125501
2025-06-18 00:00:00+00:00,Random Forest,0.4902251002158495
2025-06-19 00:00:00+00:00,Random Forest,0.26956521739130435
2025-06-20 00:00:00+00:00,Random Forest,0.45174221399938325
2025-06-21 00:00:00+00:00,Random Forest,0.2049087913897222
2025-06-22 00:00:00+00:00,Random Forest,-0.6593432007400556
2025-06-23 00:00:00+00:00,Random Forest,-0.15333024976873266
2025-06-24 00:00:00+00:00,Random Forest,0.7371646623496763
2025-06-25 00:00:00+00:00,Random Forest,0.28276287388220783
2025-06-26 00:00:00+00:00,Random Forest,0.06321307431390687
2025-06-27 00:00:00+00:00,Random Forest,-0.4292490118577074
2025-06-28 00:00:00+00:00,Random Forest,-0.5009559050262103
2025-06-29 00:00:00+00:00,Random Forest,0.4860083256244218
2025-06-30 00:00:00+00:00,Random Forest,0.3700277520814061
2025-07-01 00:00:00+00:00,Random Forest,-0.38998583462857683
2025-07-02 00:00:00+00:00,Random Forest,0.1350412505427703
2025-07-03 00:00:00+00:00,Random Forest,0.3325010855405992
2025-07-04 00:00:00+00:00,Random Forest,0.03788536691272254
2025-07-05 00:00:00+00:00,Random Forest,-0.09889274858879722
2025-07-06 00:00:00+00:00,Random Forest,0.5648453319647141
2025-07-07 00:00:00+00:00,Random Forest,0.07562442183163738
2025-07-08 00:00:00+00:00,Random Forest,-0.328399629972248
2025-07-09 00:00:00+00:00,Random Forest,-0.6060360777058279
2025-07-10 00:00:00+00:00,Random Forest,0.2828811524609844
2025-07-11 00:00:00+00:00,Random Forest,0.14785062961354756
2025-07-12 00:00:00+00:00,Random Forest,-0.17954841511072514
2025-07-13 00:00:00+00:00,Random Forest,0.2762775803660809
2025-07-14 00:00:00+00:00,Random Forest,-0.38037342596613105
2025-07-15 00:00:00+00:00,Random Forest,0.03842813721233174
2025-07-16 00:00:00+00:00,Random Forest,0.47846500411139553
2025-07-17 00:00:00+00:00,Random Forest,0.24109620721554115
2025-07-18 00:00:00+00:00,Random Forest,-0.12413581983171523
2025-07-19 00:00:00+00:00,Random Forest,0.04362467478508756
2025-07-20 00:00:00+00:00,Random Forest,-0.22295918367346937
2025-07-21 00:00:00+00:00,Random Forest,-0.03092511225650697
2025-07-22 00:00:00+00:00,Random Forest,0.11885039260070614
2025-07-23 00:00:00+00:00,Random Forest,0.3617439221565396
2025-07-24 00:00:00+00:00,Random Forest,-0.6407208390267142
2025-07-25 00:00:00+00:00,Random Forest,0.14982086723837962
2025-07-26 00:00:00+00:00,Random Forest,-0.1580758001296559
2025-07-27 00:00:00+00:00,Random Forest,0.27961838728440547
2025-07-28 00:00:00+00:00,Random Forest,0.555982770317034
2025-07-29 00:00:00+00:00,Random Forest,-0.015495360071231815
2025-07-30 00:00:00+00:00,Random Forest,0.6940333024976874
2025-07-31 00:00:00+00:00,Random Forest,-0.051225716928769656
2025-08-01 00:00:00+00:00,Random Forest,0.1445420906567993
2025-08-02 00:00:00+00:00,Random Forest,-0.2351988899167438
2025-08-03 00:00:00+00:00,Random Forest,0.12129972247918595
2025-08-04 00:00:00+00:00,Random Forest,0.736586493987049
2025-08-05 00:00:00+00:00,Random Forest,-0.254740980573543
2025-08-06 00:00:00+00:00,Random Forest,-0.08609175800770213
2025-08-07 00:00:00+00:00,Random Forest,-0.042227529309596175
2025-08-08 00:00:00+00:00,Random Forest,-0.4486539296569692
2025-08-09 00:00:00+00:00,Random Forest,0.035716224337476954
2025-08-10 00:00:00+00:00,Random Forest,0.7257924446374294
2025-08-11 00:00:00+00:00,Random Forest,0.2929953592958948
2025-08-12 00:00:00+00:00,Random Forest,-0.17965696917064697
2025-08-13 00:00:00+00:00,Random Forest,0.5462440295267043
2025-08-14 00:00:00+00:00,Random Forest,-0.10801128962223187
2025-08-15 00:00:00+00:00,Random Forest,-0.09498480243161093
2025-08-16 00:00:00+00:00,Random Forest,0.03023907954199343
2025-08-17 00:00:00+00:00,Random Forest,0.4989824236817761
2025-08-18 00:00:00+00:00,Random Forest,0.22553191489361699
2025-08-19 00:00:00+00:00,Random Forest,-0.15979031760715387
2025-08-20 00:00:00+00:00,Random Forest,0.07887758248535306
2025-08-21 00:00:00+00:00,Random Forest,-0.31113166820844895
2025-08-22 00:00:00+00:00,Random Forest,0.11921831637372803
2025-08-23 00:00:00+00:00,Random Forest,0.4402529379861066
2025-08-24 00:00:00+00:00,Random Forest,0.5593399736095214
2025-08-25 00:00:00+00:00,Random Forest,0.12342931586492496
2025-08-26 00:00:00+00:00,Random Forest,0.32674772036474165
2025-08-27 00:00:00+00:00,Random Forest,-0.23165436387320887
2025-08-28 00:00:00+00:00,Random Forest,0.3970860314523589
2025-08-29 00:00:00+00:00,Random Forest,-0.27162349676225717
2025-08-30 00:00:00+00:00,Random Forest,0.5614014801110083
2025-08-31 00:00:00+00:00,Random Forest,0.7180503164367159
2025-09-01 00:00:00+00:00,Random Forest,0.051780286582718195
2025-09-02 00:00:00+00:00,Random Forest,-0.0541684759009987
2025-09-03 00:00:00+00:00,Random Forest,0.6036691272253583
2025-09-04 00:00:00+00:00,Random Forest,-0.1490518038852914
2025-09-05 00:00:00+00:00,Random Forest,0.030411655874190566
2025-09-06 00:00:00+00:00,Random Forest,0.012950971322849215
2025-09-07 00:00:00+00:00,Random Forest,-0.2332331174838113
2025-09-08 00:00:00+00:00,Random Forest,0.18721091581868637
2025-09-09 00:00:00+00:00,Random Forest,-0.08545328399629973
2025-09-10 00:00:00+00:00,Random Forest,-0.24629972247918594
2025-09-11 00:00:00+00:00,Random Forest,0.30932007400555045
2025-09-12 00:00:00+00:00,Random Forest,0.024858879722101605
2025-09-13 00:00:00+00:00,Random Forest,0.35660008684324795
2025-09-14 00:00:00+00:00,Random Forest,0.33879722101606596
2025-09-15 00:00:00+00:00,Random Forest,0.01910551454624403
2025-09-16 00:00:00+00:00,Random Forest,-0.20462440295267043
2025-09-17 00:00:00+00:00,Random Forest,0.06891766882516188
2025-09-18 00:00:00+00:00,Random Forest,0.4053408597481546
2025-09-19 00:00:00+00:00,Random Forest,0.005816326530612244
2025-09-20 00:00:00+00:00,Random Forest,0.3716326530612245
2025-09-21 00:00:00+00:00,Random Forest,0.3454081632653061
2025-09-22 00:00:00+00:00,Random Forest,0.11612244897959183
2025-09-23 00:00:00+00:00,Random Forest,-0.07612244897959182
2025-09-24 00:00:00+00:00,Random Forest,0.0880612244897959
2025-09-25 00:00:00+00:00,Random Forest,-0.09244897959183673
2025-09-26 00:00:00+00:00,Random Forest,0.21200607902735563
2025-09-27 00:00:00+00:00,Random Forest,-0.2169995657837603
2025-09-28 00:00:00+00:00,Random Forest,0.34030989824236824
2025-09-29 00:00:00+00:00,Random Forest,0.13153710508228497
2025-09-30 00:00:00+00:00,Random Forest,-0.27833024976873266
2025-10-01 00:00:00+00:00,Random Forest,0.14363243909959914
2025-10-02 00:00:00+00:00,Random Forest,0.3065876152832674
2025-10-03 00:00:00+00:00,Random Forest,0.22799876657415974
2025-10-04 00:00:00+00:00,Random Forest,0.25094048720320694
2025-10-05 00:00:00+00:00,Random Forest,-0.29324699352451433
2025-10-06 00:00:00+00:00,Random Forest,0.1411655874190564
2025-10-07 00:00:00+00:00,Random Forest,-0.22294172062904719
2025-10-08 00:00:00+00:00,Random Forest,0.35335968379446636
2025-10-09 00:00:00+00:00,Random Forest,0.5108036890645585
2025-10-10 00:00:00+00:00,Random Forest,-0.006554142151431523
2025-10-11 00:00:00+00:00,Random Forest,-0.17260646330413773
2025-10-12 00:00:00+00:00,Random Forest,-0.42026578073089704
2025-10-13 00:00:00+00:00,Random Forest,0.33932346723044404
2025-10-14 00:00:00+00:00,Random Forest,0.4824826336454243
2025-10-15 00:00:00+00:00,Random Forest,0.1861275423385463
2025-10-16 00:00:00+00:00,Random Forest,0.35014788732601876
2025-10-17 00:00:00+00:00,Random Forest,0.2146503524835913
2025-10-18 00:00:00+00:00,Random Forest,-0.16655052264808368
2025-10-19 00:00:00+00:00,Random Forest,0.058885017421602806
2025-10-20 00:00:00+00:00,Random Forest,0.20636787336095955
2025-10-21 00:00:00+00:00,Random Forest,0.38780487804878055
2025-10-22 00:00:00+00:00,Random Forest,-0.18986866791744844
2025-10-23 00:00:00+00:00,Random Forest,-0.15966228893058165
2025-10-24 00:00:00+00:00,Random Forest,0.41480836236933805
2025-10-25 00:00:00+00:00,Random Forest,-0.24352720450281426
2025-10-26 00:00:00+00:00,Random Forest,0.5626641651031896
2025-10-27 00:00:00+00:00,Random Forest,0.10825515947467168
2025-10-28 00:00:00+00:00,Random Forest,-0.2983114446529081
2025-10-29 00:00:00+00:00,Random Forest,0.6204502814258913
2025-10-30 00:00:00+00:00,Random Forest,0.2078799249530957
2025-10-31 00:00:00+00:00,Random Forest,-0.23996247654784245
2025-11-01 00:00:00+00:00,Random Forest,0.29474671669793623
2025-11-02 00:00:00+00:00,Random Forest,0.6371482176360226
2025-11-03 00:00:00+00:00,Random Forest,0.039024390243902446
2025-11-04 00:00:00+00:00,Random Forest,-0.15572232645403378
2025-11-05 00:00:00+00:00,Random Forest,-0.03846153846153847
2025-11-06 00:00:00+00:00,Random Forest,-0.5904858299595142
2025-11-07 00:00:00+00:00,Random Forest,0.2931174089068826
2025-11-08 00:00:00+00:00,Random Forest,0.19174484052532834
2025-11-09 00:00:00+00:00,Random Forest,0.10101214574898786
2025-11-10 00:00:00+00:00,Random Forest,0.5739212007504692
2025-11-11 00:00:00+00:00,Random Forest,-0.053095684803001884
2025-11-12 00:00:00+00:00,Random Forest,0.2145748987854251
2025-11-13 00:00:00+00:00,Random Forest,0.006893533209322683
2025-11-14 00:00:00+00:00,Random Forest,-0.12134806871648977
2025-11-15 00:00:00+00:00,Random Forest,0.39074296969033806
2025-11-16 00:00:00+00:00,Random Forest,0.03917202292581837
2025-11-17 00:00:00+00:00,Random Forest,0.07855046097536472
2025-11-18 00:00:00+00:00,Random Forest,-0.043423250220093225
2025-11-19 00:00:00+00:00,Random Forest,0.28805668016194336
2025-11-20 00:00:00+00:00,Random Forest,0.47861163227016895
2025-11-21 00:00:00+00:00,Random Forest,0.24777183600713015
2025-11-22 00:00:00+00:00,Random Forest,-0.06895713475407181
2025-11-23 00:00:00+00:00,Random Forest,0.2055749128919861
2025-11-24 00:00:00+00:00,Random Forest,-0.19649947330038087
2025-11-25 00:00:00+00:00,Random Forest,0.18774815655133298
2025-11-26 00:00:00+00:00,Random Forest,0.34267887529373636
2025-11-27 00:00:00+00:00,Random Forest,0.27979904383761445
2025-11-28 00:00:00+00:00,Random Forest,0.36061612805798854
2025-11-29 00:00:00+00:00,Random Forest,0.6381959126145171
2025-11-30 00:00:00+00:00,Random Forest,0.29552042160737807
2025-12-01 00:00:00+00:00,Random Forest,0.1989459815546772
2025-12-02 00:00:00+00:00,Random Forest,0.025032938076416336
2025-12-03 00:00:00+00:00,Random Forest,0.0996476391825229
2025-12-04 00:00:00+00:00,Random Forest,0.3145877378435518
2025-12-05 00:00:00+00:00,Random Forest,0.17167019027484143
2025-12-06 00:00:00+00:00,Random Forest,0.6013289036544851
2025-12-07 00:00:00+00:00,Random Forest,-0.32277388229630516
2025-12-08 00:00:00+00:00,Random Forest,-0.3556025369978858
2025-12-09 00:00:00+00:00,Random Forest,0.48860072619220163
2025-12-10 00:00:00+00:00,Random Forest,0.13229674643778483
2025-12-11 00:00:00+00:00,Random Forest,0.204235526396221
2025-12-12 00:00:00+00:00,Random Forest,0.20831571529245949
2025-12-13 00:00:00+00:00,Random Forest,0.5767139836907279
2025-12-14 00:00:00+00:00,Random Forest,-0.058592570220477196
2025-12-15 00:00:00+00:00,Random Forest,0.34590553881261465
2025-12-16 00:00:00+00:00,Random Forest,0.6526220414663672
2025-12-17 00:00:00+00:00,Random Forest,0.38387194201147684
2025-12-18 00:00:00+00:00,Random Forest,-0.24087385482734322
2025-12-19 00:00:00+00:00,Random Forest,0.1950669485553206
2025-12-20 00:00:00+00:00,Random Forest,0.45680056377730793
2025-12-21 00:00:00+00:00,Random Forest,0.31952078928823113
2025-12-22 00:00:00+00:00,Random Forest,0.017336152219873148
2025-12-23 00:00:00+00:00,Random Forest,-0.138866930171278
2025-12-24 00:00:00+00:00,Random Forest,0.13388837496145545
2025-12-25 00:00:00+00:00,Random Forest,-0.15263644773357998
2025-12-26 00:00:00+00:00,Random Forest,-0.16294057795529515
2025-12-27 00:00:00+00:00,Random Forest,0.2944033302497688
2025-12-28 00:00:00+00:00,Random Forest,0.20617483811285847
2025-12-29 00:00:00+00:00,Random Forest,0.31437255753365173
2025-12-30 00:00:00+00:00,Random Forest,0.11886669561441597
2025-12-31 00:00:00+00:00,Random Forest,-0.19264569842738208
2026-01-01 00:00:00+00:00,Random Forest,-0.0120259019426457
2026-01-02 00:00:00+00:00,Random Forest,-0.08036540240518038
2026-01-03 00:00:00+00:00,Random Forest,0.007863317051072861
2026-01-04 00:00:00+00:00,Random Forest,0.1337386018237082
2026-01-05 00:00:00+00:00,Random Forest,-0.292336083369518
2026-01-06 00:00:00+00:00,Random Forest,0.5666521927920104
2026-01-07 00:00:00+00:00,Random Forest,0.037125488493269646
2026-01-08 00:00:00+00:00,Random Forest,0.06312589901095327
2026-01-09 00:00:00+00:00,Random Forest,0.46537125488493264
2026-01-10 00:00:00+00:00,Random Forest,-0.09324793747286149
2026-01-11 00:00:00+00:00,Random Forest,0.14730785931393833
2026-01-12 00:00:00+00:00,Random Forest,-0.19463742943986104
2026-01-13 00:00:00+00:00,Random Forest,0.0523230568823274
2026-01-14 00:00:00+00:00,Random Forest,0.3708206686930091
2026-01-15 00:00:00+00:00,Random Forest,-0.4801020408163265
2026-01-16 00:00:00+00:00,Random Forest,0.468469387755102
2026-01-17 00:00:00+00:00,Random Forest,0.40133676892571807
2026-01-18 00:00:00+00:00,Random Forest,0.04097043293253897
2026-01-19 00:00:00+00:00,Random Forest,0.2633673469387755
2026-01-20 00:00:00+00:00,Random Forest,-0.14632653061224488
2026-01-21 00:00:00+00:00,Random Forest,0.2833673469387755
2026-01-22 00:00:00+00:00,Random Forest,-0.08683673469387752
2026-01-23 00:00:00+00:00,Random Forest,0.27529411764705874
2026-01-24 00:00:00+00:00,Random Forest,0.5680192076830732
2026-01-25 00:00:00+00:00,Random Forest,-0.1287394957983193
2026-01-26 00:00:00+00:00,Random Forest,-0.21315726290516207
2026-01-27 00:00:00+00:00,Random Forest,0.3021848739495798
2026-01-28 00:00:00+00:00,Random Forest,0.36898845120962664
2026-01-29 00:00:00+00:00,Random Forest,0.2791423564395574
2026-01-30 00:00:00+00:00,Random Forest,0.46304921968787516
2026-01-31 00:00:00+00:00,Random Forest,0.31415674222051476
2026-02-01 00:00:00+00:00,Random Forest,0.06333733493397359
2026-02-02 00:00:00+00:00,Random Forest,0.04163265306122449
2026-02-03 00:00:00+00:00,Random Forest,0.005330132052821128
2026-02-04 00:00:00+00:00,Random Forest,0.23236494597839136
2026-02-05 00:00:00+00:00,Random Forest,-0.08240216337568243
2026-02-06 00:00:00+00:00,Random Forest,0.25584689669851035
2026-02-07 00:00:00+00:00,Random Forest,0.27325026752478193
2026-02-08 00:00:00+00:00,Random Forest,0.23659333362492757
2026-02-09 00:00:00+00:00,Random Forest,0.002659651355509938
2026-02-10 00:00:00+00:00,Random Forest,0.08221791798989418
2026-02-11 00:00:00+00:00,Random Forest,-0.02208603145235893
2026-02-12 00:00:00+00:00,Random Forest,0.11378353376503238
2026-02-13 00:00:00+00:00,Random Forest,-0.2821461609620721
2026-02-14 00:00:00+00:00,Random Forest,0.6511627921107757
2026-02-15 00:00:00+00:00,Random Forest,0.03708949572156027
2026-02-16 00:00:00+00:00,Random Forest,0.24104878302875493
2026-02-17 00:00:00+00:00,Random Forest,0.3372859025032938
2026-02-18 00:00:00+00:00,Random Forest,0.07602108036890644
2026-02-19 00:00:00+00:00,Random Forest,-0.20922955312908603
2026-02-20 00:00:00+00:00,Random Forest,-0.03188405797101449
2026-02-21 00:00:00+00:00,Random Forest,0.244927536231884
2026-02-22 00:00:00+00:00,Random Forest,0.051716186949307845
2026-02-23 00:00:00+00:00,Random Forest,-0.32576830611565816
2026-02-24 00:00:00+00:00,Random Forest,0.02555994729907773
2026-02-25 00:00:00+00:00,Random Forest,0.5092226613965743
2026-02-26 00:00:00+00:00,Random Forest,0.19776021080368905
2026-02-27 00:00:00+00:00,Random Forest,-0.1965464076472402
2026-02-28 00:00:00+00:00,Random Forest,0.1298837460915411
2026-03-01 00:00:00+00:00,Random Forest,-0.16986586493987052
2026-03-02 00:00:00+00:00,Random Forest,-0.02624884366327475
2026-03-03 00:00:00+00:00,Random Forest,0.3451665124884366
2026-03-04 00:00:00+00:00,Random Forest,0.04397163120567376
2026-03-05 00:00:00+00:00,Random Forest,0.45790934320074
2026-03-06 00:00:00+00:00,Random Forest,0.35319148936170214
2026-03-07 00:00:00+00:00,Random Forest,-0.1480156650615853
2026-03-08 00:00:00+00:00,Random Forest,-0.18926919518963922
2026-03-09 00:00:00+00:00,Random Forest,-0.004625346901017576
2026-03-10 00:00:00+00:00,Random Forest,0.03694110391612704
2026-03-11 00:00:00+00:00,Random Forest,-0.16731421523280912
2026-03-12 00:00:00+00:00,Random Forest,0.0343509096515572
2026-03-13 00:00:00+00:00,Random Forest,0.1288159111933395
2026-03-14 00:00:00+00:00,Random Forest,0.1463459759481961
2026-03-15 00:00:00+00:00,Random Forest,-0.1847055195806352
2026-03-16 00:00:00+00:00,Random Forest,0.22239353675503193
2026-03-17 00:00:00+00:00,Random Forest,0.284736355226642
2026-03-18 00:00:00+00:00,Random Forest,0.35220474868948504
2026-03-19 00:00:00+00:00,Random Forest,-0.08412223631000099
2026-03-20 00:00:00+00:00,Random Forest,0.10835646006783842
2026-03-21 00:00:00+00:00,Random Forest,0.001156336725254394
2026-03-22 00:00:00+00:00,Random Forest,-0.24121184088806663
2026-03-23 00:00:00+00:00,Random Forest,-0.01917977181621955
2026-03-24 00:00:00+00:00,Random Forest,0.2256012950971323
2026-03-25 00:00:00+00:00,Random Forest,0.3221884498480243
2026-03-26 00:00:00+00:00,Random Forest,0.22904906643508466
2026-03-27 00:00:00+00:00,Random Forest,0.07408163265306122
2026-03-28 00:00:00+00:00,Random Forest,0.18632653061224488
2026-03-29 00:00:00+00:00,Random Forest,-0.16693877551020406
2026-03-30 00:00:00+00:00,Random Forest,-0.10387755102040816
2026-03-31 00:00:00+00:00,Random Forest,0.23867346938775508
2026-04-01 00:00:00+00:00,Random Forest,0.2595918367346939
2026-04-02 00:00:00+00:00,Random Forest,0.3161224489795918
2026-04-03 00:00:00+00:00,Random Forest,-0.3144079555966698
2026-04-04 00:00:00+00:00,Random Forest,0.5312364490092458
2026-04-05 00:00:00+00:00,Random Forest,0.252890841813136
2026-04-06 00:00:00+00:00,Random Forest,-0.15622109158186864
2026-04-07 00:00:00+00:00,Random Forest,0.3888760407030527
2026-04-08 00:00:00+00:00,Random Forest,-0.20582793709528213
2026-04-09 00:00:00+00:00,Random Forest,0.08695652173913043
2026-04-10 00:00:00+00:00,Random Forest,-0.052852297255627505
2026-04-11 00:00:00+00:00,Random Forest,0.1267345050878816
2026-04-12 00:00:00+00:00,Random Forest,-0.21677459142769043
2026-04-13 00:00:00+00:00,Random Forest,0.2676996907828481
2026-04-14 00:00:00+00:00,Random Forest,-0.06788089054422912
2026-04-15 00:00:00+00:00,Random Forest,-0.3078014184397163
2026-04-16 00:00:00+00:00,Random Forest,0.19481961147086033
2026-04-17 00:00:00+00:00,Random Forest,0.42108036890645584
2026-04-18 00:00:00+00:00,Random Forest,0.5218708827404479
2026-04-19 00:00:00+00:00,Random Forest,-0.0448350292938637
2026-04-20 00:00:00+00:00,Random Forest,0.20752389762565526
2026-04-21 00:00:00+00:00,Random Forest,0.16953438174529753
2026-04-22 00:00:00+00:00,Random Forest,-0.21615787850755472
2026-04-23 00:00:00+00:00,Random Forest,-0.029603133012317064
2026-04-24 00:00:00+00:00,Random Forest,0.3901686867738646
2026-04-25 00:00:00+00:00,Random Forest,-0.1590747886530975
2026-04-26 00:00:00+00:00,Random Forest,-0.04323157570151094
2026-04-27 00:00:00+00:00,Random Forest,-0.13344125809435708
2026-04-28 00:00:00+00:00,Random Forest,0.14340380497587146
2026-04-29 00:00:00+00:00,Random Forest,0.23273990447242726
2026-04-30 00:00:00+00:00,Random Forest,-0.02139222941720629
2026-05-01 00:00:00+00:00,Random Forest,-0.19310823311748382
2026-05-02 00:00:00+00:00,Random Forest,0.4925994449583719
2026-05-03 00:00:00+00:00,Random Forest,0.1607685627442466
2026-05-04 00:00:00+00:00,Random Forest,0.3113934388460694
2026-05-05 00:00:00+00:00,Random Forest,0.05755102040816326
2026-05-06 00:00:00+00:00,Random Forest,0.13551020408163264
2026-05-07 00:00:00+00:00,Random Forest,-0.19540816326530608
2026-05-08 00:00:00+00:00,Random Forest,0.03744897959183673
2026-05-09 00:00:00+00:00,Random Forest,0.40795918367346934
2026-05-10 00:00:00+00:00,Random Forest,0.41326530612244894
2026-05-11 00:00:00+00:00,Random Forest,0.13729942094827197
2026-05-12 00:00:00+00:00,Random Forest,0.3532743183373597
2026-05-13 00:00:00+00:00,Random Forest,-0.024286953447604304
2026-05-14 00:00:00+00:00,Random Forest,0.33030612244897956
2026-05-15 00:00:00+00:00,Random Forest,0.043215388161719194
2026-05-16 00:00:00+00:00,Random Forest,0.3482741907814583
2026-05-17 00:00:00+00:00,Random Forest,-0.34592719213276996
2026-05-18 00:00:00+00:00,Random Forest,0.5575510204081633
2026-05-19 00:00:00+00:00,Random Forest,-0.29704839418834605
2026-05-20 00:00:00+00:00,Random Forest,-0.030000765335408366
2026-05-21 00:00:00+00:00,Random Forest,0.3195831524099001
2026-05-22 00:00:00+00:00,Random Forest,-0.20299609205384278
2026-05-23 00:00:00+00:00,Random Forest,0.21482848458532347
2026-05-24 00:00:00+00:00,Random Forest,0.016608771168041683
2026-05-25 00:00:00+00:00,Random Forest,0.1471428571428571
2026-05-26 00:00:00+00:00,Random Forest,0.1354081632653061
2026-05-27 00:00:00+00:00,Random Forest,0.20673469387755097
2026-05-28 00:00:00+00:00,Random Forest,0.12612244897959182
2026-05-29 00:00:00+00:00,Random Forest,0.1360204081632653
2026-05-30 00:00:00+00:00,Random Forest,-0.4056665219279201
2026-05-31 00:00:00+00:00,Random Forest,0.07609639600521059
2026-06-01 00:00:00+00:00,Random Forest,0.0972644376899696
2026-06-02 00:00:00+00:00,Random Forest,-0.23518875358079147
2026-06-03 00:00:00+00:00,Random Forest,-0.017477203647416412
2026-06-04 00:00:00+00:00,Random Forest,0.1615284411636995
2026-06-05 00:00:00+00:00,Random Forest,0.13406426400347374
2026-06-06 00:00:00+00:00,Random Forest,-0.20191055145462442
2026-06-07 00:00:00+00:00,Random Forest,-0.08013682135096434
2026-06-08 00:00:00+00:00,Random Forest,-0.07609639600521059
2026-06-09 00:00:00+00:00,Random Forest,0.5313721233174121
2026-06-10 00:00:00+00:00,Random Forest,-0.3123100303951368
2026-06-11 00:00:00+00:00,Random Forest,0.4908814589665654
2026-06-12 00:00:00+00:00,Random Forest,0.00900998697351281
2026-06-13 00:00:00+00:00,Random Forest,0.20551020408163262
2026-06-14 00:00:00+00:00,Random Forest,0.09030612244897959
2026-06-15 00:00:00+00:00,Random Forest,0.18061224489795918
2026-06-16 00:00:00+00:00,Random Forest,0.14010204081632652
2026-06-17 00:00:00+00:00,Random Forest,-0.1707142857142857
2026-06-18 00:00:00+00:00,Random Forest,0.21357142857142855
2026-06-19 00:00:00+00:00,Random Forest,0.3098979591836734
2026-06-20 00:00:00+00:00,Random Forest,0.22010765587916956
2026-06-21 00:00:00+00:00,Random Forest,0.2304067532979805
2026-06-22 00:00:00+00:00,Random Forest,0.030701627603821245
2026-06-23 00:00:00+00:00,Random Forest,-0.07493061979648474
2026-06-24 00:00:00+00:00,Random Forest,0.09736636701475514
2026-06-25 00:00:00+00:00,Random Forest,0.33297678600829855
2026-06-26 00:00:00+00:00,Random Forest,0.5226641998149861
2026-06-27 00:00:00+00:00,Random Forest,0.20409933228152352
2026-06-28 00:00:00+00:00,Random Forest,-0.2251387604070305
2026-06-29 00:00:00+00:00,Random Forest,0.27752081406105455
2026-06-30 00:00:00+00:00,Random Forest,0.2712765957446809
2026-07-01 00:00:00+00:00,Random Forest,-0.17553191489361705
2026-07-02 00:00:00+00:00,Random Forest,-0.164031106425689
2026-07-03 00:00:00+00:00,Random Forest,0.15541165587419056
2026-07-04 00:00:00+00:00,Random Forest,0.26259227095093357
2026-07-05 00:00:00+00:00,Random Forest,0.03430308293530178
2026-07-06 00:00:00+00:00,Random Forest,0.5885753931544866
2026-07-07 00:00:00+00:00,Random Forest,0.015379278445883443
2026-07-08 00:00:00+00:00,Random Forest,0.11609620721554118
2026-07-09 00:00:00+00:00,Random Forest,0.2173913043478261
2026-07-10 00:00:00+00:00,Random Forest,0.5425531914893618
2026-07-11 00:00:00+00:00,Random Forest,-0.3127447656363746
2026-07-12 00:00:00+00:00,Random Forest,0.09343200740055504
2026-07-13 00:00:00+00:00,Random Forest,0.21825470243601602
2026-07-14 00:00:00+00:00,Random Forest,0.04939870490286771
2026-07-15 00:00:00+00:00,Random Forest,-0.00030835646006783845
2026-07-16 00:00:00+00:00,Random Forest,0.09840425531914894
2026-07-17 00:00:00+00:00,Random Forest,0.052156817742094484
2026-07-18 00:00:00+00:00,Random Forest,0.30829478877582484
2026-07-19 00:00:00+00:00,Random Forest,-0.14054887449892076
2026-07-20 00:00:00+00:00,Random Forest,0.33629355534998456
2026-07-21 00:00:00+00:00,Random Forest,-0.26144073023313186
2026-07-22 00:00:00+00:00,Random Forest,0.17681159420289855
2026-07-23 00:00:00+00:00,Random Forest,-0.08479802651865556
2026-07-24 00:00:00+00:00,Random Forest,0.2087573234659266
2026-07-25 00:00:00+00:00,Random Forest,0.4575624421831637
2026-07-26 00:00:00+00:00,Random Forest,0.23266167509939115
2026-07-27 00:00:00+00:00,Random Forest,0.1666281221091582
2021-07-30 00:00:00+00:00,LightGBM,-0.2783326096396005
2021-07-31 00:00:00+00:00,LightGBM,0.17683936283549934
2021-08-01 00:00:00+00:00,LightGBM,0.12386018237082067
2021-08-02 00:00:00+00:00,LightGBM,0.11691272253582284
2021-08-03 00:00:00+00:00,LightGBM,-0.039546716003700286
2021-08-04 00:00:00+00:00,LightGBM,0.03723834880921158
2021-08-05 00:00:00+00:00,LightGBM,0.05561979648473635
2021-08-06 00:00:00+00:00,LightGBM,0.02092969472710453
2021-08-07 00:00:00+00:00,LightGBM,0.1505550416281221
2021-08-08 00:00:00+00:00,LightGBM,0.09622448979591837
2021-08-09 00:00:00+00:00,LightGBM,0.003985594237695078
2021-08-10 00:00:00+00:00,LightGBM,0.23755102040816325
2021-08-11 00:00:00+00:00,LightGBM,-0.1756062424969988
2021-08-12 00:00:00+00:00,LightGBM,0.27097238895558223
2021-08-13 00:00:00+00:00,LightGBM,-0.1400720288115246
2021-08-14 00:00:00+00:00,LightGBM,-0.16110444177671068
2021-08-15 00:00:00+00:00,LightGBM,-0.06593037214885954
2021-08-16 00:00:00+00:00,LightGBM,0.1757983193277311
2021-08-17 00:00:00+00:00,LightGBM,0.13776710684273707
2021-08-18 00:00:00+00:00,LightGBM,-0.023193277310924368
2021-08-19 00:00:00+00:00,LightGBM,0.3486674669867947
2021-08-20 00:00:00+00:00,LightGBM,-0.08417767106842736
2021-08-21 00:00:00+00:00,LightGBM,0.1886674669867947
2021-08-22 00:00:00+00:00,LightGBM,-0.05153061224489795
2021-08-23 00:00:00+00:00,LightGBM,0.3407142857142857
2021-08-24 00:00:00+00:00,LightGBM,0.09469387755102039
2021-08-25 00:00:00+00:00,LightGBM,0.3574489795918367
2021-08-26 00:00:00+00:00,LightGBM,0.12142857142857141
2021-08-27 00:00:00+00:00,LightGBM,0.07214285714285713
2021-08-28 00:00:00+00:00,LightGBM,0.1104081632653061
2021-08-29 00:00:00+00:00,LightGBM,0.2704081632653061
2021-08-30 00:00:00+00:00,LightGBM,-0.0933673469387755
2021-08-31 00:00:00+00:00,LightGBM,0.12561224489795916
2021-09-01 00:00:00+00:00,LightGBM,0.14285714285714282
2021-09-02 00:00:00+00:00,LightGBM,0.27367346938775505
2021-09-03 00:00:00+00:00,LightGBM,-0.10765306122448977
2021-09-04 00:00:00+00:00,LightGBM,0.1624489795918367
2021-09-05 00:00:00+00:00,LightGBM,0.12
2021-09-06 00:00:00+00:00,LightGBM,0.19295918367346937
2021-09-07 00:00:00+00:00,LightGBM,0.20755102040816326
2021-09-08 00:00:00+00:00,LightGBM,0.17755102040816326
2021-09-09 00:00:00+00:00,LightGBM,0.26118106817194964
2021-09-10 00:00:00+00:00,LightGBM,-0.19735128093790705
2021-09-11 00:00:00+00:00,LightGBM,0.013135041250542769
2021-09-12 00:00:00+00:00,LightGBM,0.11246200607902736
2021-09-13 00:00:00+00:00,LightGBM,-0.23241424229266175
2021-09-14 00:00:00+00:00,LightGBM,-0.3302214502822406
2021-09-15 00:00:00+00:00,LightGBM,0.11551803885291397
2021-09-16 00:00:00+00:00,LightGBM,-0.037580943570767814
2021-09-17 00:00:00+00:00,LightGBM,0.17876965772432934
2021-09-18 00:00:00+00:00,LightGBM,-0.01399167437557817
2021-09-19 00:00:00+00:00,LightGBM,0.04278445883441258
2021-09-20 00:00:00+00:00,LightGBM,-0.3514107308048104
2021-09-21 00:00:00+00:00,LightGBM,0.05353839037927845
2021-09-22 00:00:00+00:00,LightGBM,-0.01705645977990069
2021-09-23 00:00:00+00:00,LightGBM,0.11355226641998149
2021-09-24 00:00:00+00:00,LightGBM,-0.10239953760973576
2021-09-25 00:00:00+00:00,LightGBM,-0.009597594819611472
2021-09-26 00:00:00+00:00,LightGBM,-0.0068223866790009255
2021-09-27 00:00:00+00:00,LightGBM,-0.12765957446808512
2021-09-28 00:00:00+00:00,LightGBM,0.06729879740980574
2021-09-29 00:00:00+00:00,LightGBM,0.10927382053654025
2021-09-30 00:00:00+00:00,LightGBM,-0.06805238359641733
2021-10-01 00:00:00+00:00,LightGBM,0.27764447411214616
2021-10-02 00:00:00+00:00,LightGBM,-0.03376503237742831
2021-10-03 00:00:00+00:00,LightGBM,0.0782608695652174
2021-10-04 00:00:00+00:00,LightGBM,-0.03318686401480111
2021-10-05 00:00:00+00:00,LightGBM,0.16385291396854768
2021-10-06 00:00:00+00:00,LightGBM,-0.010407030527289547
2021-10-07 00:00:00+00:00,LightGBM,0.12280296022201666
2021-10-08 00:00:00+00:00,LightGBM,0.09136116633315886
2021-10-09 00:00:00+00:00,LightGBM,0.17742830712303423
2021-10-10 00:00:00+00:00,LightGBM,0.19592969472710453
2021-10-11 00:00:00+00:00,LightGBM,0.022016651248843663
2021-10-12 00:00:00+00:00,LightGBM,0.13272071300522148
2021-10-13 00:00:00+00:00,LightGBM,0.12160737812911723
2021-10-14 00:00:00+00:00,LightGBM,0.31291172595520417
2021-10-15 00:00:00+00:00,LightGBM,0.09133518347209374
2021-10-16 00:00:00+00:00,LightGBM,0.36528677150786315
2021-10-17 00:00:00+00:00,LightGBM,-0.15217391304347827
2021-10-18 00:00:00+00:00,LightGBM,0.09262257169287696
2021-10-19 00:00:00+00:00,LightGBM,0.10021584952204748
2021-10-20 00:00:00+00:00,LightGBM,-0.0873882207832254
2021-10-21 00:00:00+00:00,LightGBM,0.011332099907493063
2021-10-22 00:00:00+00:00,LightGBM,0.11493987049028678
2021-10-23 00:00:00+00:00,LightGBM,-0.014107308048103607
2021-10-24 00:00:00+00:00,LightGBM,-0.13448196114708602
2021-10-25 00:00:00+00:00,LightGBM,-0.16917206290471787
2021-10-26 00:00:00+00:00,LightGBM,0.5104070305272896
2021-10-27 00:00:00+00:00,LightGBM,0.16858445505861921
2021-10-28 00:00:00+00:00,LightGBM,0.011398176291793311
2021-10-29 00:00:00+00:00,LightGBM,0.010204358567548765
2021-10-30 00:00:00+00:00,LightGBM,0.18389057750759877
2021-10-31 00:00:00+00:00,LightGBM,0.1392748588797221
2021-11-01 00:00:00+00:00,LightGBM,0.14497788156341887
2021-11-02 00:00:00+00:00,LightGBM,0.08651758575770734
2021-11-03 00:00:00+00:00,LightGBM,0.3269648284845853
2021-11-04 00:00:00+00:00,LightGBM,-0.04298740772904906
2021-11-05 00:00:00+00:00,LightGBM,0.31328701693443334
2021-11-06 00:00:00+00:00,LightGBM,-0.04504993486756405
2021-11-07 00:00:00+00:00,LightGBM,0.14947894051237515
2021-11-08 00:00:00+00:00,LightGBM,-0.13840642640034737
2021-11-09 00:00:00+00:00,LightGBM,-0.07989578810247502
2021-11-10 00:00:00+00:00,LightGBM,-0.014872309827172135
2021-11-11 00:00:00+00:00,LightGBM,-0.32729049066435084
2021-11-12 00:00:00+00:00,LightGBM,0.3220408163265306
2021-11-13 00:00:00+00:00,LightGBM,0.03265306122448979
2021-11-14 00:00:00+00:00,LightGBM,-0.011836734693877549
2021-11-15 00:00:00+00:00,LightGBM,-0.07918367346938773
2021-11-16 00:00:00+00:00,LightGBM,-0.091581868640148
2021-11-17 00:00:00+00:00,LightGBM,-0.04475023126734506
2021-11-18 00:00:00+00:00,LightGBM,0.3918825161887142
2021-11-19 00:00:00+00:00,LightGBM,0.20548103607770582
2021-11-20 00:00:00+00:00,LightGBM,-0.09747918593894543
2021-11-21 00:00:00+00:00,LightGBM,0.10779418150238818
2021-11-22 00:00:00+00:00,LightGBM,0.019973947025618756
2021-11-23 00:00:00+00:00,LightGBM,0.0924880590534086
2021-11-24 00:00:00+00:00,LightGBM,-0.0008684324793747286
2021-11-25 00:00:00+00:00,LightGBM,0.03582283977420755
2021-11-26 00:00:00+00:00,LightGBM,-0.15240990013026484
2021-11-27 00:00:00+00:00,LightGBM,-0.1426400347372992
2021-11-28 00:00:00+00:00,LightGBM,0.17433782023447675
2021-11-29 00:00:00+00:00,LightGBM,-0.11452453321754233
2021-11-30 00:00:00+00:00,LightGBM,0.19181502388189317
2021-12-01 00:00:00+00:00,LightGBM,0.2961977909740086
2021-12-02 00:00:00+00:00,LightGBM,0.17227529309596176
2021-12-03 00:00:00+00:00,LightGBM,0.1506730351715154
2021-12-04 00:00:00+00:00,LightGBM,-0.11170212765957445
2021-12-05 00:00:00+00:00,LightGBM,0.14861050803300044
2021-12-06 00:00:00+00:00,LightGBM,0.2243812418584455
2021-12-07 00:00:00+00:00,LightGBM,0.1868215371254885
2021-12-08 00:00:00+00:00,LightGBM,0.08193877551020406
2021-12-09 00:00:00+00:00,LightGBM,-0.1510204081632653
2021-12-10 00:00:00+00:00,LightGBM,0.11810681719496308
2021-12-11 00:00:00+00:00,LightGBM,0.03473729917498915
2021-12-12 00:00:00+00:00,LightGBM,0.11693877551020407
2021-12-13 00:00:00+00:00,LightGBM,-0.11775510204081631
2021-12-14 00:00:00+00:00,LightGBM,0.02040816326530612
2021-12-15 00:00:00+00:00,LightGBM,0.3460292355522781
2021-12-16 00:00:00+00:00,LightGBM,0.17551020408163262
2021-12-17 00:00:00+00:00,LightGBM,0.32775510204081626
2021-12-18 00:00:00+00:00,LightGBM,0.034999999999999996
2021-12-19 00:00:00+00:00,LightGBM,0.09653061224489794
2021-12-20 00:00:00+00:00,LightGBM,-0.08561224489795917
2021-12-21 00:00:00+00:00,LightGBM,-0.08204081632653061
2021-12-22 00:00:00+00:00,LightGBM,-0.5282653061224489
2021-12-23 00:00:00+00:00,LightGBM,-0.030612244897959183
2021-12-24 00:00:00+00:00,LightGBM,-0.08663265306122449
2021-12-25 00:00:00+00:00,LightGBM,-0.00857142857142857
2021-12-26 00:00:00+00:00,LightGBM,-0.19122448979591836
2021-12-27 00:00:00+00:00,LightGBM,0.25785714285714284
2021-12-28 00:00:00+00:00,LightGBM,0.08530612244897957
2021-12-29 00:00:00+00:00,LightGBM,-0.019693877551020405
2021-12-30 00:00:00+00:00,LightGBM,0.23806122448979591
2021-12-31 00:00:00+00:00,LightGBM,-0.007194061075327516
2022-01-01 00:00:00+00:00,LightGBM,-0.15295918367346936
2022-01-02 00:00:00+00:00,LightGBM,0.006122448979591837
2022-01-03 00:00:00+00:00,LightGBM,-0.037959183673469385
2022-01-04 00:00:00+00:00,LightGBM,0.38683673469387747
2022-01-05 00:00:00+00:00,LightGBM,0.2690884972431016
2022-01-06 00:00:00+00:00,LightGBM,0.2343877551020408
2022-01-07 00:00:00+00:00,LightGBM,-0.0286734693877551
2022-01-08 00:00:00+00:00,LightGBM,0.041020408163265305
2022-01-09 00:00:00+00:00,LightGBM,0.0993877551020408
2022-01-10 00:00:00+00:00,LightGBM,-0.006122448979591837
2022-01-11 00:00:00+00:00,LightGBM,-0.21255644283556335
2022-01-12 00:00:00+00:00,LightGBM,0.0510204081632653
2022-01-13 00:00:00+00:00,LightGBM,-0.02816326530612245
2022-01-14 00:00:00+00:00,LightGBM,-0.10551020408163263
2022-01-15 00:00:00+00:00,LightGBM,0.3636734693877551
2022-01-16 00:00:00+00:00,LightGBM,-0.13171668667466988
2022-01-17 00:00:00+00:00,LightGBM,0.27241296518607444
2022-01-18 00:00:00+00:00,LightGBM,-0.12259303721488594
2022-01-19 00:00:00+00:00,LightGBM,-0.253109243697479
2022-01-20 00:00:00+00:00,LightGBM,0.027899159663865542
2022-01-21 00:00:00+00:00,LightGBM,0.11827130852340936
2022-01-22 00:00:00+00:00,LightGBM,0.2846938775510204
2022-01-23 00:00:00+00:00,LightGBM,0.2932533013205282
2022-01-24 00:00:00+00:00,LightGBM,-0.09330132052821127
2022-01-25 00:00:00+00:00,LightGBM,0.027611044417767107
2022-01-26 00:00:00+00:00,LightGBM,0.01930418497999348
2022-01-27 00:00:00+00:00,LightGBM,-0.11764988358453737
2022-01-28 00:00:00+00:00,LightGBM,-0.11010804321728691
2022-01-29 00:00:00+00:00,LightGBM,0.01282112845138055
2022-01-30 00:00:00+00:00,LightGBM,-0.19744897959183672
2022-01-31 00:00:00+00:00,LightGBM,0.014591836734693876
2022-02-01 00:00:00+00:00,LightGBM,0.0008163265306122448
2022-02-02 00:00:00+00:00,LightGBM,0.06693877551020408
2022-02-03 00:00:00+00:00,LightGBM,0.14897959183673468
2022-02-04 00:00:00+00:00,LightGBM,0.07153061224489796
2022-02-05 00:00:00+00:00,LightGBM,-0.42632653061224485
2022-02-06 00:00:00+00:00,LightGBM,-0.2474489795918367
2022-02-07 00:00:00+00:00,LightGBM,0.1956122448979592
2022-02-08 00:00:00+00:00,LightGBM,0.016020408163265304
2022-02-09 00:00:00+00:00,LightGBM,0.4018367346938775
2022-02-10 00:00:00+00:00,LightGBM,0.1900781589231437
2022-02-11 00:00:00+00:00,LightGBM,-0.018128528006947458
2022-02-12 00:00:00+00:00,LightGBM,0.40056448111159354
2022-02-13 00:00:00+00:00,LightGBM,-0.18964394268345636
2022-02-14 00:00:00+00:00,LightGBM,-0.1783543204515849
2022-02-15 00:00:00+00:00,LightGBM,0.026052974381241857
2022-02-16 00:00:00+00:00,LightGBM,0.5311550151975684
2022-02-17 00:00:00+00:00,LightGBM,0.18918367346938775
2022-02-18 00:00:00+00:00,LightGBM,0.1959183673469388
2022-02-19 00:00:00+00:00,LightGBM,0.201734693877551
2022-02-20 00:00:00+00:00,LightGBM,-0.058163265306122446
2022-02-21 00:00:00+00:00,LightGBM,0.03551020408163265
2022-02-22 00:00:00+00:00,LightGBM,0.3075336517585758
2022-02-23 00:00:00+00:00,LightGBM,0.2317629179331307
2022-02-24 00:00:00+00:00,LightGBM,-0.39373265494912124
2022-02-25 00:00:00+00:00,LightGBM,0.08152173913043478
2022-02-26 00:00:00+00:00,LightGBM,0.32753623188405795
2022-02-27 00:00:00+00:00,LightGBM,-0.13672525439407954
2022-02-28 00:00:00+00:00,LightGBM,0.060499537465309894
2022-03-01 00:00:00+00:00,LightGBM,0.27190872648781994
2022-03-02 00:00:00+00:00,LightGBM,0.2843663274745606
2022-03-03 00:00:00+00:00,LightGBM,-0.1257477644156645
2022-03-04 00:00:00+00:00,LightGBM,0.038791242676534075
2022-03-05 00:00:00+00:00,LightGBM,0.09515880357693493
2022-03-06 00:00:00+00:00,LightGBM,0.35615171137835344
2022-03-07 00:00:00+00:00,LightGBM,0.03399728254434443
2022-03-08 00:00:00+00:00,LightGBM,-0.11343663274745605
2022-03-09 00:00:00+00:00,LightGBM,0.1568300955905026
2022-03-10 00:00:00+00:00,LightGBM,0.3110083256244218
2022-03-11 00:00:00+00:00,LightGBM,-0.23293246993524513
2022-03-12 00:00:00+00:00,LightGBM,0.12309969477621843
2022-03-13 00:00:00+00:00,LightGBM,0.002898550724637681
2022-03-14 00:00:00+00:00,LightGBM,0.26426963532870545
2022-03-15 00:00:00+00:00,LightGBM,-0.2099355516123485
2022-03-16 00:00:00+00:00,LightGBM,0.21270428615479492
2022-03-17 00:00:00+00:00,LightGBM,-0.062102991057662656
2022-03-18 00:00:00+00:00,LightGBM,-0.05544420120431883
2022-03-19 00:00:00+00:00,LightGBM,0.36794227406559077
2022-03-20 00:00:00+00:00,LightGBM,-0.05186555658341042
2022-03-21 00:00:00+00:00,LightGBM,0.04643991491307239
2022-03-22 00:00:00+00:00,LightGBM,-0.3620216474631274
2022-03-23 00:00:00+00:00,LightGBM,0.09088806660499538
2022-03-24 00:00:00+00:00,LightGBM,-0.05550416281221092
2022-03-25 00:00:00+00:00,LightGBM,0.42703515263644776
2022-03-26 00:00:00+00:00,LightGBM,-0.18848288621646622
2022-03-27 00:00:00+00:00,LightGBM,-0.18223866790009252
2022-03-28 00:00:00+00:00,LightGBM,0.012592270950933565
2022-03-29 00:00:00+00:00,LightGBM,0.1905123751628311
2022-03-30 00:00:00+00:00,LightGBM,-0.09863552266419984
2022-03-31 00:00:00+00:00,LightGBM,0.11135522664199816
2022-04-01 00:00:00+00:00,LightGBM,0.16022579244463744
2022-04-02 00:00:00+00:00,LightGBM,-0.10486322188449848
2022-04-03 00:00:00+00:00,LightGBM,-0.036540240518038856
2022-04-04 00:00:00+00:00,LightGBM,0.04151248843663275
2022-04-05 00:00:00+00:00,LightGBM,0.10094819611470862
2022-04-06 00:00:00+00:00,LightGBM,-0.021507863089731735
2022-04-07 00:00:00+00:00,LightGBM,0.29521276595744683
2022-04-08 00:00:00+00:00,LightGBM,0.18137526981190252
2022-04-09 00:00:00+00:00,LightGBM,0.18347209374036386
2022-04-10 00:00:00+00:00,LightGBM,0.09909805735430158
2022-04-11 00:00:00+00:00,LightGBM,-0.02105948762483717
2022-04-12 00:00:00+00:00,LightGBM,-0.20918131359851988
2022-04-13 00:00:00+00:00,LightGBM,-0.05908880666049954
2022-04-14 00:00:00+00:00,LightGBM,0.1435666404849281
2022-04-15 00:00:00+00:00,LightGBM,-0.13623534520191055
2022-04-16 00:00:00+00:00,LightGBM,0.21381284157990763
2022-04-17 00:00:00+00:00,LightGBM,0.24826549491211838
2022-04-18 00:00:00+00:00,LightGBM,-0.0836031452358927
2022-04-19 00:00:00+00:00,LightGBM,0.2808741905642923
2022-04-20 00:00:00+00:00,LightGBM,0.3103607770582794
2022-04-21 00:00:00+00:00,LightGBM,-0.006244218316373728
2022-04-22 00:00:00+00:00,LightGBM,-0.047525439407955596
2022-04-23 00:00:00+00:00,LightGBM,0.10210453283996301
2022-04-24 00:00:00+00:00,LightGBM,0.2708140610545791
2022-04-25 00:00:00+00:00,LightGBM,0.26595744680851063
2022-04-26 00:00:00+00:00,LightGBM,0.0408198664563047
2022-04-27 00:00:00+00:00,LightGBM,0.3949004077854974
2022-04-28 00:00:00+00:00,LightGBM,0.47247918593894545
2022-04-29 00:00:00+00:00,LightGBM,0.5783996299722479
2022-04-30 00:00:00+00:00,LightGBM,-0.05353839037927845
2022-05-01 00:00:00+00:00,LightGBM,0.3642460684551342
2022-05-02 00:00:00+00:00,LightGBM,0.13783533765032377
2022-05-03 00:00:00+00:00,LightGBM,-0.23543015726179464
2022-05-04 00:00:00+00:00,LightGBM,0.5826780758556892
2022-05-05 00:00:00+00:00,LightGBM,0.04209065679925994
2022-05-06 00:00:00+00:00,LightGBM,0.4277289546716004
2022-05-07 00:00:00+00:00,LightGBM,-0.057354301572617956
2022-05-08 00:00:00+00:00,LightGBM,0.026827012025901948
2022-05-09 00:00:00+00:00,LightGBM,0.20548103607770582
2022-05-10 00:00:00+00:00,LightGBM,0.40067067530064754
2022-05-11 00:00:00+00:00,LightGBM,-0.15772432932469935
2022-05-12 00:00:00+00:00,LightGBM,-0.00303951367781155
2022-05-13 00:00:00+00:00,LightGBM,-0.35938945420906565
2022-05-14 00:00:00+00:00,LightGBM,0.029743812418584453
2022-05-15 00:00:00+00:00,LightGBM,0.6364524533217543
2022-05-16 00:00:00+00:00,LightGBM,-0.1488276161528441
2022-05-17 00:00:00+00:00,LightGBM,0.18410768562744245
2022-05-18 00:00:00+00:00,LightGBM,-0.18899774751172765
2022-05-19 00:00:00+00:00,LightGBM,0.12201807478643414
2022-05-20 00:00:00+00:00,LightGBM,-0.44192357794181497
2022-05-21 00:00:00+00:00,LightGBM,0.21787391111776988
2022-05-22 00:00:00+00:00,LightGBM,0.3145896656534954
2022-05-23 00:00:00+00:00,LightGBM,0.07577073382544508
2022-05-24 00:00:00+00:00,LightGBM,0.0066217976552323055
2022-05-25 00:00:00+00:00,LightGBM,0.18975249674337819
2022-05-26 00:00:00+00:00,LightGBM,0.4687364307425098
2022-05-27 00:00:00+00:00,LightGBM,-0.18996960486322187
2022-05-28 00:00:00+00:00,LightGBM,-0.19594539589814383
2022-05-29 00:00:00+00:00,LightGBM,-0.1488276161528441
2022-05-30 00:00:00+00:00,LightGBM,0.1455709943551889
2022-05-31 00:00:00+00:00,LightGBM,0.5056448111159357
2022-06-01 00:00:00+00:00,LightGBM,-0.23909680579815057
2022-06-02 00:00:00+00:00,LightGBM,0.27192792010421185
2022-06-03 00:00:00+00:00,LightGBM,-0.12000977017473574
2022-06-04 00:00:00+00:00,LightGBM,0.5678462874511506
2022-06-05 00:00:00+00:00,LightGBM,-0.21081198436821533
2022-06-06 00:00:00+00:00,LightGBM,0.4191272253582284
2022-06-07 00:00:00+00:00,LightGBM,0.2908163265306122
2022-06-08 00:00:00+00:00,LightGBM,-0.023163265306122446
2022-06-09 00:00:00+00:00,LightGBM,-0.01806122448979592
2022-06-10 00:00:00+00:00,LightGBM,0.09132653061224488
2022-06-11 00:00:00+00:00,LightGBM,0.06744897959183672
2022-06-12 00:00:00+00:00,LightGBM,-0.15785714285714283
2022-06-13 00:00:00+00:00,LightGBM,0.03612244897959184
2022-06-14 00:00:00+00:00,LightGBM,-0.1377551020408163
2022-06-15 00:00:00+00:00,LightGBM,0.4139735894357743
2022-06-16 00:00:00+00:00,LightGBM,-0.27894357743097237
2022-06-17 00:00:00+00:00,LightGBM,0.009267707082833133
2022-06-18 00:00:00+00:00,LightGBM,-0.03270108043217287
2022-06-19 00:00:00+00:00,LightGBM,-0.029723889555822326
2022-06-20 00:00:00+00:00,LightGBM,0.09224489795918367
2022-06-21 00:00:00+00:00,LightGBM,0.13498199279711884
2022-06-22 00:00:00+00:00,LightGBM,-0.33675870348139253
2022-06-23 00:00:00+00:00,LightGBM,-0.16158463385354138
2022-06-24 00:00:00+00:00,LightGBM,-0.08216283706658917
2022-06-25 00:00:00+00:00,LightGBM,0.4258823529411764
2022-06-26 00:00:00+00:00,LightGBM,0.050085236154560196
2022-06-27 00:00:00+00:00,LightGBM,-0.03260504201680672
2022-06-28 00:00:00+00:00,LightGBM,0.12355342136854741
2022-06-29 00:00:00+00:00,LightGBM,0.1884753901560624
2022-06-30 00:00:00+00:00,LightGBM,0.14413633005532078
2022-07-01 00:00:00+00:00,LightGBM,-0.2671515414676509
2022-07-02 00:00:00+00:00,LightGBM,0.10454039681435597
2022-07-03 00:00:00+00:00,LightGBM,-0.0663265306122449
2022-07-04 00:00:00+00:00,LightGBM,0.0200825010855406
2022-07-05 00:00:00+00:00,LightGBM,0.06882327399044724
2022-07-06 00:00:00+00:00,LightGBM,-0.14231437255753362
2022-07-07 00:00:00+00:00,LightGBM,-0.14687364307425096
2022-07-08 00:00:00+00:00,LightGBM,-0.3240426630226922
2022-07-09 00:00:00+00:00,LightGBM,0.0589448545375597
2022-07-10 00:00:00+00:00,LightGBM,0.14112027789839338
2022-07-11 00:00:00+00:00,LightGBM,0.018996960486322188
2022-07-12 00:00:00+00:00,LightGBM,0.17954841511072514
2022-07-13 00:00:00+00:00,LightGBM,0.11452453321754233
2022-07-14 00:00:00+00:00,LightGBM,0.10389751445444151
2022-07-15 00:00:00+00:00,LightGBM,0.12961354754667823
2022-07-16 00:00:00+00:00,LightGBM,-0.013243595310464611
2022-07-17 00:00:00+00:00,LightGBM,-0.26791141988710376
2022-07-18 00:00:00+00:00,LightGBM,-0.12494572297003907
2022-07-19 00:00:00+00:00,LightGBM,0.36723838471558834
2022-07-20 00:00:00+00:00,LightGBM,0.5320234476769431
2022-07-21 00:00:00+00:00,LightGBM,0.08651758575770734
2022-07-22 00:00:00+00:00,LightGBM,0.1773773339122883
2022-07-23 00:00:00+00:00,LightGBM,0.23080481036077707
2022-07-24 00:00:00+00:00,LightGBM,0.22548566142460685
2022-07-25 00:00:00+00:00,LightGBM,0.20975948196114708
2022-07-26 00:00:00+00:00,LightGBM,0.2643385753931545
2022-07-27 00:00:00+00:00,LightGBM,0.2908186864014801
2022-07-28 00:00:00+00:00,LightGBM,-0.012950971322849215
2022-07-29 00:00:00+00:00,LightGBM,-0.1874421831637373
2022-07-30 00:00:00+00:00,LightGBM,-0.10106382978723405
2022-07-31 00:00:00+00:00,LightGBM,0.051572617946345975
2022-08-01 00:00:00+00:00,LightGBM,0.32481498612395926
2022-08-02 00:00:00+00:00,LightGBM,0.2288390379278446
2022-08-03 00:00:00+00:00,LightGBM,0.14512025901942646
2022-08-04 00:00:00+00:00,LightGBM,0.03295559666975023
2022-08-05 00:00:00+00:00,LightGBM,0.3289294904673052
2022-08-06 00:00:00+00:00,LightGBM,-0.026480111008325622
2022-08-07 00:00:00+00:00,LightGBM,-0.12679114198871036
2022-08-08 00:00:00+00:00,LightGBM,-0.02344767694311767
2022-08-09 00:00:00+00:00,LightGBM,0.3153495440729483
2022-08-10 00:00:00+00:00,LightGBM,0.2475301284808011
2022-08-11 00:00:00+00:00,LightGBM,0.1403603994789405
2022-08-12 00:00:00+00:00,LightGBM,-0.12984475160659567
2022-08-13 00:00:00+00:00,LightGBM,-0.1752062527138515
2022-08-14 00:00:00+00:00,LightGBM,0.07620495006513242
2022-08-15 00:00:00+00:00,LightGBM,-0.1718410768562744
2022-08-16 00:00:00+00:00,LightGBM,0.2567303517151541
2022-08-17 00:00:00+00:00,LightGBM,0.06350412505427702
2022-08-18 00:00:00+00:00,LightGBM,0.24837168910117238
2022-08-19 00:00:00+00:00,LightGBM,0.07810676584416314
2022-08-20 00:00:00+00:00,LightGBM,0.15959183673469385
2022-08-21 00:00:00+00:00,LightGBM,-0.12908163265306122
2022-08-22 00:00:00+00:00,LightGBM,-0.02173469387755102
2022-08-23 00:00:00+00:00,LightGBM,-0.04428571428571428
2022-08-24 00:00:00+00:00,LightGBM,0.23051020408163264
2022-08-25 00:00:00+00:00,LightGBM,0.2996938775510204
2022-08-26 00:00:00+00:00,LightGBM,-0.1610443184570063
2022-08-27 00:00:00+00:00,LightGBM,-0.13471558836300476
2022-08-28 00:00:00+00:00,LightGBM,-0.08260963960052106
2022-08-29 00:00:00+00:00,LightGBM,0.1743877551020408
2022-08-30 00:00:00+00:00,LightGBM,-0.2706842737094838
2022-08-31 00:00:00+00:00,LightGBM,-0.0024489795918367346
2022-09-01 00:00:00+00:00,LightGBM,0.055366146458583426
2022-09-02 00:00:00+00:00,LightGBM,0.16283313325330132
2022-09-03 00:00:00+00:00,LightGBM,0.18799519807923168
2022-09-04 00:00:00+00:00,LightGBM,0.15159663865546216
2022-09-05 00:00:00+00:00,LightGBM,0.11784196502712438
2022-09-06 00:00:00+00:00,LightGBM,0.12144057623049219
2022-09-07 00:00:00+00:00,LightGBM,0.24893754959275174
2022-09-08 00:00:00+00:00,LightGBM,-0.20643953042037805
2022-09-09 00:00:00+00:00,LightGBM,0.2876830732292917
2022-09-10 00:00:00+00:00,LightGBM,0.05430972388955582
2022-09-11 00:00:00+00:00,LightGBM,0.29162064825930367
2022-09-12 00:00:00+00:00,LightGBM,0.1413205282112845
2022-09-13 00:00:00+00:00,LightGBM,0.22439375750300117
2022-09-14 00:00:00+00:00,LightGBM,0.14093637454981991
2022-09-15 00:00:00+00:00,LightGBM,0.08177671068427371
2022-09-16 00:00:00+00:00,LightGBM,-0.0546938775510204
2022-09-17 00:00:00+00:00,LightGBM,0.21906888527047327
2022-09-18 00:00:00+00:00,LightGBM,0.2281632653061224
2022-09-19 00:00:00+00:00,LightGBM,0.18346938775510202
2022-09-20 00:00:00+00:00,LightGBM,0.25693877551020405
2022-09-21 00:00:00+00:00,LightGBM,0.15795918367346937
2022-09-22 00:00:00+00:00,LightGBM,-0.03448979591836734
2022-09-23 00:00:00+00:00,LightGBM,0.21295918367346936
2022-09-24 00:00:00+00:00,LightGBM,0.20612770740654726
2022-09-25 00:00:00+00:00,LightGBM,-0.017653061224489792
2022-09-26 00:00:00+00:00,LightGBM,-0.2916326530612245
2022-09-27 00:00:00+00:00,LightGBM,0.10178831095942126
2022-09-28 00:00:00+00:00,LightGBM,0.5558163265306122
2022-09-29 00:00:00+00:00,LightGBM,0.026122448979591834
2022-09-30 00:00:00+00:00,LightGBM,0.1627551020408163
2022-10-01 00:00:00+00:00,LightGBM,0.5589795918367346
2022-10-02 00:00:00+00:00,LightGBM,-0.012755102040816325
2022-10-03 00:00:00+00:00,LightGBM,-0.0523469387755102
2022-10-04 00:00:00+00:00,LightGBM,-0.16387755102040813
2022-10-05 00:00:00+00:00,LightGBM,0.07030612244897959
2022-10-06 00:00:00+00:00,LightGBM,-0.18326530612244896
2022-10-07 00:00:00+00:00,LightGBM,0.42438775510204074
2022-10-08 00:00:00+00:00,LightGBM,0.12683673469387752
2022-10-09 00:00:00+00:00,LightGBM,0.0008684324793747286
2022-10-10 00:00:00+00:00,LightGBM,0.13015631784628745
2022-10-11 00:00:00+00:00,LightGBM,0.32561673961023957
2022-10-12 00:00:00+00:00,LightGBM,0.1847590099869735
2022-10-13 00:00:00+00:00,LightGBM,0.24250976986539294
2022-10-14 00:00:00+00:00,LightGBM,0.1107251411202779
2022-10-15 00:00:00+00:00,LightGBM,0.2024533217542336
2022-10-16 00:00:00+00:00,LightGBM,-0.13122448979591836
2022-10-17 00:00:00+00:00,LightGBM,0.46251179892087896
2022-10-18 00:00:00+00:00,LightGBM,0.38081632653061226
2022-10-19 00:00:00+00:00,LightGBM,0.050306122448979584
2022-10-20 00:00:00+00:00,LightGBM,0.1104081632653061
2022-10-21 00:00:00+00:00,LightGBM,0.3607234879614577
2022-10-22 00:00:00+00:00,LightGBM,-0.005510204081632652
2022-10-23 00:00:00+00:00,LightGBM,0.3879591836734693
2022-10-24 00:00:00+00:00,LightGBM,-0.21918367346938775
2022-10-25 00:00:00+00:00,LightGBM,0.26387755102040816
2022-10-26 00:00:00+00:00,LightGBM,-0.051734693877551016
2022-10-27 00:00:00+00:00,LightGBM,-0.0523469387755102
2022-10-28 00:00:00+00:00,LightGBM,0.24224489795918364
2022-10-29 00:00:00+00:00,LightGBM,0.009081632653061224
2022-10-30 00:00:00+00:00,LightGBM,0.06744897959183672
2022-10-31 00:00:00+00:00,LightGBM,0.02923543968909693
2022-11-01 00:00:00+00:00,LightGBM,-0.02357142857142857
2022-11-02 00:00:00+00:00,LightGBM,-0.13015638158269854
2022-11-03 00:00:00+00:00,LightGBM,0.05071557949557128
2022-11-04 00:00:00+00:00,LightGBM,0.15447242726877985
2022-11-05 00:00:00+00:00,LightGBM,0.39897959183673465
2022-11-06 00:00:00+00:00,LightGBM,0.12255102040816325
2022-11-07 00:00:00+00:00,LightGBM,0.22336734693877547
2022-11-08 00:00:00+00:00,LightGBM,0.23418367346938773
2022-11-09 00:00:00+00:00,LightGBM,-0.17479591836734695
2022-11-10 00:00:00+00:00,LightGBM,0.24816326530612243
2022-11-11 00:00:00+00:00,LightGBM,0.18397959183673468
2022-11-12 00:00:00+00:00,LightGBM,-0.0016326530612244896
2022-11-13 00:00:00+00:00,LightGBM,0.02183673469387755
2022-11-14 00:00:00+00:00,LightGBM,0.09581632653061223
2022-11-15 00:00:00+00:00,LightGBM,-0.03343465045592705
2022-11-16 00:00:00+00:00,LightGBM,-0.11877551020408163
2022-11-17 00:00:00+00:00,LightGBM,0.004795918367346938
2022-11-18 00:00:00+00:00,LightGBM,-0.1017151541467651
2022-11-19 00:00:00+00:00,LightGBM,0.30590534085974813
2022-11-20 00:00:00+00:00,LightGBM,0.025510204081632654
2022-11-21 00:00:00+00:00,LightGBM,-0.19366044290056447
2022-11-22 00:00:00+00:00,LightGBM,0.14415979157620495
2022-11-23 00:00:00+00:00,LightGBM,0.084020842379505
2022-11-24 00:00:00+00:00,LightGBM,-0.09042553191489362
2022-11-25 00:00:00+00:00,LightGBM,0.20690965350795687
2022-11-26 00:00:00+00:00,LightGBM,-0.08543204515848893
2022-11-27 00:00:00+00:00,LightGBM,-0.04526704298740773
2022-11-28 00:00:00+00:00,LightGBM,0.0021710811984368217
2022-11-29 00:00:00+00:00,LightGBM,-0.16272253582283974
2022-11-30 00:00:00+00:00,LightGBM,-0.07099435518888406
2022-12-01 00:00:00+00:00,LightGBM,0.09661311333043857
2022-12-02 00:00:00+00:00,LightGBM,0.2736647850629613
2022-12-03 00:00:00+00:00,LightGBM,-0.09368215371254884
2022-12-04 00:00:00+00:00,LightGBM,-0.13971286677058786
2022-12-05 00:00:00+00:00,LightGBM,-0.07381676074685194
2022-12-06 00:00:00+00:00,LightGBM,0.23653929656969172
2022-12-07 00:00:00+00:00,LightGBM,0.20455596669750237
2022-12-08 00:00:00+00:00,LightGBM,0.16109422492401215
2022-12-09 00:00:00+00:00,LightGBM,0.3213200173686496
2022-12-10 00:00:00+00:00,LightGBM,0.4738384715588363
2022-12-11 00:00:00+00:00,LightGBM,-0.045496499857542
2022-12-12 00:00:00+00:00,LightGBM,0.2027789839339991
2022-12-13 00:00:00+00:00,LightGBM,0.116804168475901
2022-12-14 00:00:00+00:00,LightGBM,-0.2770299609205384
2022-12-15 00:00:00+00:00,LightGBM,0.47275293095961796
2022-12-16 00:00:00+00:00,LightGBM,-0.15458517659776
2022-12-17 00:00:00+00:00,LightGBM,0.11604429005644812
2022-12-18 00:00:00+00:00,LightGBM,0.4083914567140261
2022-12-19 00:00:00+00:00,LightGBM,-0.22503256621797654
2022-12-20 00:00:00+00:00,LightGBM,0.41511072514112024
2022-12-21 00:00:00+00:00,LightGBM,-0.13211029092488058
2022-12-22 00:00:00+00:00,LightGBM,0.07805036908380372
2022-12-23 00:00:00+00:00,LightGBM,0.1976769431176726
2022-12-24 00:00:00+00:00,LightGBM,0.3664097296590806
2022-12-25 00:00:00+00:00,LightGBM,-0.08391228831958317
2022-12-26 00:00:00+00:00,LightGBM,-0.14567954841511072
2022-12-27 00:00:00+00:00,LightGBM,0.5314408230578189
2022-12-28 00:00:00+00:00,LightGBM,0.1242434934102081
2022-12-29 00:00:00+00:00,LightGBM,0.18823273990447245
2022-12-30 00:00:00+00:00,LightGBM,-0.2815892314372557
2022-12-31 00:00:00+00:00,LightGBM,-0.27388189318280504
2023-01-01 00:00:00+00:00,LightGBM,-0.369518019973947
2023-01-02 00:00:00+00:00,LightGBM,0.06404689535388623
2023-01-03 00:00:00+00:00,LightGBM,-0.02344767694311767
2023-01-04 00:00:00+00:00,LightGBM,0.1580047222879492
2023-01-05 00:00:00+00:00,LightGBM,0.045809813287016936
2023-01-06 00:00:00+00:00,LightGBM,-0.03332609639600521
2023-01-07 00:00:00+00:00,LightGBM,-0.10638297872340426
2023-01-08 00:00:00+00:00,LightGBM,-0.4648284845853235
2023-01-09 00:00:00+00:00,LightGBM,-0.005861919235779418
2023-01-10 00:00:00+00:00,LightGBM,0.2935301780286583
2023-01-11 00:00:00+00:00,LightGBM,-0.048681776133209995
2023-01-12 00:00:00+00:00,LightGBM,-0.10147148106347699
2023-01-13 00:00:00+00:00,LightGBM,0.04449093090557158
2023-01-14 00:00:00+00:00,LightGBM,0.13417281806339557
2023-01-15 00:00:00+00:00,LightGBM,0.3687581415544941
2023-01-16 00:00:00+00:00,LightGBM,0.034999999999999996
2023-01-17 00:00:00+00:00,LightGBM,-0.018391356542617046
2023-01-18 00:00:00+00:00,LightGBM,-0.085906362545018
2023-01-19 00:00:00+00:00,LightGBM,0.06439530362729168
2023-01-20 00:00:00+00:00,LightGBM,0.21248499399759901
2023-01-21 00:00:00+00:00,LightGBM,-0.3701800720288115
2023-01-22 00:00:00+00:00,LightGBM,0.03078031212484994
2023-01-23 00:00:00+00:00,LightGBM,0.41051020408163263
2023-01-24 00:00:00+00:00,LightGBM,0.17477203647416412
2023-01-25 00:00:00+00:00,LightGBM,0.024641771602257924
2023-01-26 00:00:00+00:00,LightGBM,0.2682370820668693
2023-01-27 00:00:00+00:00,LightGBM,-0.20006513243595309
2023-01-28 00:00:00+00:00,LightGBM,0.005753365175857577
2023-01-29 00:00:00+00:00,LightGBM,0.2543421623968737
2023-01-30 00:00:00+00:00,LightGBM,-0.24381241858445504
2023-01-31 00:00:00+00:00,LightGBM,0.020299609205384282
2023-02-01 00:00:00+00:00,LightGBM,0.32583385362231504
2023-02-02 00:00:00+00:00,LightGBM,-0.05666521927920104
2023-02-03 00:00:00+00:00,LightGBM,0.30199739470256187
2023-02-04 00:00:00+00:00,LightGBM,0.3131784628745115
2023-02-05 00:00:00+00:00,LightGBM,0.015816326530612244
2023-02-06 00:00:00+00:00,LightGBM,-0.12489795918367347
2023-02-07 00:00:00+00:00,LightGBM,0.08163265306122448
2023-02-08 00:00:00+00:00,LightGBM,0.171734693877551
2023-02-09 00:00:00+00:00,LightGBM,-0.07112244897959182
2023-02-10 00:00:00+00:00,LightGBM,0.07469387755102042
2023-02-11 00:00:00+00:00,LightGBM,0.28255102040816327
2023-02-12 00:00:00+00:00,LightGBM,0.004081632653061224
2023-02-13 00:00:00+00:00,LightGBM,0.06775510204081632
2023-02-14 00:00:00+00:00,LightGBM,-0.06449144112917717
2023-02-15 00:00:00+00:00,LightGBM,0.04204081632653061
2023-02-16 00:00:00+00:00,LightGBM,-0.12857142857142856
2023-02-17 00:00:00+00:00,LightGBM,-0.2946938775510204
2023-02-18 00:00:00+00:00,LightGBM,0.11846938775510203
2023-02-19 00:00:00+00:00,LightGBM,-0.16255102040816324
2023-02-20 00:00:00+00:00,LightGBM,-0.09255102040816325
2023-02-21 00:00:00+00:00,LightGBM,-0.19969387755102036
2023-02-22 00:00:00+00:00,LightGBM,-0.014795918367346936
2023-02-23 00:00:00+00:00,LightGBM,0.19153061224489795
2023-02-24 00:00:00+00:00,LightGBM,-0.2504081632653061
2023-02-25 00:00:00+00:00,LightGBM,-0.08846938775510203
2023-02-26 00:00:00+00:00,LightGBM,0.10530612244897959
2023-02-27 00:00:00+00:00,LightGBM,0.20775510204081632
2023-02-28 00:00:00+00:00,LightGBM,-0.04285714285714285
2023-03-01 00:00:00+00:00,LightGBM,0.47102040816326524
2023-03-02 00:00:00+00:00,LightGBM,0.34398836716211423
2023-03-03 00:00:00+00:00,LightGBM,0.32673469387755094
2023-03-04 00:00:00+00:00,LightGBM,-0.02510204081632653
2023-03-05 00:00:00+00:00,LightGBM,-0.11520408163265305
2023-03-06 00:00:00+00:00,LightGBM,0.31602847021686975
2023-03-07 00:00:00+00:00,LightGBM,0.5672448979591836
2023-03-08 00:00:00+00:00,LightGBM,-0.07622448979591837
2023-03-09 00:00:00+00:00,LightGBM,0.13551020408163264
2023-03-10 00:00:00+00:00,LightGBM,0.40367346938775506
2023-03-11 00:00:00+00:00,LightGBM,-0.4557142857142856
2023-03-12 00:00:00+00:00,LightGBM,-0.19270108043217285
2023-03-13 00:00:00+00:00,LightGBM,-0.474765906362545
2023-03-14 00:00:00+00:00,LightGBM,0.2934453781512605
2023-03-15 00:00:00+00:00,LightGBM,-0.12067226890756304
2023-03-16 00:00:00+00:00,LightGBM,-0.07188647988818468
2023-03-17 00:00:00+00:00,LightGBM,0.018104980153625345
2023-03-18 00:00:00+00:00,LightGBM,0.07668667466986795
2023-03-19 00:00:00+00:00,LightGBM,0.41960254101768435
2023-03-20 00:00:00+00:00,LightGBM,-0.0563265306122449
2023-03-21 00:00:00+00:00,LightGBM,-0.12921968787515006
2023-03-22 00:00:00+00:00,LightGBM,0.3381992797118847
2023-03-23 00:00:00+00:00,LightGBM,0.3598079231692677
2023-03-24 00:00:00+00:00,LightGBM,0.22122448979591836
2023-03-25 00:00:00+00:00,LightGBM,-0.23351740696278508
2023-03-26 00:00:00+00:00,LightGBM,0.35857142857142854
2023-03-27 00:00:00+00:00,LightGBM,-0.31785714285714284
2023-03-28 00:00:00+00:00,LightGBM,-0.06908163265306122
2023-03-29 00:00:00+00:00,LightGBM,0.2411224489795918
2023-03-30 00:00:00+00:00,LightGBM,0.11962657403386888
2023-03-31 00:00:00+00:00,LightGBM,0.26063829787234044
2023-04-01 00:00:00+00:00,LightGBM,0.23643074250976986
2023-04-02 00:00:00+00:00,LightGBM,0.2798523664785063
2023-04-03 00:00:00+00:00,LightGBM,-0.24978289188015632
2023-04-04 00:00:00+00:00,LightGBM,-0.2026704298740773
2023-04-05 00:00:00+00:00,LightGBM,0.20234476769431176
2023-04-06 00:00:00+00:00,LightGBM,0.18389057750759877
2023-04-07 00:00:00+00:00,LightGBM,0.2783326096396005
2023-04-08 00:00:00+00:00,LightGBM,-0.03734259661311333
2023-04-09 00:00:00+00:00,LightGBM,-0.07750759878419453
2023-04-10 00:00:00+00:00,LightGBM,0.20983499782891882
2023-04-11 00:00:00+00:00,LightGBM,0.1955058619192358
2023-04-12 00:00:00+00:00,LightGBM,0.40848892748588794
2023-04-13 00:00:00+00:00,LightGBM,0.012700825010855408
2023-04-14 00:00:00+00:00,LightGBM,0.413265306122449
2023-04-15 00:00:00+00:00,LightGBM,0.34802431610942247
2023-04-16 00:00:00+00:00,LightGBM,0.14285714285714285
2023-04-17 00:00:00+00:00,LightGBM,0.30167173252279633
2023-04-18 00:00:00+00:00,LightGBM,0.1323273990447243
2023-04-19 00:00:00+00:00,LightGBM,0.07316543638732088
2023-04-20 00:00:00+00:00,LightGBM,0.2899478940512375
2023-04-21 00:00:00+00:00,LightGBM,-0.2901248843663275
2023-04-22 00:00:00+00:00,LightGBM,0.3568917668825161
2023-04-23 00:00:00+00:00,LightGBM,-0.23589269195189635
2023-04-24 00:00:00+00:00,LightGBM,-0.333950046253469
2023-04-25 00:00:00+00:00,LightGBM,0.1330249768732655
2023-04-26 00:00:00+00:00,LightGBM,-0.1868023435090965
2023-04-27 00:00:00+00:00,LightGBM,0.2958371877890842
2023-04-28 00:00:00+00:00,LightGBM,0.1850755473327166
2023-04-29 00:00:00+00:00,LightGBM,0.2835029293863707
2023-04-30 00:00:00+00:00,LightGBM,0.23009559050262102
2023-05-01 00:00:00+00:00,LightGBM,0.2790240518038853
2023-05-02 00:00:00+00:00,LightGBM,-0.2960222016651249
2023-05-03 00:00:00+00:00,LightGBM,0.46750693802035154
2023-05-04 00:00:00+00:00,LightGBM,0.2919750231267345
2023-05-05 00:00:00+00:00,LightGBM,0.6755319148936171
2023-05-06 00:00:00+00:00,LightGBM,0.16547178538390378
2023-05-07 00:00:00+00:00,LightGBM,0.3708371877890842
2023-05-08 00:00:00+00:00,LightGBM,0.04693330046327768
2023-05-09 00:00:00+00:00,LightGBM,-0.268331791551033
2023-05-10 00:00:00+00:00,LightGBM,0.7536848596978106
2023-05-11 00:00:00+00:00,LightGBM,-0.1564600678384212
2023-05-12 00:00:00+00:00,LightGBM,0.14054887449892076
2023-05-13 00:00:00+00:00,LightGBM,-0.1822386679000925
2023-05-14 00:00:00+00:00,LightGBM,-0.13691449018196641
2023-05-15 00:00:00+00:00,LightGBM,-0.13045087374897507
2023-05-16 00:00:00+00:00,LightGBM,-0.06407647240209681
2023-05-17 00:00:00+00:00,LightGBM,0.19013259327782916
2023-05-18 00:00:00+00:00,LightGBM,0.10644387272812601
2023-05-19 00:00:00+00:00,LightGBM,0.14269195189639222
2023-05-20 00:00:00+00:00,LightGBM,0.5620537136285241
2023-05-21 00:00:00+00:00,LightGBM,0.10060129509713228
2023-05-22 00:00:00+00:00,LightGBM,0.03480573543015726
2023-05-23 00:00:00+00:00,LightGBM,0.23485198889916745
2023-05-24 00:00:00+00:00,LightGBM,0.11285846438482885
2023-05-25 00:00:00+00:00,LightGBM,-0.0922709509335649
2023-05-26 00:00:00+00:00,LightGBM,0.007490230134607034
2023-05-27 00:00:00+00:00,LightGBM,-0.09878419452887537
2023-05-28 00:00:00+00:00,LightGBM,-0.022432932469935246
2023-05-29 00:00:00+00:00,LightGBM,0.09736355226641999
2023-05-30 00:00:00+00:00,LightGBM,0.4984967622571694
2023-05-31 00:00:00+00:00,LightGBM,-0.0043940795559666975
2023-06-01 00:00:00+00:00,LightGBM,0.11401480111008326
2023-06-02 00:00:00+00:00,LightGBM,0.42312673450508786
2023-06-03 00:00:00+00:00,LightGBM,-0.13438174529756397
2023-06-04 00:00:00+00:00,LightGBM,0.6336856941508104
2023-06-05 00:00:00+00:00,LightGBM,-0.46638477801268496
2023-06-06 00:00:00+00:00,LightGBM,0.33276955602536995
2023-06-07 00:00:00+00:00,LightGBM,0.23749119097956306
2023-06-08 00:00:00+00:00,LightGBM,0.06229739252995067
2023-06-09 00:00:00+00:00,LightGBM,0.2817477096546864
2023-06-10 00:00:00+00:00,LightGBM,-0.12642706131078224
2023-06-11 00:00:00+00:00,LightGBM,-0.08089591567852437
2023-06-12 00:00:00+00:00,LightGBM,-0.00461133069828722
2023-06-13 00:00:00+00:00,LightGBM,0.06737138830162086
2023-06-14 00:00:00+00:00,LightGBM,-0.21594202898550724
2023-06-15 00:00:00+00:00,LightGBM,-0.027667984189723313
2023-06-16 00:00:00+00:00,LightGBM,0.19499341238471674
2023-06-17 00:00:00+00:00,LightGBM,0.23109354413702238
2023-06-18 00:00:00+00:00,LightGBM,-0.09301712779973649
2023-06-19 00:00:00+00:00,LightGBM,-0.41317523056653493
2023-06-20 00:00:00+00:00,LightGBM,-0.20172679617637992
2023-06-21 00:00:00+00:00,LightGBM,0.16188714153561518
2023-06-22 00:00:00+00:00,LightGBM,0.0874190564292322
2023-06-23 00:00:00+00:00,LightGBM,0.06876349059512796
2023-06-24 00:00:00+00:00,LightGBM,0.04286154794942954
2023-06-25 00:00:00+00:00,LightGBM,0.08035769349367869
2023-06-26 00:00:00+00:00,LightGBM,0.005434782608695652
2023-06-27 00:00:00+00:00,LightGBM,0.47779833487511564
2023-06-28 00:00:00+00:00,LightGBM,0.013760407030527291
2023-06-29 00:00:00+00:00,LightGBM,0.12627197039777985
2023-06-30 00:00:00+00:00,LightGBM,-0.053654024051803896
2023-07-01 00:00:00+00:00,LightGBM,0.35279833487511564
2023-07-02 00:00:00+00:00,LightGBM,-0.04544403330249769
2023-07-03 00:00:00+00:00,LightGBM,0.4641535615171138
2023-07-04 00:00:00+00:00,LightGBM,0.18189176688251618
2023-07-05 00:00:00+00:00,LightGBM,-0.09736355226641999
2023-07-06 00:00:00+00:00,LightGBM,0.14280758556891765
2023-07-07 00:00:00+00:00,LightGBM,0.3689870490286771
2023-07-08 00:00:00+00:00,LightGBM,-0.0190795559666975
2023-07-09 00:00:00+00:00,LightGBM,0.12812210915818686
2023-07-10 00:00:00+00:00,LightGBM,0.112627197039778
2023-07-11 00:00:00+00:00,LightGBM,0.005666049953746532
2023-07-12 00:00:00+00:00,LightGBM,0.38621646623496764
2023-07-13 00:00:00+00:00,LightGBM,0.11077705827937095
2023-07-14 00:00:00+00:00,LightGBM,0.0694958371877891
2023-07-15 00:00:00+00:00,LightGBM,-0.1498612395929695
2023-07-16 00:00:00+00:00,LightGBM,0.04058741905642923
2023-07-17 00:00:00+00:00,LightGBM,0.09898242368177614
2023-07-18 00:00:00+00:00,LightGBM,0.06544865864939871
2023-07-19 00:00:00+00:00,LightGBM,0.10268566972577502
2023-07-20 00:00:00+00:00,LightGBM,0.03896854764107308
2023-07-21 00:00:00+00:00,LightGBM,0.3834412580943571
2023-07-22 00:00:00+00:00,LightGBM,0.21149398704902866
2023-07-23 00:00:00+00:00,LightGBM,0.2267576318223867
2023-07-24 00:00:00+00:00,LightGBM,0.06891766882516188
2023-07-25 00:00:00+00:00,LightGBM,0.01156336725254394
2023-07-26 00:00:00+00:00,LightGBM,0.03573080481036078
2023-07-27 00:00:00+00:00,LightGBM,-0.0980243161094225
2023-07-28 00:00:00+00:00,LightGBM,0.2660730804810361
2023-07-29 00:00:00+00:00,LightGBM,0.18512950971322847
2023-07-30 00:00:00+00:00,LightGBM,0.22051341350601295
2023-07-31 00:00:00+00:00,LightGBM,0.2082562442183164
2023-08-01 00:00:00+00:00,LightGBM,-0.00021710811984368216
2023-08-02 00:00:00+00:00,LightGBM,0.22948328267477205
2023-08-03 00:00:00+00:00,LightGBM,0.2516326530612245
2023-08-04 00:00:00+00:00,LightGBM,0.2714285714285714
2023-08-05 00:00:00+00:00,LightGBM,-0.11296206539556825
2023-08-06 00:00:00+00:00,LightGBM,0.3009183673469388
2023-08-07 00:00:00+00:00,LightGBM,0.29602795999326414
2023-08-08 00:00:00+00:00,LightGBM,-0.17168805332253254
2023-08-09 00:00:00+00:00,LightGBM,0.4196938775510204
2023-08-10 00:00:00+00:00,LightGBM,0.08365146824663841
2023-08-11 00:00:00+00:00,LightGBM,0.2910444177671068
2023-08-12 00:00:00+00:00,LightGBM,-0.016182472989195677
2023-08-13 00:00:00+00:00,LightGBM,-0.16312124849939974
2023-08-14 00:00:00+00:00,LightGBM,0.5454501800720287
2023-08-15 00:00:00+00:00,LightGBM,-0.07466986794717888
2023-08-16 00:00:00+00:00,LightGBM,0.17743097238895558
2023-08-17 00:00:00+00:00,LightGBM,-0.05959183673469388
2023-08-18 00:00:00+00:00,LightGBM,0.06734693877551019
2023-08-19 00:00:00+00:00,LightGBM,0.13234693877551018
2023-08-20 00:00:00+00:00,LightGBM,0.4730612244897959
2023-08-21 00:00:00+00:00,LightGBM,0.15224489795918364
2023-08-22 00:00:00+00:00,LightGBM,0.09418367346938775
2023-08-23 00:00:00+00:00,LightGBM,0.353126356925749
2023-08-24 00:00:00+00:00,LightGBM,0.3048198002605297
2023-08-25 00:00:00+00:00,LightGBM,0.034085974815458095
2023-08-26 00:00:00+00:00,LightGBM,-0.1033434650455927
2023-08-27 00:00:00+00:00,LightGBM,0.17325227963525838
2023-08-28 00:00:00+00:00,LightGBM,-0.054819800260529745
2023-08-29 00:00:00+00:00,LightGBM,0.23686495874945726
2023-08-30 00:00:00+00:00,LightGBM,-0.059921841076856275
2023-08-31 00:00:00+00:00,LightGBM,0.16500217108119844
2023-09-01 00:00:00+00:00,LightGBM,0.21819958213588314
2023-09-02 00:00:00+00:00,LightGBM,0.17075553625705603
2023-09-03 00:00:00+00:00,LightGBM,0.2511940946591402
2023-09-04 00:00:00+00:00,LightGBM,-0.05601389491967
2023-09-05 00:00:00+00:00,LightGBM,-0.001519756838905775
2023-09-06 00:00:00+00:00,LightGBM,0.06849761181068172
2023-09-07 00:00:00+00:00,LightGBM,0.149320161804929
2023-09-08 00:00:00+00:00,LightGBM,-0.029093277618117756
2023-09-09 00:00:00+00:00,LightGBM,0.14101172383847155
2023-09-10 00:00:00+00:00,LightGBM,0.4843682153712549
2023-09-11 00:00:00+00:00,LightGBM,0.05585257960642381
2023-09-12 00:00:00+00:00,LightGBM,-0.14101172383847155
2023-09-13 00:00:00+00:00,LightGBM,-0.16326530612244897
2023-09-14 00:00:00+00:00,LightGBM,-0.033364168979340116
2023-09-15 00:00:00+00:00,LightGBM,0.22331174838112858
2023-09-16 00:00:00+00:00,LightGBM,0.2143077397471477
2023-09-17 00:00:00+00:00,LightGBM,0.0667900092506938
2023-09-18 00:00:00+00:00,LightGBM,-0.22639531298180696
2023-09-19 00:00:00+00:00,LightGBM,-0.10453283996299723
2023-09-20 00:00:00+00:00,LightGBM,0.3033610854147394
2023-09-21 00:00:00+00:00,LightGBM,-0.25985320619594887
2023-09-22 00:00:00+00:00,LightGBM,0.37736663583102065
2023-09-23 00:00:00+00:00,LightGBM,0.08788159111933394
2023-09-24 00:00:00+00:00,LightGBM,0.10921985815602836
2023-09-25 00:00:00+00:00,LightGBM,-0.03570767807585569
2023-09-26 00:00:00+00:00,LightGBM,0.077214838607127
2023-09-27 00:00:00+00:00,LightGBM,0.08418131359851988
2023-09-28 00:00:00+00:00,LightGBM,-0.010669133518347208
2023-09-29 00:00:00+00:00,LightGBM,0.22725871106999687
2023-09-30 00:00:00+00:00,LightGBM,0.06456984273820536
2023-10-01 00:00:00+00:00,LightGBM,0.16423065063213071
2023-10-02 00:00:00+00:00,LightGBM,0.28191489361702127
2023-10-03 00:00:00+00:00,LightGBM,0.25185013876040707
2023-10-04 00:00:00+00:00,LightGBM,0.027520814061054583
2023-10-05 00:00:00+00:00,LightGBM,0.09227567067530064
2023-10-06 00:00:00+00:00,LightGBM,0.28628696550661625
2023-10-07 00:00:00+00:00,LightGBM,0.4561825470243602
2023-10-08 00:00:00+00:00,LightGBM,0.13191489361702127
2023-10-09 00:00:00+00:00,LightGBM,0.25254394079555964
2023-10-10 00:00:00+00:00,LightGBM,0.2090040086339809
2023-10-11 00:00:00+00:00,LightGBM,-0.2666049953746531
2023-10-12 00:00:00+00:00,LightGBM,0.15423990132593277
2023-10-13 00:00:00+00:00,LightGBM,0.10046253469010176
2023-10-14 00:00:00+00:00,LightGBM,-0.12969872651021414
2023-10-15 00:00:00+00:00,LightGBM,0.21739130434782608
2023-10-16 00:00:00+00:00,LightGBM,0.3628584643848289
2023-10-17 00:00:00+00:00,LightGBM,0.377890841813136
2023-10-18 00:00:00+00:00,LightGBM,0.3545328399629972
2023-10-19 00:00:00+00:00,LightGBM,-0.2724329324699353
2023-10-20 00:00:00+00:00,LightGBM,0.1414199814986124
2023-10-21 00:00:00+00:00,LightGBM,-0.19449583718778907
2023-10-22 00:00:00+00:00,LightGBM,0.19321615787850752
2023-10-23 00:00:00+00:00,LightGBM,-0.04964539007092198
2023-10-24 00:00:00+00:00,LightGBM,-0.2960269214068606
2023-10-25 00:00:00+00:00,LightGBM,-0.033651758575770734
2023-10-26 00:00:00+00:00,LightGBM,0.35160660008684325
2023-10-27 00:00:00+00:00,LightGBM,-0.11300477637863655
2023-10-28 00:00:00+00:00,LightGBM,0.33597481545809815
2023-10-29 00:00:00+00:00,LightGBM,-0.18725575336517583
2023-10-30 00:00:00+00:00,LightGBM,0.2704081632653061
2023-10-31 00:00:00+00:00,LightGBM,0.394811115935736
2023-11-01 00:00:00+00:00,LightGBM,0.27865827181936603
2023-11-02 00:00:00+00:00,LightGBM,0.1310247503256622
2023-11-03 00:00:00+00:00,LightGBM,-0.22742075553625704
2023-11-04 00:00:00+00:00,LightGBM,0.2984151107251411
2023-11-05 00:00:00+00:00,LightGBM,0.14693190767209843
2023-11-06 00:00:00+00:00,LightGBM,0.0737082066869301
2023-11-07 00:00:00+00:00,LightGBM,0.02149370386452453
2023-11-08 00:00:00+00:00,LightGBM,0.1976769431176726
2023-11-09 00:00:00+00:00,LightGBM,-0.0552540165002171
2023-11-10 00:00:00+00:00,LightGBM,0.3398473635522664
2023-11-11 00:00:00+00:00,LightGBM,0.19380203515263647
2023-11-12 00:00:00+00:00,LightGBM,0.009481961147086031
2023-11-13 00:00:00+00:00,LightGBM,-0.04548415110725141
2023-11-14 00:00:00+00:00,LightGBM,-0.041793313069908807
2023-11-15 00:00:00+00:00,LightGBM,0.27105948762483717
2023-11-16 00:00:00+00:00,LightGBM,0.03137212331741207
2023-11-17 00:00:00+00:00,LightGBM,0.034954407294832825
2023-11-18 00:00:00+00:00,LightGBM,0.05026052974381242
2023-11-19 00:00:00+00:00,LightGBM,0.21265740338688666
2023-11-20 00:00:00+00:00,LightGBM,0.0449413808076422
2023-11-21 00:00:00+00:00,LightGBM,-0.2230785931393834
2023-11-22 00:00:00+00:00,LightGBM,0.03256621797655233
2023-11-23 00:00:00+00:00,LightGBM,-0.1105080330004342
2023-11-24 00:00:00+00:00,LightGBM,0.0010855405992184109
2023-11-25 00:00:00+00:00,LightGBM,-0.055471124620060784
2023-11-26 00:00:00+00:00,LightGBM,0.01910551454624403
2023-11-27 00:00:00+00:00,LightGBM,-0.028658271819366043
2023-11-28 00:00:00+00:00,LightGBM,0.07609639600521059
2023-11-29 00:00:00+00:00,LightGBM,0.14122883195831523
2023-11-30 00:00:00+00:00,LightGBM,0.24826549491211838
2023-12-01 00:00:00+00:00,LightGBM,-0.07354301572617947
2023-12-02 00:00:00+00:00,LightGBM,0.13679463459759483
2023-12-03 00:00:00+00:00,LightGBM,-0.28633980881899473
2023-12-04 00:00:00+00:00,LightGBM,0.32753623188405795
2023-12-05 00:00:00+00:00,LightGBM,0.5974098057354302
2023-12-06 00:00:00+00:00,LightGBM,0.15238976256552572
2023-12-07 00:00:00+00:00,LightGBM,0.41067193675889324
2023-12-08 00:00:00+00:00,LightGBM,0.38801054018445325
2023-12-09 00:00:00+00:00,LightGBM,-0.14953886693017127
2023-12-10 00:00:00+00:00,LightGBM,0.30869565217391304
2023-12-11 00:00:00+00:00,LightGBM,-0.22187088274044792
2023-12-12 00:00:00+00:00,LightGBM,0.1635046113306983
2023-12-13 00:00:00+00:00,LightGBM,-0.12002635046113307
2023-12-14 00:00:00+00:00,LightGBM,0.25567300916138125
2023-12-15 00:00:00+00:00,LightGBM,-0.0011275546159267087
2023-12-16 00:00:00+00:00,LightGBM,-0.06807610993657505
2023-12-17 00:00:00+00:00,LightGBM,0.12121212121212122
2023-12-18 00:00:00+00:00,LightGBM,-0.03622269203664552
2023-12-19 00:00:00+00:00,LightGBM,0.08484848484848484
2023-12-20 00:00:00+00:00,LightGBM,-0.027009222661396572
2023-12-21 00:00:00+00:00,LightGBM,0.07012025901942645
2023-12-22 00:00:00+00:00,LightGBM,0.29781066913351834
2023-12-23 00:00:00+00:00,LightGBM,0.30447116867098367
2023-12-24 00:00:00+00:00,LightGBM,-0.1284584980237154
2023-12-25 00:00:00+00:00,LightGBM,-0.20158102766798416
2023-12-26 00:00:00+00:00,LightGBM,0.1544137022397892
2023-12-27 00:00:00+00:00,LightGBM,0.2765480895915678
2023-12-28 00:00:00+00:00,LightGBM,0.03794466403162055
2023-12-29 00:00:00+00:00,LightGBM,0.14097496706192358
2023-12-30 00:00:00+00:00,LightGBM,0.37075098814229246
2023-12-31 00:00:00+00:00,LightGBM,0.02845849802371541
2024-01-01 00:00:00+00:00,LightGBM,0.25441370223978915
2024-01-02 00:00:00+00:00,LightGBM,0.14255599472990774
2024-01-03 00:00:00+00:00,LightGBM,0.11225296442687746
2024-01-04 00:00:00+00:00,LightGBM,0.3012642614862781
2024-01-05 00:00:00+00:00,LightGBM,0.31725955204216066
2024-01-06 00:00:00+00:00,LightGBM,0.17470355731225296
2024-01-07 00:00:00+00:00,LightGBM,0.00606060606060606
2024-01-08 00:00:00+00:00,LightGBM,0.36392229417206284
2024-01-09 00:00:00+00:00,LightGBM,0.056521739130434775
2024-01-10 00:00:00+00:00,LightGBM,0.06580326857847671
2024-01-11 00:00:00+00:00,LightGBM,0.19568300955905027
2024-01-12 00:00:00+00:00,LightGBM,0.01868640148011101
2024-01-13 00:00:00+00:00,LightGBM,0.027404479578392617
2024-01-14 00:00:00+00:00,LightGBM,0.01916842847075405
2024-01-15 00:00:00+00:00,LightGBM,-0.17533474277660324
2024-01-16 00:00:00+00:00,LightGBM,-0.06962649753347426
2024-01-17 00:00:00+00:00,LightGBM,0.39806704922983993
2024-01-18 00:00:00+00:00,LightGBM,0.07157958320749018
2024-01-19 00:00:00+00:00,LightGBM,0.2979462398067049
2024-01-20 00:00:00+00:00,LightGBM,0.5869827846572032
2024-01-21 00:00:00+00:00,LightGBM,0.23542736333434008
2024-01-22 00:00:00+00:00,LightGBM,-0.026578073089700994
2024-01-23 00:00:00+00:00,LightGBM,-0.10057384475989127
2024-01-24 00:00:00+00:00,LightGBM,0.2186650558743582
2024-01-25 00:00:00+00:00,LightGBM,-0.35955904560555724
2024-01-26 00:00:00+00:00,LightGBM,0.027182120205376022
2024-01-27 00:00:00+00:00,LightGBM,0.16037450921171853
2024-01-28 00:00:00+00:00,LightGBM,-0.07580791301721534
2024-01-29 00:00:00+00:00,LightGBM,-0.020577871740662435
2024-01-30 00:00:00+00:00,LightGBM,0.3870331219168428
2024-01-31 00:00:00+00:00,LightGBM,0.3355884425651868
2024-02-01 00:00:00+00:00,LightGBM,0.08972332015810276
2024-02-02 00:00:00+00:00,LightGBM,0.26126482213438734
2024-02-03 00:00:00+00:00,LightGBM,0.16293164200140942
2024-02-04 00:00:00+00:00,LightGBM,-0.15052854122621562
2024-02-05 00:00:00+00:00,LightGBM,0.16455862977602106
2024-02-06 00:00:00+00:00,LightGBM,-0.16824769433465084
2024-02-07 00:00:00+00:00,LightGBM,0.15467720685111988
2024-02-08 00:00:00+00:00,LightGBM,-0.27061310782241016
2024-02-09 00:00:00+00:00,LightGBM,-0.09696969696969697
2024-02-10 00:00:00+00:00,LightGBM,0.19154334038054968
2024-02-11 00:00:00+00:00,LightGBM,-0.13164200140944327
2024-02-12 00:00:00+00:00,LightGBM,0.020155038759689922
2024-02-13 00:00:00+00:00,LightGBM,0.3024665257223397
2024-02-14 00:00:00+00:00,LightGBM,-0.022128259337561663
2024-02-15 00:00:00+00:00,LightGBM,0.06004228329809725
2024-02-16 00:00:00+00:00,LightGBM,0.08414376321353065
2024-02-17 00:00:00+00:00,LightGBM,-0.4115070975536092
2024-02-18 00:00:00+00:00,LightGBM,-0.07112654787073391
2024-02-19 00:00:00+00:00,LightGBM,0.46013289036544847
2024-02-20 00:00:00+00:00,LightGBM,0.038810027182120205
2024-02-21 00:00:00+00:00,LightGBM,0.07248565388100271
2024-02-22 00:00:00+00:00,LightGBM,0.20263504611330693
2024-02-23 00:00:00+00:00,LightGBM,-0.40092226613965737
2024-02-24 00:00:00+00:00,LightGBM,0.2102889358703312
2024-02-25 00:00:00+00:00,LightGBM,0.3
2024-02-26 00:00:00+00:00,LightGBM,0.23254281949934125
2024-02-27 00:00:00+00:00,LightGBM,-0.11857707509881422
2024-02-28 00:00:00+00:00,LightGBM,0.23517786561264822
2024-02-29 00:00:00+00:00,LightGBM,-0.04795783926218709
2024-03-01 00:00:00+00:00,LightGBM,-0.033860342555994724
2024-03-02 00:00:00+00:00,LightGBM,-0.02160737812911726
2024-03-03 00:00:00+00:00,LightGBM,0.29330514446793515
2024-03-04 00:00:00+00:00,LightGBM,0.2780831571529246
2024-03-05 00:00:00+00:00,LightGBM,0.16476391825229036
2024-03-06 00:00:00+00:00,LightGBM,0.07977448907681464
2024-03-07 00:00:00+00:00,LightGBM,-0.11869525823014193
2024-03-08 00:00:00+00:00,LightGBM,-0.003926306251887648
2024-03-09 00:00:00+00:00,LightGBM,-0.03749119097956307
2024-03-10 00:00:00+00:00,LightGBM,-0.15574348132487667
2024-03-11 00:00:00+00:00,LightGBM,0.2917547568710359
2024-03-12 00:00:00+00:00,LightGBM,0.29472990777338604
2024-03-13 00:00:00+00:00,LightGBM,-0.17114624505928852
2024-03-14 00:00:00+00:00,LightGBM,0.15843354918285538
2024-03-15 00:00:00+00:00,LightGBM,0.36318223866790006
2024-03-16 00:00:00+00:00,LightGBM,0.09528214616096208
2024-03-17 00:00:00+00:00,LightGBM,0.5830039525691699
2024-03-18 00:00:00+00:00,LightGBM,-0.10961791831357047
2024-03-19 00:00:00+00:00,LightGBM,-0.2617918313570487
2024-03-20 00:00:00+00:00,LightGBM,0.34489076814658204
2024-03-21 00:00:00+00:00,LightGBM,0.05013591060102687
2024-03-22 00:00:00+00:00,LightGBM,-0.12413168227121715
2024-03-23 00:00:00+00:00,LightGBM,0.07399577167019027
2024-03-24 00:00:00+00:00,LightGBM,0.059055673009161376
2024-03-25 00:00:00+00:00,LightGBM,0.06525722339675827
2024-03-26 00:00:00+00:00,LightGBM,0.4122621564482029
2024-03-27 00:00:00+00:00,LightGBM,-0.10105708245243128
2024-03-28 00:00:00+00:00,LightGBM,0.5062720225510923
2024-03-29 00:00:00+00:00,LightGBM,-0.18498023715415018
2024-03-30 00:00:00+00:00,LightGBM,-0.2518675123326286
2024-03-31 00:00:00+00:00,LightGBM,0.5138830162085976
2024-04-01 00:00:00+00:00,LightGBM,0.1569169960474308
2024-04-02 00:00:00+00:00,LightGBM,0.2546772068511199
2024-04-03 00:00:00+00:00,LightGBM,-0.030527289546715998
2024-04-04 00:00:00+00:00,LightGBM,0.10500658761528325
2024-04-05 00:00:00+00:00,LightGBM,0.32911725955204213
2024-04-06 00:00:00+00:00,LightGBM,-0.5480895915678524
2024-04-07 00:00:00+00:00,LightGBM,-0.49626497533474273
2024-04-08 00:00:00+00:00,LightGBM,0.22332015810276679
2024-04-09 00:00:00+00:00,LightGBM,0.017918313570487482
2024-04-10 00:00:00+00:00,LightGBM,0.03992094861660079
2024-04-11 00:00:00+00:00,LightGBM,0.46521739130434775
2024-04-12 00:00:00+00:00,LightGBM,0.6217391304347825
2024-04-13 00:00:00+00:00,LightGBM,-0.2235836627140975
2024-04-14 00:00:00+00:00,LightGBM,0.2152832674571805
2024-04-15 00:00:00+00:00,LightGBM,-0.03791402396053558
2024-04-16 00:00:00+00:00,LightGBM,0.28907681465821
2024-04-17 00:00:00+00:00,LightGBM,-0.03488372093023256
2024-04-18 00:00:00+00:00,LightGBM,-0.1809121111446693
2024-04-19 00:00:00+00:00,LightGBM,-0.38492902446390825
2024-04-20 00:00:00+00:00,LightGBM,0.10691633947447902
2024-04-21 00:00:00+00:00,LightGBM,0.09981878586529748
2024-04-22 00:00:00+00:00,LightGBM,0.1498036846874056
2024-04-23 00:00:00+00:00,LightGBM,0.27952280277861674
2024-04-24 00:00:00+00:00,LightGBM,0.027343199436222692
2024-04-25 00:00:00+00:00,LightGBM,0.5061310782241014
2024-04-26 00:00:00+00:00,LightGBM,0.129245947850599
2024-04-27 00:00:00+00:00,LightGBM,0.0824524312896406
2024-04-28 00:00:00+00:00,LightGBM,-0.24453840732910498
2024-04-29 00:00:00+00:00,LightGBM,0.44975334742776596
2024-04-30 00:00:00+00:00,LightGBM,-0.32910500352360816
2024-05-01 00:00:00+00:00,LightGBM,-0.32783650458069064
2024-05-02 00:00:00+00:00,LightGBM,-0.30957414678344913
2024-05-03 00:00:00+00:00,LightGBM,0.02601085811522567
2024-05-04 00:00:00+00:00,LightGBM,0.11044485860140993
2024-05-05 00:00:00+00:00,LightGBM,0.07187424033708777
2024-05-06 00:00:00+00:00,LightGBM,0.26698882512836003
2024-05-07 00:00:00+00:00,LightGBM,-0.21670190274841436
2024-05-08 00:00:00+00:00,LightGBM,-0.25743456770115875
2024-05-09 00:00:00+00:00,LightGBM,0.23867595818815335
2024-05-10 00:00:00+00:00,LightGBM,0.009059233449477353
2024-05-11 00:00:00+00:00,LightGBM,-0.15139372822299654
2024-05-12 00:00:00+00:00,LightGBM,0.32508710801393736
2024-05-13 00:00:00+00:00,LightGBM,-0.031184668989547044
2024-05-14 00:00:00+00:00,LightGBM,-0.35034843205574917
2024-05-15 00:00:00+00:00,LightGBM,0.16916376306620215
2024-05-16 00:00:00+00:00,LightGBM,-0.31829268292682933
2024-05-17 00:00:00+00:00,LightGBM,-0.23832752613240424
2024-05-18 00:00:00+00:00,LightGBM,0.35313588850174227
2024-05-19 00:00:00+00:00,LightGBM,0.12334494773519164
2024-05-20 00:00:00+00:00,LightGBM,-0.4431569564865085
2024-05-21 00:00:00+00:00,LightGBM,-0.036544850498338874
2024-05-22 00:00:00+00:00,LightGBM,0.04383761445587878
2024-05-23 00:00:00+00:00,LightGBM,0.26164816465440405
2024-05-24 00:00:00+00:00,LightGBM,0.010721836303231652
2024-05-25 00:00:00+00:00,LightGBM,0.14149803684687404
2024-05-26 00:00:00+00:00,LightGBM,-0.21806100875868317
2024-05-27 00:00:00+00:00,LightGBM,0.025218967079432195
2024-05-28 00:00:00+00:00,LightGBM,0.3455959808767523
2024-05-29 00:00:00+00:00,LightGBM,-0.04675472003889475
2024-05-30 00:00:00+00:00,LightGBM,-0.25322097074791344
2024-05-31 00:00:00+00:00,LightGBM,0.07430516165626773
2024-06-01 00:00:00+00:00,LightGBM,0.058585203792237264
2024-06-02 00:00:00+00:00,LightGBM,0.239445749939227
2024-06-03 00:00:00+00:00,LightGBM,0.11384814844826191
2024-06-04 00:00:00+00:00,LightGBM,-0.19163763066202094
2024-06-05 00:00:00+00:00,LightGBM,0.2902446390818484
2024-06-06 00:00:00+00:00,LightGBM,0.3873452129266083
2024-06-07 00:00:00+00:00,LightGBM,0.21579583207490183
2024-06-08 00:00:00+00:00,LightGBM,-0.12866203563877981
2024-06-09 00:00:00+00:00,LightGBM,0.2751434611899728
2024-06-10 00:00:00+00:00,LightGBM,0.3012684989429176
2024-06-11 00:00:00+00:00,LightGBM,-0.26849894291754756
2024-06-12 00:00:00+00:00,LightGBM,0.36907278767743884
2024-06-13 00:00:00+00:00,LightGBM,0.09121111446692841
2024-06-14 00:00:00+00:00,LightGBM,0.010853095605596285
2024-06-15 00:00:00+00:00,LightGBM,-0.23648444578677139
2024-06-16 00:00:00+00:00,LightGBM,0.5105003523608175
2024-06-17 00:00:00+00:00,LightGBM,0.2346723044397463
2024-06-18 00:00:00+00:00,LightGBM,-0.11085661940001922
2024-06-19 00:00:00+00:00,LightGBM,-0.09570119802677941
2024-06-20 00:00:00+00:00,LightGBM,0.07484143763213531
2024-06-21 00:00:00+00:00,LightGBM,0.26384778012684984
2024-06-22 00:00:00+00:00,LightGBM,0.3541930937279774
2024-06-23 00:00:00+00:00,LightGBM,-0.4638477801268498
2024-06-24 00:00:00+00:00,LightGBM,-0.08794926004228329
2024-06-25 00:00:00+00:00,LightGBM,0.4670894996476392
2024-06-26 00:00:00+00:00,LightGBM,0.043741765480895915
2024-06-27 00:00:00+00:00,LightGBM,0.3637681159420289
2024-06-28 00:00:00+00:00,LightGBM,-0.09244526672833794
2024-06-29 00:00:00+00:00,LightGBM,-0.14301572617946345
2024-06-30 00:00:00+00:00,LightGBM,0.16410730804810358
2024-07-01 00:00:00+00:00,LightGBM,0.19669287696577245
2024-07-02 00:00:00+00:00,LightGBM,0.3657186278766826
2024-07-03 00:00:00+00:00,LightGBM,0.12095631816797373
2024-07-04 00:00:00+00:00,LightGBM,0.3161424606845513
2024-07-05 00:00:00+00:00,LightGBM,-0.3842506938020352
2024-07-06 00:00:00+00:00,LightGBM,0.3588112858464385
2024-07-07 00:00:00+00:00,LightGBM,-0.12465309898242369
2024-07-08 00:00:00+00:00,LightGBM,-0.33533765032377433
2024-07-09 00:00:00+00:00,LightGBM,-0.0463691026827012
2024-07-10 00:00:00+00:00,LightGBM,0.37863656100738163
2024-07-11 00:00:00+00:00,LightGBM,0.027289546716003702
2024-07-12 00:00:00+00:00,LightGBM,0.37731267345050884
2024-07-13 00:00:00+00:00,LightGBM,-0.4066836262719704
2024-07-14 00:00:00+00:00,LightGBM,-0.577358926919519
2024-07-15 00:00:00+00:00,LightGBM,-0.15772432932469935
2024-07-16 00:00:00+00:00,LightGBM,0.2856151711378353
2024-07-17 00:00:00+00:00,LightGBM,0.18593894542090655
2024-07-18 00:00:00+00:00,LightGBM,-0.020043169904409495
2024-07-19 00:00:00+00:00,LightGBM,0.17631822386679002
2024-07-20 00:00:00+00:00,LightGBM,-0.06807610993657505
2024-07-21 00:00:00+00:00,LightGBM,0.4376321353065538
2024-07-22 00:00:00+00:00,LightGBM,-0.0029598308668076106
2024-07-23 00:00:00+00:00,LightGBM,0.30937279774489074
2024-07-24 00:00:00+00:00,LightGBM,0.36448202959830867
2024-07-25 00:00:00+00:00,LightGBM,-0.4108527131782945
2024-07-26 00:00:00+00:00,LightGBM,0.12459478505990133
2024-07-27 00:00:00+00:00,LightGBM,0.3312191684284707
2024-07-28 00:00:00+00:00,LightGBM,0.030162085976039463
2024-07-29 00:00:00+00:00,LightGBM,0.08583509513742071
2024-07-30 00:00:00+00:00,LightGBM,0.24947145877378432
2024-07-31 00:00:00+00:00,LightGBM,0.05736434108527131
2024-08-01 00:00:00+00:00,LightGBM,0.2040843214756258
2024-08-02 00:00:00+00:00,LightGBM,0.5061923583662714
2024-08-03 00:00:00+00:00,LightGBM,0.2040843214756258
2024-08-04 00:00:00+00:00,LightGBM,0.46772068511198944
2024-08-05 00:00:00+00:00,LightGBM,-0.34071146245059286
2024-08-06 00:00:00+00:00,LightGBM,0.02542819499341238
2024-08-07 00:00:00+00:00,LightGBM,-0.35541165587419055
2024-08-08 00:00:00+00:00,LightGBM,-0.08714153561517113
2024-08-09 00:00:00+00:00,LightGBM,-0.143509096515572
2024-08-10 00:00:00+00:00,LightGBM,0.44545174221399936
2024-08-11 00:00:00+00:00,LightGBM,-0.2458834412580944
2024-08-12 00:00:00+00:00,LightGBM,0.09984582176996609
2024-08-13 00:00:00+00:00,LightGBM,0.4370644465001542
2024-08-14 00:00:00+00:00,LightGBM,0.4832331174838113
2024-08-15 00:00:00+00:00,LightGBM,0.4716697502312674
2024-08-16 00:00:00+00:00,LightGBM,-0.03630897317298798
2024-08-17 00:00:00+00:00,LightGBM,0.14361702127659576
2024-08-18 00:00:00+00:00,LightGBM,0.16096207215541167
2024-08-19 00:00:00+00:00,LightGBM,0.17434474252235585
2024-08-20 00:00:00+00:00,LightGBM,-0.08146777674992291
2024-08-21 00:00:00+00:00,LightGBM,-0.2949737897008942
2024-08-22 00:00:00+00:00,LightGBM,-0.28276287388220783
2024-08-23 00:00:00+00:00,LightGBM,-0.40289855072463765
2024-08-24 00:00:00+00:00,LightGBM,0.1013259327782917
2024-08-25 00:00:00+00:00,LightGBM,0.08735177865612648
2024-08-26 00:00:00+00:00,LightGBM,0.1367588932806324
2024-08-27 00:00:00+00:00,LightGBM,0.0383399209486166
2024-08-28 00:00:00+00:00,LightGBM,0.30940487203206907
2024-08-29 00:00:00+00:00,LightGBM,-0.05223558433549182
2024-08-30 00:00:00+00:00,LightGBM,0.39359832267626554
2024-08-31 00:00:00+00:00,LightGBM,0.23293807641633724
2024-09-01 00:00:00+00:00,LightGBM,-0.3144927536231884
2024-09-02 00:00:00+00:00,LightGBM,0.347562582345191
2024-09-03 00:00:00+00:00,LightGBM,-0.06062288004933703
2024-09-04 00:00:00+00:00,LightGBM,0.07209374036386063
2024-09-05 00:00:00+00:00,LightGBM,-0.013012642614862782
2024-09-06 00:00:00+00:00,LightGBM,-0.23071230342275673
2024-09-07 00:00:00+00:00,LightGBM,-0.18519888991674374
2024-09-08 00:00:00+00:00,LightGBM,-0.22405180388529136
2024-09-09 00:00:00+00:00,LightGBM,0.11725254394079557
2024-09-10 00:00:00+00:00,LightGBM,0.29475023126734506
2024-09-11 00:00:00+00:00,LightGBM,-0.04555966697502313
2024-09-12 00:00:00+00:00,LightGBM,-0.10198889916743756
2024-09-13 00:00:00+00:00,LightGBM,-0.036424606845513414
2024-09-14 00:00:00+00:00,LightGBM,-0.024514338575393157
2024-09-15 00:00:00+00:00,LightGBM,0.10730804810360779
2024-09-16 00:00:00+00:00,LightGBM,-0.17738205365402407
2024-09-17 00:00:00+00:00,LightGBM,-0.40284411636995227
2024-09-18 00:00:00+00:00,LightGBM,-0.16061224489795917
2024-09-19 00:00:00+00:00,LightGBM,-0.09
2024-09-20 00:00:00+00:00,LightGBM,-0.04999999999999999
2024-09-21 00:00:00+00:00,LightGBM,0.0031632653061224487
2024-09-22 00:00:00+00:00,LightGBM,0.11418367346938775
2024-09-23 00:00:00+00:00,LightGBM,-0.08275510204081632
2024-09-24 00:00:00+00:00,LightGBM,0.013877551020408161
2024-09-25 00:00:00+00:00,LightGBM,-0.13536691272253581
2024-09-26 00:00:00+00:00,LightGBM,-0.20169344333478073
2024-09-27 00:00:00+00:00,LightGBM,-0.02941815023881893
2024-09-28 00:00:00+00:00,LightGBM,0.00401650021710812
2024-09-29 00:00:00+00:00,LightGBM,-0.18465045592705165
2024-09-30 00:00:00+00:00,LightGBM,0.2542336083369518
2024-10-01 00:00:00+00:00,LightGBM,0.3263135041250543
2024-10-02 00:00:00+00:00,LightGBM,0.22014763352149372
2024-10-03 00:00:00+00:00,LightGBM,-0.25206252713851496
2024-10-04 00:00:00+00:00,LightGBM,0.06372123317412072
2024-10-05 00:00:00+00:00,LightGBM,-0.16934433347807207
2024-10-06 00:00:00+00:00,LightGBM,-0.0908622140535991
2024-10-07 00:00:00+00:00,LightGBM,0.3069908814589666
2024-10-08 00:00:00+00:00,LightGBM,0.13905775075987842
2024-10-09 00:00:00+00:00,LightGBM,-0.1469821971341728
2024-10-10 00:00:00+00:00,LightGBM,-0.2519539730785932
2024-10-11 00:00:00+00:00,LightGBM,0.14253148067737734
2024-10-12 00:00:00+00:00,LightGBM,-0.17053842813721234
2024-10-13 00:00:00+00:00,LightGBM,-0.3918801563178463
2024-10-14 00:00:00+00:00,LightGBM,0.027029960920538432
2024-10-15 00:00:00+00:00,LightGBM,0.22242726877985236
2024-10-16 00:00:00+00:00,LightGBM,0.29559050262102987
2024-10-17 00:00:00+00:00,LightGBM,0.025162663060469503
2024-10-18 00:00:00+00:00,LightGBM,0.2812827628738822
2024-10-19 00:00:00+00:00,LightGBM,0.12389762565525747
2024-10-20 00:00:00+00:00,LightGBM,0.3873517786561264
2024-10-21 00:00:00+00:00,LightGBM,0.1235836627140975
2024-10-22 00:00:00+00:00,LightGBM,0.09269385335002304
2024-10-23 00:00:00+00:00,LightGBM,0.08129117259552042
2024-10-24 00:00:00+00:00,LightGBM,0.29386370644465
2024-10-25 00:00:00+00:00,LightGBM,0.24798026518655564
2024-10-26 00:00:00+00:00,LightGBM,0.29407114624505926
2024-10-27 00:00:00+00:00,LightGBM,0.39591567852437415
2024-10-28 00:00:00+00:00,LightGBM,-0.24295125164690382
2024-10-29 00:00:00+00:00,LightGBM,0.11449275362318839
2024-10-30 00:00:00+00:00,LightGBM,0.25994729907773384
2024-10-31 00:00:00+00:00,LightGBM,0.38914728682170535
2024-11-01 00:00:00+00:00,LightGBM,0.45299506694855535
2024-11-02 00:00:00+00:00,LightGBM,0.24018445322793144
2024-11-03 00:00:00+00:00,LightGBM,0.1649538866930171
2024-11-04 00:00:00+00:00,LightGBM,-0.4271409749670619
2024-11-05 00:00:00+00:00,LightGBM,-0.09836571076164044
2024-11-06 00:00:00+00:00,LightGBM,0.08751156336725255
2024-11-07 00:00:00+00:00,LightGBM,0.2542707369719395
2024-11-08 00:00:00+00:00,LightGBM,-0.14338575393154487
2024-11-09 00:00:00+00:00,LightGBM,0.08159111933395005
2024-11-10 00:00:00+00:00,LightGBM,0.13643410852713178
2024-11-11 00:00:00+00:00,LightGBM,0.07484143763213531
2024-11-12 00:00:00+00:00,LightGBM,0.28656126482213434
2024-11-13 00:00:00+00:00,LightGBM,0.3955204216073781
2024-11-14 00:00:00+00:00,LightGBM,0.0152832674571805
2024-11-15 00:00:00+00:00,LightGBM,0.3037350246652572
2024-11-16 00:00:00+00:00,LightGBM,0.011557434813248767
2024-11-17 00:00:00+00:00,LightGBM,0.28104298801973215
2024-11-18 00:00:00+00:00,LightGBM,0.2613965744400527
2024-11-19 00:00:00+00:00,LightGBM,0.3146245059288537
2024-11-20 00:00:00+00:00,LightGBM,-0.1826086956521739
2024-11-21 00:00:00+00:00,LightGBM,0.2089591567852437
2024-11-22 00:00:00+00:00,LightGBM,0.012384716732542817
2024-11-23 00:00:00+00:00,LightGBM,-0.2569169960474308
2024-11-24 00:00:00+00:00,LightGBM,-0.03805118717237126
2024-11-25 00:00:00+00:00,LightGBM,0.1877890841813136
2024-11-26 00:00:00+00:00,LightGBM,0.21319765649090347
2024-11-27 00:00:00+00:00,LightGBM,-0.16447733580018498
2024-11-28 00:00:00+00:00,LightGBM,-0.05920444033302498
2024-11-29 00:00:00+00:00,LightGBM,0.12546253469010177
2024-11-30 00:00:00+00:00,LightGBM,0.0524976873265495
2024-12-01 00:00:00+00:00,LightGBM,0.33380373425966126
2024-12-02 00:00:00+00:00,LightGBM,0.15979157620495005
2024-12-03 00:00:00+00:00,LightGBM,0.184433347807208
2024-12-04 00:00:00+00:00,LightGBM,0.11137646547980894
2024-12-05 00:00:00+00:00,LightGBM,0.043313069908814596
2024-12-06 00:00:00+00:00,LightGBM,-0.09563612679114199
2024-12-07 00:00:00+00:00,LightGBM,0.2516283108988276
2024-12-08 00:00:00+00:00,LightGBM,0.2180851063829787
2024-12-09 00:00:00+00:00,LightGBM,0.2910334346504559
2024-12-10 00:00:00+00:00,LightGBM,-0.15306122448979592
2024-12-11 00:00:00+00:00,LightGBM,0.31248843663274745
2024-12-12 00:00:00+00:00,LightGBM,-0.2512719703977799
2024-12-13 00:00:00+00:00,LightGBM,0.19183626271970397
2024-12-14 00:00:00+00:00,LightGBM,-0.032839962997224796
2024-12-15 00:00:00+00:00,LightGBM,0.3115501519756839
2024-12-16 00:00:00+00:00,LightGBM,0.2548849326964829
2024-12-17 00:00:00+00:00,LightGBM,0.23556231003039513
2024-12-18 00:00:00+00:00,LightGBM,0.2228614850195397
2024-12-19 00:00:00+00:00,LightGBM,-0.03473729917498915
2024-12-20 00:00:00+00:00,LightGBM,0.46380666049953756
2024-12-21 00:00:00+00:00,LightGBM,-0.18917668825161885
2024-12-22 00:00:00+00:00,LightGBM,0.005666049953746532
2024-12-23 00:00:00+00:00,LightGBM,-0.20328399629972252
2024-12-24 00:00:00+00:00,LightGBM,0.4426456984273821
2024-12-25 00:00:00+00:00,LightGBM,0.25693802035152635
2024-12-26 00:00:00+00:00,LightGBM,-0.09817298797409806
2024-12-27 00:00:00+00:00,LightGBM,0.028183780450200435
2024-12-28 00:00:00+00:00,LightGBM,0.3076780758556892
2024-12-29 00:00:00+00:00,LightGBM,0.09343200740055504
2024-12-30 00:00:00+00:00,LightGBM,-0.029787234042553193
2024-12-31 00:00:00+00:00,LightGBM,-0.03399629972247919
2025-01-01 00:00:00+00:00,LightGBM,-0.17761332099907493
2025-01-02 00:00:00+00:00,LightGBM,-0.3901480111008325
2025-01-03 00:00:00+00:00,LightGBM,0.2061807985597487
2025-01-04 00:00:00+00:00,LightGBM,0.10343731032624522
2025-01-05 00:00:00+00:00,LightGBM,0.16521739130434782
2025-01-06 00:00:00+00:00,LightGBM,0.477027443724946
2025-01-07 00:00:00+00:00,LightGBM,0.21221091581868637
2025-01-08 00:00:00+00:00,LightGBM,0.2985507246376811
2025-01-09 00:00:00+00:00,LightGBM,-0.18816067653276955
2025-01-10 00:00:00+00:00,LightGBM,0.14545454545454545
2025-01-11 00:00:00+00:00,LightGBM,0.3000704721634954
2025-01-12 00:00:00+00:00,LightGBM,0.3001317523056653
2025-01-13 00:00:00+00:00,LightGBM,-0.23939393939393935
2025-01-14 00:00:00+00:00,LightGBM,-0.08801054018445321
2025-01-15 00:00:00+00:00,LightGBM,0.3268498942917547
2025-01-16 00:00:00+00:00,LightGBM,-0.09584214235377025
2025-01-17 00:00:00+00:00,LightGBM,0.5059901338971107
2025-01-18 00:00:00+00:00,LightGBM,0.2542635658914728
2025-01-19 00:00:00+00:00,LightGBM,0.15799859055673007
2025-01-20 00:00:00+00:00,LightGBM,-0.13671599718111346
2025-01-21 00:00:00+00:00,LightGBM,0.011462450592885374
2025-01-22 00:00:00+00:00,LightGBM,0.08761528326745717
2025-01-23 00:00:00+00:00,LightGBM,0.46772068511198944
2025-01-24 00:00:00+00:00,LightGBM,0.19973649538866928
2025-01-25 00:00:00+00:00,LightGBM,0.23899868247694334
2025-01-26 00:00:00+00:00,LightGBM,0.3292490118577075
2025-01-27 00:00:00+00:00,LightGBM,0.4679841897233201
2025-01-28 00:00:00+00:00,LightGBM,-0.13820816864295124
2025-01-29 00:00:00+00:00,LightGBM,0.0035573122529644263
2025-01-30 00:00:00+00:00,LightGBM,0.06205533596837944
2025-01-31 00:00:00+00:00,LightGBM,0.6913043478260869
2025-02-01 00:00:00+00:00,LightGBM,0.17615283267457177
2025-02-02 00:00:00+00:00,LightGBM,-0.2535588442565187
2025-02-03 00:00:00+00:00,LightGBM,0.13121916842847076
2025-02-04 00:00:00+00:00,LightGBM,0.10909090909090909
2025-02-05 00:00:00+00:00,LightGBM,0.2797101449275362
2025-02-06 00:00:00+00:00,LightGBM,0.347562582345191
2025-02-07 00:00:00+00:00,LightGBM,-0.2285902503293807
2025-02-08 00:00:00+00:00,LightGBM,0.18988590810977493
2025-02-09 00:00:00+00:00,LightGBM,0.045790934320074
2025-02-10 00:00:00+00:00,LightGBM,0.1559898242368178
2025-02-11 00:00:00+00:00,LightGBM,0.08105920444033302
2025-02-12 00:00:00+00:00,LightGBM,0.24051803885291398
2025-02-13 00:00:00+00:00,LightGBM,-0.257631822386679
2025-02-14 00:00:00+00:00,LightGBM,0.4573311748381129
2025-02-15 00:00:00+00:00,LightGBM,0.14696268886833178
2025-02-16 00:00:00+00:00,LightGBM,0.15270092226613965
2025-02-17 00:00:00+00:00,LightGBM,0.29324699352451433
2025-02-18 00:00:00+00:00,LightGBM,0.1807585568917669
2025-02-19 00:00:00+00:00,LightGBM,-0.23576934936786928
2025-02-20 00:00:00+00:00,LightGBM,-0.04150477952513105
2025-02-21 00:00:00+00:00,LightGBM,-0.4537156953438175
2025-02-22 00:00:00+00:00,LightGBM,0.36047430830039523
2025-02-23 00:00:00+00:00,LightGBM,0.16620413197656492
2025-02-24 00:00:00+00:00,LightGBM,-0.4197964847363552
2025-02-25 00:00:00+00:00,LightGBM,-0.5108233117483811
2025-02-26 00:00:00+00:00,LightGBM,0.3240826395312982
2025-02-27 00:00:00+00:00,LightGBM,-0.0975023126734505
2025-02-28 00:00:00+00:00,LightGBM,0.3850138760407031
2025-03-01 00:00:00+00:00,LightGBM,0.004872032069071846
2025-03-02 00:00:00+00:00,LightGBM,0.27129201356768423
2025-03-03 00:00:00+00:00,LightGBM,0.10428615479494294
2025-03-04 00:00:00+00:00,LightGBM,-0.06333641689793401
2025-03-05 00:00:00+00:00,LightGBM,0.19901325932778288
2025-03-06 00:00:00+00:00,LightGBM,0.23502929386370644
2025-03-07 00:00:00+00:00,LightGBM,0.20987387841857283
2025-03-08 00:00:00+00:00,LightGBM,0.18274044795783925
2025-03-09 00:00:00+00:00,LightGBM,-0.127931488801054
2025-03-10 00:00:00+00:00,LightGBM,-0.0984189723320158
2025-03-11 00:00:00+00:00,LightGBM,-0.26892177589852007
2025-03-12 00:00:00+00:00,LightGBM,0.13234672304439746
2025-03-13 00:00:00+00:00,LightGBM,-0.2585321655089097
2025-03-14 00:00:00+00:00,LightGBM,0.21156750226517668
2025-03-15 00:00:00+00:00,LightGBM,0.507399577167019
2025-03-16 00:00:00+00:00,LightGBM,-0.1233812814712535
2025-03-17 00:00:00+00:00,LightGBM,0.27455954897815366
2025-03-18 00:00:00+00:00,LightGBM,0.06384778012684988
2025-03-19 00:00:00+00:00,LightGBM,0.16124031007751938
2025-03-20 00:00:00+00:00,LightGBM,-0.10556730091613813
2025-03-21 00:00:00+00:00,LightGBM,0.1596899224806201
2025-03-22 00:00:00+00:00,LightGBM,-0.12096043491392329
2025-03-23 00:00:00+00:00,LightGBM,-0.19389912413168225
2025-03-24 00:00:00+00:00,LightGBM,-0.01993355481727575
2025-03-25 00:00:00+00:00,LightGBM,0.0813953488372093
2025-03-26 00:00:00+00:00,LightGBM,0.018272425249169433
2025-03-27 00:00:00+00:00,LightGBM,0.49880197322057784
2025-03-28 00:00:00+00:00,LightGBM,0.2617034128662036
2025-03-29 00:00:00+00:00,LightGBM,-0.11060692002268863
2025-03-30 00:00:00+00:00,LightGBM,0.2642411473948627
2025-03-31 00:00:00+00:00,LightGBM,0.014346118997281788
2025-04-01 00:00:00+00:00,LightGBM,0.5037752944729689
2025-04-02 00:00:00+00:00,LightGBM,-0.025067955300513436
2025-04-03 00:00:00+00:00,LightGBM,0.22274237390516463
2025-04-04 00:00:00+00:00,LightGBM,0.36378737541528233
2025-04-05 00:00:00+00:00,LightGBM,0.11507097553609182
2025-04-06 00:00:00+00:00,LightGBM,-0.16777408637873756
2025-04-07 00:00:00+00:00,LightGBM,0.2376925400181214
2025-04-08 00:00:00+00:00,LightGBM,-0.17064331017819387
2025-04-09 00:00:00+00:00,LightGBM,-0.014195107218363033
2025-04-10 00:00:00+00:00,LightGBM,-0.1318332829960737
2025-04-11 00:00:00+00:00,LightGBM,0.16581093325279372
2025-04-12 00:00:00+00:00,LightGBM,0.5827544548474781
2025-04-13 00:00:00+00:00,LightGBM,-0.09136212624584718
2025-04-14 00:00:00+00:00,LightGBM,0.017366354575656905
2025-04-15 00:00:00+00:00,LightGBM,0.5514950166112957
2025-04-16 00:00:00+00:00,LightGBM,-0.09393939393939392
2025-04-17 00:00:00+00:00,LightGBM,-0.1686429512516469
2025-04-18 00:00:00+00:00,LightGBM,-0.1308300395256917
2025-04-19 00:00:00+00:00,LightGBM,-0.08487511563367253
2025-04-20 00:00:00+00:00,LightGBM,0.22618600223380173
2025-04-21 00:00:00+00:00,LightGBM,-0.12961354754667823
2025-04-22 00:00:00+00:00,LightGBM,-0.31849761181068176
2025-04-23 00:00:00+00:00,LightGBM,-0.020467160037002774
2025-04-24 00:00:00+00:00,LightGBM,-0.4753006475485661
2025-04-25 00:00:00+00:00,LightGBM,-0.2983040394696269
2025-04-26 00:00:00+00:00,LightGBM,0.537984496124031
2025-04-27 00:00:00+00:00,LightGBM,-0.06975023126734504
2025-04-28 00:00:00+00:00,LightGBM,0.6408263953129818
2025-04-29 00:00:00+00:00,LightGBM,-0.34111933395004623
2025-04-30 00:00:00+00:00,LightGBM,0.18951588035769348
2025-05-01 00:00:00+00:00,LightGBM,0.0064754856614246065
2025-05-02 00:00:00+00:00,LightGBM,0.6589577551649707
2025-05-03 00:00:00+00:00,LightGBM,-0.040024668516805424
2025-05-04 00:00:00+00:00,LightGBM,0.1404255319148936
2025-05-05 00:00:00+00:00,LightGBM,0.03225408572309589
2025-05-06 00:00:00+00:00,LightGBM,-0.03299414122725871
2025-05-07 00:00:00+00:00,LightGBM,-0.28596207215541164
2025-05-08 00:00:00+00:00,LightGBM,-0.40113320999074936
2025-05-09 00:00:00+00:00,LightGBM,0.08788159111933395
2025-05-10 00:00:00+00:00,LightGBM,0.1261177921677459
2025-05-11 00:00:00+00:00,LightGBM,0.05736434108527131
2025-05-12 00:00:00+00:00,LightGBM,-0.06617329633055812
2025-05-13 00:00:00+00:00,LightGBM,0.13808202281837806
2025-05-14 00:00:00+00:00,LightGBM,0.5624505928853755
2025-05-15 00:00:00+00:00,LightGBM,0.03320158102766799
2025-05-16 00:00:00+00:00,LightGBM,0.699209486166008
2025-05-17 00:00:00+00:00,LightGBM,-0.4202898550724638
2025-05-18 00:00:00+00:00,LightGBM,0.3017576318223867
2025-05-19 00:00:00+00:00,LightGBM,0.22799876657415974
2025-05-20 00:00:00+00:00,LightGBM,-0.2511871723712612
2025-05-21 00:00:00+00:00,LightGBM,-0.24641535615171137
2025-05-22 00:00:00+00:00,LightGBM,0.5656799259944496
2025-05-23 00:00:00+00:00,LightGBM,-0.18351063829787234
2025-05-24 00:00:00+00:00,LightGBM,0.18840579710144925
2025-05-25 00:00:00+00:00,LightGBM,0.12007400555041627
2025-05-26 00:00:00+00:00,LightGBM,-0.3286463151403022
2025-05-27 00:00:00+00:00,LightGBM,-0.008448967005858773
2025-05-28 00:00:00+00:00,LightGBM,0.5191040843214756
2025-05-29 00:00:00+00:00,LightGBM,0.6626580326857847
2025-05-30 00:00:00+00:00,LightGBM,-0.4148880105401844
2025-05-31 00:00:00+00:00,LightGBM,-0.5277997364953886
2025-06-01 00:00:00+00:00,LightGBM,0.034255599472990776
2025-06-02 00:00:00+00:00,LightGBM,0.05718050065876151
2025-06-03 00:00:00+00:00,LightGBM,0.3931488801054018
2025-06-04 00:00:00+00:00,LightGBM,0.4303030303030303
2025-06-05 00:00:00+00:00,LightGBM,0.2059288537549407
2025-06-06 00:00:00+00:00,LightGBM,-0.3573122529644268
2025-06-07 00:00:00+00:00,LightGBM,0.1882740447957839
2025-06-08 00:00:00+00:00,LightGBM,-0.1945981554677207
2025-06-09 00:00:00+00:00,LightGBM,-0.14216073781291172
2025-06-10 00:00:00+00:00,LightGBM,0.3996047430830039
2025-06-11 00:00:00+00:00,LightGBM,0.48085106382978726
2025-06-12 00:00:00+00:00,LightGBM,0.2948504471168671
2025-06-13 00:00:00+00:00,LightGBM,0.030157261794634595
2025-06-14 00:00:00+00:00,LightGBM,-0.027009222661396572
2025-06-15 00:00:00+00:00,LightGBM,0.503422756706753
2025-06-16 00:00:00+00:00,LightGBM,0.5640316205533596
2025-06-17 00:00:00+00:00,LightGBM,-0.3856305889608387
2025-06-18 00:00:00+00:00,LightGBM,0.4012950971322849
2025-06-19 00:00:00+00:00,LightGBM,0.23478260869565218
2025-06-20 00:00:00+00:00,LightGBM,0.43731113166820845
2025-06-21 00:00:00+00:00,LightGBM,0.18790471785383903
2025-06-22 00:00:00+00:00,LightGBM,-0.6688251618871416
2025-06-23 00:00:00+00:00,LightGBM,-0.24306197964847362
2025-06-24 00:00:00+00:00,LightGBM,0.5788621646623496
2025-06-25 00:00:00+00:00,LightGBM,0.4385445575084798
2025-06-26 00:00:00+00:00,LightGBM,-0.0845513413506013
2025-06-27 00:00:00+00:00,LightGBM,-0.4555994729907773
2025-06-28 00:00:00+00:00,LightGBM,-0.5000925069380203
2025-06-29 00:00:00+00:00,LightGBM,0.5131822386679001
2025-06-30 00:00:00+00:00,LightGBM,0.1857076780758557
2025-07-01 00:00:00+00:00,LightGBM,-0.2552035152636448
2025-07-02 00:00:00+00:00,LightGBM,0.12440295267042986
2025-07-03 00:00:00+00:00,LightGBM,0.3699522362136344
2025-07-04 00:00:00+00:00,LightGBM,0.049500651324359525
2025-07-05 00:00:00+00:00,LightGBM,-0.03343465045592705
2025-07-06 00:00:00+00:00,LightGBM,0.6620027752081407
2025-07-07 00:00:00+00:00,LightGBM,0.14327012025901945
2025-07-08 00:00:00+00:00,LightGBM,-0.19657724329324702
2025-07-09 00:00:00+00:00,LightGBM,-0.6055735430157262
2025-07-10 00:00:00+00:00,LightGBM,0.1288355342136855
2025-07-11 00:00:00+00:00,LightGBM,0.15881458966565348
2025-07-12 00:00:00+00:00,LightGBM,-0.20419018671298308
2025-07-13 00:00:00+00:00,LightGBM,0.30015197568389057
2025-07-14 00:00:00+00:00,LightGBM,-0.43573599652627004
2025-07-15 00:00:00+00:00,LightGBM,0.0814155449413808
2025-07-16 00:00:00+00:00,LightGBM,0.5166087711680417
2025-07-17 00:00:00+00:00,LightGBM,0.2324236817761332
2025-07-18 00:00:00+00:00,LightGBM,-0.10826530612244896
2025-07-19 00:00:00+00:00,LightGBM,0.10255102040816326
2025-07-20 00:00:00+00:00,LightGBM,-0.22428571428571425
2025-07-21 00:00:00+00:00,LightGBM,-0.08600240096038414
2025-07-22 00:00:00+00:00,LightGBM,0.2123889555822329
2025-07-23 00:00:00+00:00,LightGBM,0.2951020408163265
2025-07-24 00:00:00+00:00,LightGBM,-0.6726009552757273
2025-07-25 00:00:00+00:00,LightGBM,0.2116804168475901
2025-07-26 00:00:00+00:00,LightGBM,-0.08337187789084183
2025-07-27 00:00:00+00:00,LightGBM,0.18674838112858466
2025-07-28 00:00:00+00:00,LightGBM,0.5408186864014801
2025-07-29 00:00:00+00:00,LightGBM,0.07377428307123034
2025-07-30 00:00:00+00:00,LightGBM,0.49479648473635524
2025-07-31 00:00:00+00:00,LightGBM,-0.06706753006475485
2025-08-01 00:00:00+00:00,LightGBM,0.13910730804810362
2025-08-02 00:00:00+00:00,LightGBM,-0.20444033302497688
2025-08-03 00:00:00+00:00,LightGBM,0.41223404255319157
2025-08-04 00:00:00+00:00,LightGBM,0.5482192414431083
2025-08-05 00:00:00+00:00,LightGBM,-0.13008788159111934
2025-08-06 00:00:00+00:00,LightGBM,-0.040471785383903794
2025-08-07 00:00:00+00:00,LightGBM,0.09400781589231437
2025-08-08 00:00:00+00:00,LightGBM,-0.3405340859748155
2025-08-09 00:00:00+00:00,LightGBM,-0.15338688666956143
2025-08-10 00:00:00+00:00,LightGBM,0.6375379939209725
2025-08-11 00:00:00+00:00,LightGBM,0.38145896656534956
2025-08-12 00:00:00+00:00,LightGBM,-0.1754233608336952
2025-08-13 00:00:00+00:00,LightGBM,0.41630481980026046
2025-08-14 00:00:00+00:00,LightGBM,-0.009444203213200175
2025-08-15 00:00:00+00:00,LightGBM,0.03234910985670864
2025-08-16 00:00:00+00:00,LightGBM,-0.05434782608695653
2025-08-17 00:00:00+00:00,LightGBM,0.5386987357385137
2025-08-18 00:00:00+00:00,LightGBM,0.2921369102682701
2025-08-19 00:00:00+00:00,LightGBM,-0.13166820844896698
2025-08-20 00:00:00+00:00,LightGBM,0.06765340733888375
2025-08-21 00:00:00+00:00,LightGBM,-0.3138452050570459
2025-08-22 00:00:00+00:00,LightGBM,0.18536077705827939
2025-08-23 00:00:00+00:00,LightGBM,0.40794615718627875
2025-08-24 00:00:00+00:00,LightGBM,0.39893617021276595
2025-08-25 00:00:00+00:00,LightGBM,0.13992618323925315
2025-08-26 00:00:00+00:00,LightGBM,0.36658706035605737
2025-08-27 00:00:00+00:00,LightGBM,-0.18530178028658276
2025-08-28 00:00:00+00:00,LightGBM,0.399745605920444
2025-08-29 00:00:00+00:00,LightGBM,-0.2262950971322849
2025-08-30 00:00:00+00:00,LightGBM,0.5864939870490287
2025-08-31 00:00:00+00:00,LightGBM,0.5257273122014763
2025-09-01 00:00:00+00:00,LightGBM,0.13200173686495872
2025-09-02 00:00:00+00:00,LightGBM,0.2013677811550152
2025-09-03 00:00:00+00:00,LightGBM,0.37016934433347803
2025-09-04 00:00:00+00:00,LightGBM,-0.2083718778908418
2025-09-05 00:00:00+00:00,LightGBM,0.04532839962997225
2025-09-06 00:00:00+00:00,LightGBM,-0.20074005550416285
2025-09-07 00:00:00+00:00,LightGBM,-0.2488436632747456
2025-09-08 00:00:00+00:00,LightGBM,0.28237742830712304
2025-09-09 00:00:00+00:00,LightGBM,0.04544403330249769
2025-09-10 00:00:00+00:00,LightGBM,-0.12002775208140612
2025-09-11 00:00:00+00:00,LightGBM,0.2860777058279371
2025-09-12 00:00:00+00:00,LightGBM,-0.11962657403386888
2025-09-13 00:00:00+00:00,LightGBM,0.31806339557099433
2025-09-14 00:00:00+00:00,LightGBM,0.2947242726877985
2025-09-15 00:00:00+00:00,LightGBM,-0.026921406860616587
2025-09-16 00:00:00+00:00,LightGBM,-0.1752062527138515
2025-09-17 00:00:00+00:00,LightGBM,0.030411655874190566
2025-09-18 00:00:00+00:00,LightGBM,0.4069691706469822
2025-09-19 00:00:00+00:00,LightGBM,0.048571428571428564
2025-09-20 00:00:00+00:00,LightGBM,0.2633673469387755
2025-09-21 00:00:00+00:00,LightGBM,0.17755102040816326
2025-09-22 00:00:00+00:00,LightGBM,0.0486734693877551
2025-09-23 00:00:00+00:00,LightGBM,0.026020408163265306
2025-09-24 00:00:00+00:00,LightGBM,0.21346938775510202
2025-09-25 00:00:00+00:00,LightGBM,0.0032653061224489793
2025-09-26 00:00:00+00:00,LightGBM,0.28669127225358226
2025-09-27 00:00:00+00:00,LightGBM,-0.061984368215371254
2025-09-28 00:00:00+00:00,LightGBM,0.40911193339500473
2025-09-29 00:00:00+00:00,LightGBM,0.17079587182992081
2025-09-30 00:00:00+00:00,LightGBM,-0.3094357076780759
2025-10-01 00:00:00+00:00,LightGBM,0.17570151094665432
2025-10-02 00:00:00+00:00,LightGBM,0.3102766798418972
2025-10-03 00:00:00+00:00,LightGBM,0.16410730804810358
2025-10-04 00:00:00+00:00,LightGBM,0.32309589885908113
2025-10-05 00:00:00+00:00,LightGBM,-0.3996916435399322
2025-10-06 00:00:00+00:00,LightGBM,0.179031760715387
2025-10-07 00:00:00+00:00,LightGBM,-0.25538082022818376
2025-10-08 00:00:00+00:00,LightGBM,0.3981554677206851
2025-10-09 00:00:00+00:00,LightGBM,0.6324110671936758
2025-10-10 00:00:00+00:00,LightGBM,-0.049048625792811835
2025-10-11 00:00:00+00:00,LightGBM,-0.10540622168529144
2025-10-12 00:00:00+00:00,LightGBM,-0.4915433403805497
2025-10-13 00:00:00+00:00,LightGBM,0.30052478595813276
2025-10-14 00:00:00+00:00,LightGBM,0.3224978293535641
2025-10-15 00:00:00+00:00,LightGBM,0.35661615752370146
2025-10-16 00:00:00+00:00,LightGBM,0.07592577586905438
2025-10-17 00:00:00+00:00,LightGBM,0.07106393323069443
2025-10-18 00:00:00+00:00,LightGBM,-0.18536585365853664
2025-10-19 00:00:00+00:00,LightGBM,-0.10731707317073172
2025-10-20 00:00:00+00:00,LightGBM,0.26358885017421607
2025-10-21 00:00:00+00:00,LightGBM,0.3101045296167248
2025-10-22 00:00:00+00:00,LightGBM,-0.22213883677298316
2025-10-23 00:00:00+00:00,LightGBM,-0.18442776735459665
2025-10-24 00:00:00+00:00,LightGBM,0.12630662020905925
2025-10-25 00:00:00+00:00,LightGBM,-0.4106941838649156
2025-10-26 00:00:00+00:00,LightGBM,0.6133208255159476
2025-10-27 00:00:00+00:00,LightGBM,0.1028142589118199
2025-10-28 00:00:00+00:00,LightGBM,-0.21144465290806758
2025-10-29 00:00:00+00:00,LightGBM,0.7225140712945592
2025-10-30 00:00:00+00:00,LightGBM,0.17861163227016888
2025-10-31 00:00:00+00:00,LightGBM,-0.16904315196998126
2025-11-01 00:00:00+00:00,LightGBM,0.14352720450281425
2025-11-02 00:00:00+00:00,LightGBM,0.3844277673545967
2025-11-03 00:00:00+00:00,LightGBM,0.012195121951219513
2025-11-04 00:00:00+00:00,LightGBM,-0.21688555347091934
2025-11-05 00:00:00+00:00,LightGBM,-0.1896761133603239
2025-11-06 00:00:00+00:00,LightGBM,-0.48117408906882597
2025-11-07 00:00:00+00:00,LightGBM,0.3105263157894737
2025-11-08 00:00:00+00:00,LightGBM,0.28480300187617263
2025-11-09 00:00:00+00:00,LightGBM,0.2819838056680162
2025-11-10 00:00:00+00:00,LightGBM,0.5878048780487806
2025-11-11 00:00:00+00:00,LightGBM,-0.06941838649155724
2025-11-12 00:00:00+00:00,LightGBM,0.28238866396761136
2025-11-13 00:00:00+00:00,LightGBM,-0.04015756647335595
2025-11-14 00:00:00+00:00,LightGBM,0.11872196082722399
2025-11-15 00:00:00+00:00,LightGBM,0.3938067622278148
2025-11-16 00:00:00+00:00,LightGBM,0.11477732793522268
2025-11-17 00:00:00+00:00,LightGBM,-0.027530364372469637
2025-11-18 00:00:00+00:00,LightGBM,-0.004251012145748988
2025-11-19 00:00:00+00:00,LightGBM,0.28805668016194336
2025-11-20 00:00:00+00:00,LightGBM,0.40900562851782374
2025-11-21 00:00:00+00:00,LightGBM,0.13724846396261195
2025-11-22 00:00:00+00:00,LightGBM,-0.07187424033708777
2025-11-23 00:00:00+00:00,LightGBM,0.2376630743051617
2025-11-24 00:00:00+00:00,LightGBM,-0.15160845960619074
2025-11-25 00:00:00+00:00,LightGBM,0.1418847743294709
2025-11-26 00:00:00+00:00,LightGBM,0.47621748642735595
2025-11-27 00:00:00+00:00,LightGBM,0.32663479458714856
2025-11-28 00:00:00+00:00,LightGBM,0.41211114466928417
2025-11-29 00:00:00+00:00,LightGBM,0.6380549682875264
2025-11-30 00:00:00+00:00,LightGBM,0.1284584980237154
2025-12-01 00:00:00+00:00,LightGBM,0.1401844532279315
2025-12-02 00:00:00+00:00,LightGBM,0.0895915678524374
2025-12-03 00:00:00+00:00,LightGBM,0.09809725158562367
2025-12-04 00:00:00+00:00,LightGBM,0.37167019027484144
2025-12-05 00:00:00+00:00,LightGBM,0.1992952783650458
2025-12-06 00:00:00+00:00,LightGBM,0.5448504983388704
2025-12-07 00:00:00+00:00,LightGBM,-0.3802677942212826
2025-12-08 00:00:00+00:00,LightGBM,-0.3526427061310782
2025-12-09 00:00:00+00:00,LightGBM,0.5464411557434814
2025-12-10 00:00:00+00:00,LightGBM,0.07812911725955204
2025-12-11 00:00:00+00:00,LightGBM,0.15461592670894997
2025-12-12 00:00:00+00:00,LightGBM,0.2734319943622269
2025-12-13 00:00:00+00:00,LightGBM,0.494412564180006
2025-12-14 00:00:00+00:00,LightGBM,0.01917849592268197
2025-12-15 00:00:00+00:00,LightGBM,0.48927816369676835
2025-12-16 00:00:00+00:00,LightGBM,0.6203563877982483
2025-12-17 00:00:00+00:00,LightGBM,0.4444276653578979
2025-12-18 00:00:00+00:00,LightGBM,-0.1804087385482734
2025-12-19 00:00:00+00:00,LightGBM,0.1668780831571529
2025-12-20 00:00:00+00:00,LightGBM,0.48583509513742074
2025-12-21 00:00:00+00:00,LightGBM,0.24735729386892175
2025-12-22 00:00:00+00:00,LightGBM,0.03241719520789288
2025-12-23 00:00:00+00:00,LightGBM,-0.06166007905138339
2025-12-24 00:00:00+00:00,LightGBM,-0.0021584952204748687
2025-12-25 00:00:00+00:00,LightGBM,-0.13499845821769965
2025-12-26 00:00:00+00:00,LightGBM,-0.06407647240209681
2025-12-27 00:00:00+00:00,LightGBM,0.3467853839037928
2025-12-28 00:00:00+00:00,LightGBM,0.2417900092506938
2025-12-29 00:00:00+00:00,LightGBM,0.16163699522362138
2025-12-30 00:00:00+00:00,LightGBM,0.07577073382544508
2025-12-31 00:00:00+00:00,LightGBM,-0.1942645698427382
2026-01-01 00:00:00+00:00,LightGBM,0.057415972864631515
2026-01-02 00:00:00+00:00,LightGBM,0.04787234042553192
2026-01-03 00:00:00+00:00,LightGBM,-0.0967303634297419
2026-01-04 00:00:00+00:00,LightGBM,0.02811550151975684
2026-01-05 00:00:00+00:00,LightGBM,-0.10920538428137212
2026-01-06 00:00:00+00:00,LightGBM,0.48556231003039513
2026-01-07 00:00:00+00:00,LightGBM,-0.03983933999131568
2026-01-08 00:00:00+00:00,LightGBM,-0.06556665219279202
2026-01-09 00:00:00+00:00,LightGBM,0.4960920538428137
2026-01-10 00:00:00+00:00,LightGBM,-0.24587494572297003
2026-01-11 00:00:00+00:00,LightGBM,0.1440512375162831
2026-01-12 00:00:00+00:00,LightGBM,-0.06980026052974381
2026-01-13 00:00:00+00:00,LightGBM,-0.0008684324793747286
2026-01-14 00:00:00+00:00,LightGBM,0.3618106817194963
2026-01-15 00:00:00+00:00,LightGBM,-0.17489795918367343
2026-01-16 00:00:00+00:00,LightGBM,0.4756122448979591
2026-01-17 00:00:00+00:00,LightGBM,0.3388775510204081
2026-01-18 00:00:00+00:00,LightGBM,0.03785714285714285
2026-01-19 00:00:00+00:00,LightGBM,0.21214285714285713
2026-01-20 00:00:00+00:00,LightGBM,0.10755102040816325
2026-01-21 00:00:00+00:00,LightGBM,0.2996938775510204
2026-01-22 00:00:00+00:00,LightGBM,0.0029591836734693872
2026-01-23 00:00:00+00:00,LightGBM,0.1822328931572629
2026-01-24 00:00:00+00:00,LightGBM,0.5015606242496999
2026-01-25 00:00:00+00:00,LightGBM,-0.18050420168067227
2026-01-26 00:00:00+00:00,LightGBM,-0.11462184873949578
2026-01-27 00:00:00+00:00,LightGBM,0.26501800720288116
2026-01-28 00:00:00+00:00,LightGBM,0.42050420168067226
2026-01-29 00:00:00+00:00,LightGBM,0.3127490996398559
2026-01-30 00:00:00+00:00,LightGBM,0.4470108043217287
2026-01-31 00:00:00+00:00,LightGBM,0.3191433168583002
2026-02-01 00:00:00+00:00,LightGBM,-0.10396158463385353
2026-02-02 00:00:00+00:00,LightGBM,-0.08206482593037215
2026-02-03 00:00:00+00:00,LightGBM,0.16168067226890756
2026-02-04 00:00:00+00:00,LightGBM,0.28316926770708284
2026-02-05 00:00:00+00:00,LightGBM,-0.0197454016748351
2026-02-06 00:00:00+00:00,LightGBM,0.2467622571692877
2026-02-07 00:00:00+00:00,LightGBM,0.2161193339500463
2026-02-08 00:00:00+00:00,LightGBM,0.07267786421469549
2026-02-09 00:00:00+00:00,LightGBM,0.1399167437557817
2026-02-10 00:00:00+00:00,LightGBM,0.14604532839962997
2026-02-11 00:00:00+00:00,LightGBM,-0.05955134135060129
2026-02-12 00:00:00+00:00,LightGBM,0.0709990749306198
2026-02-13 00:00:00+00:00,LightGBM,-0.35164199814986125
2026-02-14 00:00:00+00:00,LightGBM,0.58498023715415
2026-02-15 00:00:00+00:00,LightGBM,0.00606060606060606
2026-02-16 00:00:00+00:00,LightGBM,0.27075990659966737
2026-02-17 00:00:00+00:00,LightGBM,0.2722002635046113
2026-02-18 00:00:00+00:00,LightGBM,0.09051383399209485
2026-02-19 00:00:00+00:00,LightGBM,-0.22872200263504605
2026-02-20 00:00:00+00:00,LightGBM,-0.008695652173913042
2026-02-21 00:00:00+00:00,LightGBM,0.24848484848484848
2026-02-22 00:00:00+00:00,LightGBM,-0.07246376811594202
2026-02-23 00:00:00+00:00,LightGBM,-0.29538866930171276
2026-02-24 00:00:00+00:00,LightGBM,0.11277997364953886
2026-02-25 00:00:00+00:00,LightGBM,0.467588932806324
2026-02-26 00:00:00+00:00,LightGBM,0.127931488801054
2026-02-27 00:00:00+00:00,LightGBM,-0.1620104841196423
2026-02-28 00:00:00+00:00,LightGBM,0.09139967317552894
2026-03-01 00:00:00+00:00,LightGBM,-0.27867715078630895
2026-03-02 00:00:00+00:00,LightGBM,-0.2016651248843663
2026-03-03 00:00:00+00:00,LightGBM,0.35915818686401485
2026-03-04 00:00:00+00:00,LightGBM,-0.03188405797101449
2026-03-05 00:00:00+00:00,LightGBM,0.3961147086031453
2026-03-06 00:00:00+00:00,LightGBM,0.31964230650632125
2026-03-07 00:00:00+00:00,LightGBM,-0.11970397779833486
2026-03-08 00:00:00+00:00,LightGBM,-0.18741905642923218
2026-03-09 00:00:00+00:00,LightGBM,-0.07850755473327167
2026-03-10 00:00:00+00:00,LightGBM,0.08751156336725255
2026-03-11 00:00:00+00:00,LightGBM,-0.2561208757323466
2026-03-12 00:00:00+00:00,LightGBM,0.091581868640148
2026-03-13 00:00:00+00:00,LightGBM,0.13667900092506938
2026-03-14 00:00:00+00:00,LightGBM,0.16571076164045637
2026-03-15 00:00:00+00:00,LightGBM,-0.0027752081406105457
2026-03-16 00:00:00+00:00,LightGBM,0.30718470551958066
2026-03-17 00:00:00+00:00,LightGBM,0.05531914893617021
2026-03-18 00:00:00+00:00,LightGBM,0.3402405180388529
2026-03-19 00:00:00+00:00,LightGBM,-0.11711378353376502
2026-03-20 00:00:00+00:00,LightGBM,-0.03484427998766574
2026-03-21 00:00:00+00:00,LightGBM,-0.03746530989824237
2026-03-22 00:00:00+00:00,LightGBM,-0.17414431082331178
2026-03-23 00:00:00+00:00,LightGBM,0.019303114400246683
2026-03-24 00:00:00+00:00,LightGBM,0.23843663274745605
2026-03-25 00:00:00+00:00,LightGBM,0.39177160225792446
2026-03-26 00:00:00+00:00,LightGBM,0.18269648284845852
2026-03-27 00:00:00+00:00,LightGBM,0.028367346938775507
2026-03-28 00:00:00+00:00,LightGBM,0.3270408163265306
2026-03-29 00:00:00+00:00,LightGBM,0.02336734693877551
2026-03-30 00:00:00+00:00,LightGBM,0.03653061224489795
2026-03-31 00:00:00+00:00,LightGBM,0.23816326530612242
2026-04-01 00:00:00+00:00,LightGBM,0.2290816326530612
2026-04-02 00:00:00+00:00,LightGBM,0.2996938775510204
2026-04-03 00:00:00+00:00,LightGBM,-0.3406567992599445
2026-04-04 00:00:00+00:00,LightGBM,0.4842878207337227
2026-04-05 00:00:00+00:00,LightGBM,0.3016882516188714
2026-04-06 00:00:00+00:00,LightGBM,-0.0437095282146161
2026-04-07 00:00:00+00:00,LightGBM,0.3675994449583719
2026-04-08 00:00:00+00:00,LightGBM,-0.13679463459759483
2026-04-09 00:00:00+00:00,LightGBM,0.13008788159111934
2026-04-10 00:00:00+00:00,LightGBM,-0.0056120875732346585
2026-04-11 00:00:00+00:00,LightGBM,0.09651557200123342
2026-04-12 00:00:00+00:00,LightGBM,-0.19802651865556584
2026-04-13 00:00:00+00:00,LightGBM,0.28365759891590775
2026-04-14 00:00:00+00:00,LightGBM,-0.04185938945420906
2026-04-15 00:00:00+00:00,LightGBM,-0.20370027752081404
2026-04-16 00:00:00+00:00,LightGBM,-0.0021584952204748687
2026-04-17 00:00:00+00:00,LightGBM,0.3119894598155467
2026-04-18 00:00:00+00:00,LightGBM,0.49552042160737814
2026-04-19 00:00:00+00:00,LightGBM,-0.0790009250693802
2026-04-20 00:00:00+00:00,LightGBM,0.2106074622263336
2026-04-21 00:00:00+00:00,LightGBM,0.11427690410114091
2026-04-22 00:00:00+00:00,LightGBM,-0.09244526672833794
2026-04-23 00:00:00+00:00,LightGBM,-0.01825526535759552
2026-04-24 00:00:00+00:00,LightGBM,0.36060316400628717
2026-04-25 00:00:00+00:00,LightGBM,-0.07975081785221028
2026-04-26 00:00:00+00:00,LightGBM,-0.016589577551649706
2026-04-27 00:00:00+00:00,LightGBM,-0.12129972247918595
2026-04-28 00:00:00+00:00,LightGBM,0.1876899696048632
2026-04-29 00:00:00+00:00,LightGBM,0.32891880156317843
2026-04-30 00:00:00+00:00,LightGBM,-0.032377428307123035
2026-05-01 00:00:00+00:00,LightGBM,-0.2656105457909343
2026-05-02 00:00:00+00:00,LightGBM,0.503931544865865
2026-05-03 00:00:00+00:00,LightGBM,0.292987407729049
2026-05-04 00:00:00+00:00,LightGBM,0.18959183673469382
2026-05-05 00:00:00+00:00,LightGBM,0.03561224489795918
2026-05-06 00:00:00+00:00,LightGBM,0.07255102040816327
2026-05-07 00:00:00+00:00,LightGBM,-0.2411224489795918
2026-05-08 00:00:00+00:00,LightGBM,0.09040816326530611
2026-05-09 00:00:00+00:00,LightGBM,0.1630612244897959
2026-05-10 00:00:00+00:00,LightGBM,0.39979591836734696
2026-05-11 00:00:00+00:00,LightGBM,0.2471428571428571
2026-05-12 00:00:00+00:00,LightGBM,0.4260204081632652
2026-05-13 00:00:00+00:00,LightGBM,0.18214285714285713
2026-05-14 00:00:00+00:00,LightGBM,0.2286734693877551
2026-05-15 00:00:00+00:00,LightGBM,0.2027551020408163
2026-05-16 00:00:00+00:00,LightGBM,0.17367346938775505
2026-05-17 00:00:00+00:00,LightGBM,-0.32454909574580376
2026-05-18 00:00:00+00:00,LightGBM,0.6291836734693876
2026-05-19 00:00:00+00:00,LightGBM,-0.1590816326530612
2026-05-20 00:00:00+00:00,LightGBM,0.0008163265306122448
2026-05-21 00:00:00+00:00,LightGBM,0.22025618758141552
2026-05-22 00:00:00+00:00,LightGBM,-0.36137646547980895
2026-05-23 00:00:00+00:00,LightGBM,0.02529309596178897
2026-05-24 00:00:00+00:00,LightGBM,0.08195831524099
2026-05-25 00:00:00+00:00,LightGBM,0.286938775510204
2026-05-26 00:00:00+00:00,LightGBM,0.17897959183673467
2026-05-27 00:00:00+00:00,LightGBM,0.22948979591836732
2026-05-28 00:00:00+00:00,LightGBM,0.11591836734693876
2026-05-29 00:00:00+00:00,LightGBM,0.09785714285714284
2026-05-30 00:00:00+00:00,LightGBM,-0.3092705167173252
2026-05-31 00:00:00+00:00,LightGBM,0.032891880156317846
2026-06-01 00:00:00+00:00,LightGBM,0.0996526270082501
2026-06-02 00:00:00+00:00,LightGBM,-0.1463348441388908
2026-06-03 00:00:00+00:00,LightGBM,0.01910551454624403
2026-06-04 00:00:00+00:00,LightGBM,0.03343465045592705
2026-06-05 00:00:00+00:00,LightGBM,0.14079461571862786
2026-06-06 00:00:00+00:00,LightGBM,-0.2519539730785932
2026-06-07 00:00:00+00:00,LightGBM,0.01710190627103309
2026-06-08 00:00:00+00:00,LightGBM,-0.024858879722101605
2026-06-09 00:00:00+00:00,LightGBM,0.5434216239687364
2026-06-10 00:00:00+00:00,LightGBM,-0.29754667824576636
2026-06-11 00:00:00+00:00,LightGBM,0.399587494572297
2026-06-12 00:00:00+00:00,LightGBM,0.02833260963960052
2026-06-13 00:00:00+00:00,LightGBM,0.2080612244897959
2026-06-14 00:00:00+00:00,LightGBM,0.18020408163265303
2026-06-15 00:00:00+00:00,LightGBM,0.15928571428571425
2026-06-16 00:00:00+00:00,LightGBM,0.09744897959183672
2026-06-17 00:00:00+00:00,LightGBM,-0.09408163265306121
2026-06-18 00:00:00+00:00,LightGBM,0.2986734693877551
2026-06-19 00:00:00+00:00,LightGBM,0.2854081632653061
2026-06-20 00:00:00+00:00,LightGBM,0.06591836734693876
2026-06-21 00:00:00+00:00,LightGBM,0.15425531914893617
2026-06-22 00:00:00+00:00,LightGBM,-0.035383903792784464
2026-06-23 00:00:00+00:00,LightGBM,-0.11887141535615171
2026-06-24 00:00:00+00:00,LightGBM,0.09262257169287696
2026-06-25 00:00:00+00:00,LightGBM,0.31972710453284
2026-06-26 00:00:00+00:00,LightGBM,0.5445189639222942
2026-06-27 00:00:00+00:00,LightGBM,0.2802463069599276
2026-06-28 00:00:00+00:00,LightGBM,-0.14627659574468088
2026-06-29 00:00:00+00:00,LightGBM,0.288159111933395
2026-06-30 00:00:00+00:00,LightGBM,0.29995374653098983
2026-07-01 00:00:00+00:00,LightGBM,-0.12870027752081406
2026-07-02 00:00:00+00:00,LightGBM,-0.201613136449199
2026-07-03 00:00:00+00:00,LightGBM,0.14512025901942646
2026-07-04 00:00:00+00:00,LightGBM,0.16923577941815024
2026-07-05 00:00:00+00:00,LightGBM,0.08130699088145897
2026-07-06 00:00:00+00:00,LightGBM,0.5322617946345976
2026-07-07 00:00:00+00:00,LightGBM,0.23369565217391305
2026-07-08 00:00:00+00:00,LightGBM,0.07377428307123034
2026-07-09 00:00:00+00:00,LightGBM,0.3512950971322849
2026-07-10 00:00:00+00:00,LightGBM,0.5427844588344126
2026-07-11 00:00:00+00:00,LightGBM,-0.2651947332353403
2026-07-12 00:00:00+00:00,LightGBM,0.08196114708603144
2026-07-13 00:00:00+00:00,LightGBM,0.22639531298180696
2026-07-14 00:00:00+00:00,LightGBM,-0.04446500154178229
2026-07-15 00:00:00+00:00,LightGBM,-0.07912426765340734
2026-07-16 00:00:00+00:00,LightGBM,0.08267807585568918
2026-07-17 00:00:00+00:00,LightGBM,0.0021972938738354657
2026-07-18 00:00:00+00:00,LightGBM,0.23613937711995064
2026-07-19 00:00:00+00:00,LightGBM,-0.179031760715387
2026-07-20 00:00:00+00:00,LightGBM,0.3263028060437866
2026-07-21 00:00:00+00:00,LightGBM,-0.3137315367367852
2026-07-22 00:00:00+00:00,LightGBM,0.16188714153561515
2026-07-23 00:00:00+00:00,LightGBM,-0.07690410114091889
2026-07-24 00:00:00+00:00,LightGBM,0.2226950354609929
2026-07-25 00:00:00+00:00,LightGBM,0.42183163737280294
2026-07-26 00:00:00+00:00,LightGBM,0.32273358001850144
2026-07-27 00:00:00+00:00,LightGBM,0.15772432932469935
2021-07-30 00:00:00+00:00,FFNN,-0.20462694447859017
2021-07-31 00:00:00+00:00,FFNN,-0.3007494741301572
2021-08-01 00:00:00+00:00,FFNN,0.0327922266276317
2021-08-02 00:00:00+00:00,FFNN,-0.07595146452860946
2021-08-03 00:00:00+00:00,FFNN,-0.17621884953976258
2021-08-04 00:00:00+00:00,FFNN,-0.21554348465630224
2021-08-05 00:00:00+00:00,FFNN,-0.0416522110655803
2021-08-06 00:00:00+00:00,FFNN,0.12090711267647612
2021-08-07 00:00:00+00:00,FFNN,-0.06001681464706633
2021-08-08 00:00:00+00:00,FFNN,-0.28994388667842713
2021-08-09 00:00:00+00:00,FFNN,0.1582132610465298
2021-08-10 00:00:00+00:00,FFNN,-0.08069111410363679
2021-08-11 00:00:00+00:00,FFNN,0.016580565758427625
2021-08-12 00:00:00+00:00,FFNN,0.07530208322730564
2021-08-13 00:00:00+00:00,FFNN,-0.06471648686308377
2021-08-14 00:00:00+00:00,FFNN,-0.17486227584155623
2021-08-15 00:00:00+00:00,FFNN,-0.0960402288317585
2021-08-16 00:00:00+00:00,FFNN,-0.2859957091998221
2021-08-17 00:00:00+00:00,FFNN,0.15017048525301446
2021-08-18 00:00:00+00:00,FFNN,0.04832432133766317
2021-08-19 00:00:00+00:00,FFNN,-0.20821326248837485
2021-08-20 00:00:00+00:00,FFNN,-0.06791546785664637
2021-08-21 00:00:00+00:00,FFNN,0.002929453022204631
2021-08-22 00:00:00+00:00,FFNN,0.18162330084539502
2021-08-23 00:00:00+00:00,FFNN,0.15013410820738635
2021-08-24 00:00:00+00:00,FFNN,-0.14745569963900218
2021-08-25 00:00:00+00:00,FFNN,-0.16794284985422978
2021-08-26 00:00:00+00:00,FFNN,0.27963250197613093
2021-08-27 00:00:00+00:00,FFNN,0.1488863162675164
2021-08-28 00:00:00+00:00,FFNN,-0.34120206590064334
2021-08-29 00:00:00+00:00,FFNN,-0.056223691542970196
2021-08-30 00:00:00+00:00,FFNN,-0.3872547770335876
2021-08-31 00:00:00+00:00,FFNN,-0.24874259900618328
2021-09-01 00:00:00+00:00,FFNN,0.1250638243595328
2021-09-02 00:00:00+00:00,FFNN,0.06166288888393696
2021-09-03 00:00:00+00:00,FFNN,-0.3461087124669009
2021-09-04 00:00:00+00:00,FFNN,0.0546938775510204
2021-09-05 00:00:00+00:00,FFNN,-0.11154199466185313
2021-09-06 00:00:00+00:00,FFNN,0.15922429709477012
2021-09-07 00:00:00+00:00,FFNN,-0.14791935119504943
2021-09-08 00:00:00+00:00,FFNN,-0.130083926292758
2021-09-09 00:00:00+00:00,FFNN,0.20997716083462745
2021-09-10 00:00:00+00:00,FFNN,-0.2733623826218438
2021-09-11 00:00:00+00:00,FFNN,0.005327251224089839
2021-09-12 00:00:00+00:00,FFNN,-0.16494439747178924
2021-09-13 00:00:00+00:00,FFNN,-0.37818744865856846
2021-09-14 00:00:00+00:00,FFNN,-0.3146020615367274
2021-09-15 00:00:00+00:00,FFNN,-0.25377271421561387
2021-09-16 00:00:00+00:00,FFNN,-0.22955786490531493
2021-09-17 00:00:00+00:00,FFNN,0.054204379806098574
2021-09-18 00:00:00+00:00,FFNN,0.25223211393108247
2021-09-19 00:00:00+00:00,FFNN,-0.03247488426826441
2021-09-20 00:00:00+00:00,FFNN,0.18462465510651932
2021-09-21 00:00:00+00:00,FFNN,0.048179737048839974
2021-09-22 00:00:00+00:00,FFNN,0.3366230653587087
2021-09-23 00:00:00+00:00,FFNN,0.15939456730629073
2021-09-24 00:00:00+00:00,FFNN,-0.2252327840931326
2021-09-25 00:00:00+00:00,FFNN,0.01831464797845176
2021-09-26 00:00:00+00:00,FFNN,-0.07968507116793978
2021-09-27 00:00:00+00:00,FFNN,-0.31986880440846605
2021-09-28 00:00:00+00:00,FFNN,0.051277625629026775
2021-09-29 00:00:00+00:00,FFNN,0.17848780749426477
2021-09-30 00:00:00+00:00,FFNN,-0.16110746220145963
2021-10-01 00:00:00+00:00,FFNN,-0.040049793380684574
2021-10-02 00:00:00+00:00,FFNN,0.25712799640754325
2021-10-03 00:00:00+00:00,FFNN,0.14363493682018452
2021-10-04 00:00:00+00:00,FFNN,-0.10292473594387265
2021-10-05 00:00:00+00:00,FFNN,0.043062605848068536
2021-10-06 00:00:00+00:00,FFNN,-0.12182438695983985
2021-10-07 00:00:00+00:00,FFNN,0.015056772168360716
2021-10-08 00:00:00+00:00,FFNN,-0.13809087639653758
2021-10-09 00:00:00+00:00,FFNN,0.19569719114760395
2021-10-10 00:00:00+00:00,FFNN,0.08161778588146516
2021-10-11 00:00:00+00:00,FFNN,-0.08820818890423854
2021-10-12 00:00:00+00:00,FFNN,-0.31800020665786
2021-10-13 00:00:00+00:00,FFNN,-0.025432783843165784
2021-10-14 00:00:00+00:00,FFNN,0.1696332662554851
2021-10-15 00:00:00+00:00,FFNN,-0.21825792911582848
2021-10-16 00:00:00+00:00,FFNN,0.22631486782289875
2021-10-17 00:00:00+00:00,FFNN,0.006665140878234027
2021-10-18 00:00:00+00:00,FFNN,-0.2466994209123717
2021-10-19 00:00:00+00:00,FFNN,0.18583125524176383
2021-10-20 00:00:00+00:00,FFNN,-0.332840426209356
2021-10-21 00:00:00+00:00,FFNN,-0.21635423392690628
2021-10-22 00:00:00+00:00,FFNN,0.2911748094712218
2021-10-23 00:00:00+00:00,FFNN,0.158622450998054
2021-10-24 00:00:00+00:00,FFNN,-0.06798443695798709
2021-10-25 00:00:00+00:00,FFNN,-0.18183947926404864
2021-10-26 00:00:00+00:00,FFNN,0.2016449257316616
2021-10-27 00:00:00+00:00,FFNN,0.22718483272875148
2021-10-28 00:00:00+00:00,FFNN,-0.017534399841480815
2021-10-29 00:00:00+00:00,FFNN,-0.021619089747935666
2021-10-30 00:00:00+00:00,FFNN,-0.0587744134993277
2021-10-31 00:00:00+00:00,FFNN,0.057465892234036545
2021-11-01 00:00:00+00:00,FFNN,0.25837842817561596
2021-11-02 00:00:00+00:00,FFNN,0.0004923294875767188
2021-11-03 00:00:00+00:00,FFNN,-0.29495028678527946
2021-11-04 00:00:00+00:00,FFNN,0.10838567362988259
2021-11-05 00:00:00+00:00,FFNN,0.4149389340209599
2021-11-06 00:00:00+00:00,FFNN,-0.4820489135875741
2021-11-07 00:00:00+00:00,FFNN,-0.3589228646279357
2021-11-08 00:00:00+00:00,FFNN,0.10986267182226953
2021-11-09 00:00:00+00:00,FFNN,0.29440660037438565
2021-11-10 00:00:00+00:00,FFNN,-0.04945067852963603
2021-11-11 00:00:00+00:00,FFNN,0.2281803655365949
2021-11-12 00:00:00+00:00,FFNN,-0.1604920565178813
2021-11-13 00:00:00+00:00,FFNN,0.07715111103773158
2021-11-14 00:00:00+00:00,FFNN,0.09703218723147415
2021-11-15 00:00:00+00:00,FFNN,0.21077816537795155
2021-11-16 00:00:00+00:00,FFNN,-0.09358363009258044
2021-11-17 00:00:00+00:00,FFNN,-0.20409583422134345
2021-11-18 00:00:00+00:00,FFNN,0.13959552259279073
2021-11-19 00:00:00+00:00,FFNN,-0.15913849968713556
2021-11-20 00:00:00+00:00,FFNN,-0.24765345193646954
2021-11-21 00:00:00+00:00,FFNN,0.10357985909837954
2021-11-22 00:00:00+00:00,FFNN,-0.07144451115535042
2021-11-23 00:00:00+00:00,FFNN,0.16253552204110835
2021-11-24 00:00:00+00:00,FFNN,-0.30984700341001814
2021-11-25 00:00:00+00:00,FFNN,-0.09697771616098237
2021-11-26 00:00:00+00:00,FFNN,-0.09936954324118598
2021-11-27 00:00:00+00:00,FFNN,-0.23342057914532413
2021-11-28 00:00:00+00:00,FFNN,-0.22737391575583038
2021-11-29 00:00:00+00:00,FFNN,-0.17835916092002788
2021-11-30 00:00:00+00:00,FFNN,-0.17910288293269386
2021-12-01 00:00:00+00:00,FFNN,-0.025622958842088633
2021-12-02 00:00:00+00:00,FFNN,-0.1501032044954414
2021-12-03 00:00:00+00:00,FFNN,0.35984582464891207
2021-12-04 00:00:00+00:00,FFNN,0.1724289886001323
2021-12-05 00:00:00+00:00,FFNN,0.10695273266145702
2021-12-06 00:00:00+00:00,FFNN,0.02281803655365949
2021-12-07 00:00:00+00:00,FFNN,-0.03758010763778779
2021-12-08 00:00:00+00:00,FFNN,0.07340480793020741
2021-12-09 00:00:00+00:00,FFNN,-0.30417290710658457
2021-12-10 00:00:00+00:00,FFNN,0.04243292547097481
2021-12-11 00:00:00+00:00,FFNN,0.000325839083564634
2021-12-12 00:00:00+00:00,FFNN,-0.07040677550330735
2021-12-13 00:00:00+00:00,FFNN,-0.1771758608625335
2021-12-14 00:00:00+00:00,FFNN,-0.2077459718406732
2021-12-15 00:00:00+00:00,FFNN,-0.05762361175140708
2021-12-16 00:00:00+00:00,FFNN,0.24894686309898248
2021-12-17 00:00:00+00:00,FFNN,0.1938596652071857
2021-12-18 00:00:00+00:00,FFNN,-0.10624410374079131
2021-12-19 00:00:00+00:00,FFNN,0.2845905221722946
2021-12-20 00:00:00+00:00,FFNN,-0.046681772430376814
2021-12-21 00:00:00+00:00,FFNN,-0.32589713517406504
2021-12-22 00:00:00+00:00,FFNN,-0.05905862028751116
2021-12-23 00:00:00+00:00,FFNN,0.007798995430944472
2021-12-24 00:00:00+00:00,FFNN,-0.10382575739040784
2021-12-25 00:00:00+00:00,FFNN,0.051902602788320755
2021-12-26 00:00:00+00:00,FFNN,-0.17897736943347758
2021-12-27 00:00:00+00:00,FFNN,0.020880344087785576
2021-12-28 00:00:00+00:00,FFNN,0.06450678865794258
2021-12-29 00:00:00+00:00,FFNN,0.08633354955411696
2021-12-30 00:00:00+00:00,FFNN,0.21662735993057605
2021-12-31 00:00:00+00:00,FFNN,0.13048399040780026
2022-01-01 00:00:00+00:00,FFNN,-0.349620755700366
2022-01-02 00:00:00+00:00,FFNN,0.1893560615804084
2022-01-03 00:00:00+00:00,FFNN,-0.2706825770293175
2022-01-04 00:00:00+00:00,FFNN,0.008086015602622846
2022-01-05 00:00:00+00:00,FFNN,0.19437639699139697
2022-01-06 00:00:00+00:00,FFNN,-0.39393050735159635
2022-01-07 00:00:00+00:00,FFNN,-0.07153099630897827
2022-01-08 00:00:00+00:00,FFNN,-0.23104398528310655
2022-01-09 00:00:00+00:00,FFNN,-0.07030791604114409
2022-01-10 00:00:00+00:00,FFNN,0.029005501177481442
2022-01-11 00:00:00+00:00,FFNN,-0.2688106526846122
2022-01-12 00:00:00+00:00,FFNN,-0.015166608890338008
2022-01-13 00:00:00+00:00,FFNN,0.32515872228087656
2022-01-14 00:00:00+00:00,FFNN,-0.10282261156351344
2022-01-15 00:00:00+00:00,FFNN,0.05691810443445892
2022-01-16 00:00:00+00:00,FFNN,-0.2744146087549704
2022-01-17 00:00:00+00:00,FFNN,-0.206165079283311
2022-01-18 00:00:00+00:00,FFNN,-0.3206715412944037
2022-01-19 00:00:00+00:00,FFNN,-0.05345726163932049
2022-01-20 00:00:00+00:00,FFNN,0.12168693478359055
2022-01-21 00:00:00+00:00,FFNN,-0.057100322022972244
2022-01-22 00:00:00+00:00,FFNN,0.2511485778975108
2022-01-23 00:00:00+00:00,FFNN,0.02934678278671212
2022-01-24 00:00:00+00:00,FFNN,-0.08357566334465401
2022-01-25 00:00:00+00:00,FFNN,-0.09868895017427079
2022-01-26 00:00:00+00:00,FFNN,-0.24401488837477056
2022-01-27 00:00:00+00:00,FFNN,-0.35024612889533585
2022-01-28 00:00:00+00:00,FFNN,-0.1358593868822443
2022-01-29 00:00:00+00:00,FFNN,0.11481668230637913
2022-01-30 00:00:00+00:00,FFNN,-0.05010204081632653
2022-01-31 00:00:00+00:00,FFNN,0.07353917054921914
2022-02-01 00:00:00+00:00,FFNN,-0.10149322921609855
2022-02-02 00:00:00+00:00,FFNN,0.05347484465033032
2022-02-03 00:00:00+00:00,FFNN,0.09544256650230634
2022-02-04 00:00:00+00:00,FFNN,0.08814827565166443
2022-02-05 00:00:00+00:00,FFNN,-0.03446956565985911
2022-02-06 00:00:00+00:00,FFNN,-0.06529743040147083
2022-02-07 00:00:00+00:00,FFNN,0.28239148864509434
2022-02-08 00:00:00+00:00,FFNN,0.003386405910804837
2022-02-09 00:00:00+00:00,FFNN,0.2784705292739618
2022-02-10 00:00:00+00:00,FFNN,0.084417816290232
2022-02-11 00:00:00+00:00,FFNN,0.07721670489198695
2022-02-12 00:00:00+00:00,FFNN,-0.07011156281801932
2022-02-13 00:00:00+00:00,FFNN,-0.23436045764403343
2022-02-14 00:00:00+00:00,FFNN,0.22387648563386228
2022-02-15 00:00:00+00:00,FFNN,0.0025049142630686884
2022-02-16 00:00:00+00:00,FFNN,0.0009248201705212459
2022-02-17 00:00:00+00:00,FFNN,0.15220133165949584
2022-02-18 00:00:00+00:00,FFNN,0.09314271137198468
2022-02-19 00:00:00+00:00,FFNN,-0.04223345457556544
2022-02-20 00:00:00+00:00,FFNN,-0.018741230514323397
2022-02-21 00:00:00+00:00,FFNN,0.058186042744544156
2022-02-22 00:00:00+00:00,FFNN,0.2043138764137765
2022-02-23 00:00:00+00:00,FFNN,0.09291722654413459
2022-02-24 00:00:00+00:00,FFNN,-0.15832775041653152
2022-02-25 00:00:00+00:00,FFNN,-0.3237551216351871
2022-02-26 00:00:00+00:00,FFNN,-0.030052458668675827
2022-02-27 00:00:00+00:00,FFNN,-0.09972213625130603
2022-02-28 00:00:00+00:00,FFNN,-0.006420747689416425
2022-03-01 00:00:00+00:00,FFNN,0.023908110149025847
2022-03-02 00:00:00+00:00,FFNN,0.14876696426576147
2022-03-03 00:00:00+00:00,FFNN,0.06889555409540882
2022-03-04 00:00:00+00:00,FFNN,0.19814435638760436
2022-03-05 00:00:00+00:00,FFNN,0.029155261436601573
2022-03-06 00:00:00+00:00,FFNN,0.05482802844182078
2022-03-07 00:00:00+00:00,FFNN,-0.2427874035144101
2022-03-08 00:00:00+00:00,FFNN,-0.11986000302225108
2022-03-09 00:00:00+00:00,FFNN,-0.09682837325028366
2022-03-10 00:00:00+00:00,FFNN,0.1106168325317736
2022-03-11 00:00:00+00:00,FFNN,0.005330923573973658
2022-03-12 00:00:00+00:00,FFNN,0.010564048670499792
2022-03-13 00:00:00+00:00,FFNN,0.03478104913152856
2022-03-14 00:00:00+00:00,FFNN,0.0615312601624425
2022-03-15 00:00:00+00:00,FFNN,-0.16563055569369314
2022-03-16 00:00:00+00:00,FFNN,-0.06164616100289451
2022-03-17 00:00:00+00:00,FFNN,0.05713245011702561
2022-03-18 00:00:00+00:00,FFNN,-0.22932723919356357
2022-03-19 00:00:00+00:00,FFNN,0.2314809121417983
2022-03-20 00:00:00+00:00,FFNN,-0.19416845012503423
2022-03-21 00:00:00+00:00,FFNN,0.012788058916920805
2022-03-22 00:00:00+00:00,FFNN,-0.22148099168743046
2022-03-23 00:00:00+00:00,FFNN,-0.3447877471539702
2022-03-24 00:00:00+00:00,FFNN,0.29825373161166663
2022-03-25 00:00:00+00:00,FFNN,-0.24390957717476924
2022-03-26 00:00:00+00:00,FFNN,-0.34039112487482565
2022-03-27 00:00:00+00:00,FFNN,0.11893267039747704
2022-03-28 00:00:00+00:00,FFNN,0.01921615471100956
2022-03-29 00:00:00+00:00,FFNN,0.05356805724263871
2022-03-30 00:00:00+00:00,FFNN,-0.2584137679837523
2022-03-31 00:00:00+00:00,FFNN,0.06211324069763865
2022-04-01 00:00:00+00:00,FFNN,-0.14100907831927592
2022-04-02 00:00:00+00:00,FFNN,0.056843478938957595
2022-04-03 00:00:00+00:00,FFNN,-0.2340524069863535
2022-04-04 00:00:00+00:00,FFNN,-0.35439089581631233
2022-04-05 00:00:00+00:00,FFNN,-0.2965536723737395
2022-04-06 00:00:00+00:00,FFNN,-0.1536948974416513
2022-04-07 00:00:00+00:00,FFNN,-0.1704889894755921
2022-04-08 00:00:00+00:00,FFNN,-0.2677359781899422
2022-04-09 00:00:00+00:00,FFNN,0.04990746690222656
2022-04-10 00:00:00+00:00,FFNN,0.05324539004368469
2022-04-11 00:00:00+00:00,FFNN,-0.006951233782712193
2022-04-12 00:00:00+00:00,FFNN,-0.13756988275417228
2022-04-13 00:00:00+00:00,FFNN,0.09549837393664846
2022-04-14 00:00:00+00:00,FFNN,-0.16374757136876175
2022-04-15 00:00:00+00:00,FFNN,-0.15075488266257067
2022-04-16 00:00:00+00:00,FFNN,0.32259761315597657
2022-04-17 00:00:00+00:00,FFNN,-0.15302118991522085
2022-04-18 00:00:00+00:00,FFNN,-0.18357038586607274
2022-04-19 00:00:00+00:00,FFNN,0.049895869736037476
2022-04-20 00:00:00+00:00,FFNN,-0.13638728479263135
2022-04-21 00:00:00+00:00,FFNN,-0.14884648591109056
2022-04-22 00:00:00+00:00,FFNN,0.2721065454209486
2022-04-23 00:00:00+00:00,FFNN,-0.1995834789441499
2022-04-24 00:00:00+00:00,FFNN,0.1230148269993685
2022-04-25 00:00:00+00:00,FFNN,0.04725510034377825
2022-04-26 00:00:00+00:00,FFNN,-0.16633873322201442
2022-04-27 00:00:00+00:00,FFNN,0.3471468285259709
2022-04-28 00:00:00+00:00,FFNN,0.49647649545006733
2022-04-29 00:00:00+00:00,FFNN,0.5092573085789013
2022-04-30 00:00:00+00:00,FFNN,-0.05795943048420439
2022-05-01 00:00:00+00:00,FFNN,0.2515330746015877
2022-05-02 00:00:00+00:00,FFNN,-0.11165499499548828
2022-05-03 00:00:00+00:00,FFNN,-0.32731695862368515
2022-05-04 00:00:00+00:00,FFNN,0.10222851450569538
2022-05-05 00:00:00+00:00,FFNN,0.05859863771325332
2022-05-06 00:00:00+00:00,FFNN,0.4112734075618369
2022-05-07 00:00:00+00:00,FFNN,0.1310056672836891
2022-05-08 00:00:00+00:00,FFNN,0.3278901692971476
2022-05-09 00:00:00+00:00,FFNN,0.17940723145223653
2022-05-10 00:00:00+00:00,FFNN,0.46244486145590696
2022-05-11 00:00:00+00:00,FFNN,0.18592845162934574
2022-05-12 00:00:00+00:00,FFNN,-0.291201609351464
2022-05-13 00:00:00+00:00,FFNN,-0.13646351426978154
2022-05-14 00:00:00+00:00,FFNN,-0.005319726445420726
2022-05-15 00:00:00+00:00,FFNN,0.08092924800114473
2022-05-16 00:00:00+00:00,FFNN,-0.39654705842420856
2022-05-17 00:00:00+00:00,FFNN,-0.15870603560573165
2022-05-18 00:00:00+00:00,FFNN,-0.05590418955646575
2022-05-19 00:00:00+00:00,FFNN,-0.02451689293318163
2022-05-20 00:00:00+00:00,FFNN,-0.24513960386845968
2022-05-21 00:00:00+00:00,FFNN,0.18508969529436853
2022-05-22 00:00:00+00:00,FFNN,0.14146129710986133
2022-05-23 00:00:00+00:00,FFNN,-0.060318151959104005
2022-05-24 00:00:00+00:00,FFNN,0.0637281514992238
2022-05-25 00:00:00+00:00,FFNN,0.09112633037024265
2022-05-26 00:00:00+00:00,FFNN,0.1819466771862039
2022-05-27 00:00:00+00:00,FFNN,-0.30603517735752234
2022-05-28 00:00:00+00:00,FFNN,-0.13969650497021086
2022-05-29 00:00:00+00:00,FFNN,-0.06621977368302921
2022-05-30 00:00:00+00:00,FFNN,0.2954076664895876
2022-05-31 00:00:00+00:00,FFNN,-0.16911885090243833
2022-06-01 00:00:00+00:00,FFNN,0.027289313198352944
2022-06-02 00:00:00+00:00,FFNN,0.10528144013655083
2022-06-03 00:00:00+00:00,FFNN,0.06338513782725007
2022-06-04 00:00:00+00:00,FFNN,0.23345024540732104
2022-06-05 00:00:00+00:00,FFNN,-0.21872717896436458
2022-06-06 00:00:00+00:00,FFNN,0.48346817569380846
2022-06-07 00:00:00+00:00,FFNN,-0.007561830750718061
2022-06-08 00:00:00+00:00,FFNN,0.23785718000669545
2022-06-09 00:00:00+00:00,FFNN,0.11831502891992546
2022-06-10 00:00:00+00:00,FFNN,0.13302699043545627
2022-06-11 00:00:00+00:00,FFNN,-0.08604624909164829
2022-06-12 00:00:00+00:00,FFNN,-0.19080482999378726
2022-06-13 00:00:00+00:00,FFNN,0.06911690538073773
2022-06-14 00:00:00+00:00,FFNN,0.04024002628143552
2022-06-15 00:00:00+00:00,FFNN,0.034005764669381634
2022-06-16 00:00:00+00:00,FFNN,-0.015613741893153397
2022-06-17 00:00:00+00:00,FFNN,0.1412214787681419
2022-06-18 00:00:00+00:00,FFNN,0.09776604539251435
2022-06-19 00:00:00+00:00,FFNN,-0.1456206210087991
2022-06-20 00:00:00+00:00,FFNN,-0.42555236577785494
2022-06-21 00:00:00+00:00,FFNN,0.1785731649749267
2022-06-22 00:00:00+00:00,FFNN,-0.1493384514967408
2022-06-23 00:00:00+00:00,FFNN,-0.14369446769975944
2022-06-24 00:00:00+00:00,FFNN,0.008270629691431856
2022-06-25 00:00:00+00:00,FFNN,-0.023919309047107422
2022-06-26 00:00:00+00:00,FFNN,-0.35552142836754275
2022-06-27 00:00:00+00:00,FFNN,-0.10352040186566117
2022-06-28 00:00:00+00:00,FFNN,0.10794835960502869
2022-06-29 00:00:00+00:00,FFNN,-0.1229586971096285
2022-06-30 00:00:00+00:00,FFNN,-0.26146663275204857
2022-07-01 00:00:00+00:00,FFNN,-0.3046595431329328
2022-07-02 00:00:00+00:00,FFNN,0.04631213320621448
2022-07-03 00:00:00+00:00,FFNN,-0.47170637997373516
2022-07-04 00:00:00+00:00,FFNN,0.06813616625443342
2022-07-05 00:00:00+00:00,FFNN,0.009955417129728705
2022-07-06 00:00:00+00:00,FFNN,-0.07806053834482661
2022-07-07 00:00:00+00:00,FFNN,0.08518733646699543
2022-07-08 00:00:00+00:00,FFNN,-0.41550616111038624
2022-07-09 00:00:00+00:00,FFNN,-0.15894039828767229
2022-07-10 00:00:00+00:00,FFNN,-0.3718380219503262
2022-07-11 00:00:00+00:00,FFNN,0.061554370036419524
2022-07-12 00:00:00+00:00,FFNN,0.17038451612191424
2022-07-13 00:00:00+00:00,FFNN,0.37094512956573705
2022-07-14 00:00:00+00:00,FFNN,-0.1922746664240809
2022-07-15 00:00:00+00:00,FFNN,0.1871437171944478
2022-07-16 00:00:00+00:00,FFNN,-0.17312916640067555
2022-07-17 00:00:00+00:00,FFNN,-0.1072630556750138
2022-07-18 00:00:00+00:00,FFNN,-0.1578047404809487
2022-07-19 00:00:00+00:00,FFNN,0.024269078368456116
2022-07-20 00:00:00+00:00,FFNN,0.2562028434698576
2022-07-21 00:00:00+00:00,FFNN,-0.21395980426548578
2022-07-22 00:00:00+00:00,FFNN,-0.18833499030035847
2022-07-23 00:00:00+00:00,FFNN,0.06722204063639486
2022-07-24 00:00:00+00:00,FFNN,-0.1373365959301217
2022-07-25 00:00:00+00:00,FFNN,-0.20794639829017292
2022-07-26 00:00:00+00:00,FFNN,0.4477815515237921
2022-07-27 00:00:00+00:00,FFNN,0.12149656926623378
2022-07-28 00:00:00+00:00,FFNN,-0.25303718222340027
2022-07-29 00:00:00+00:00,FFNN,-0.21497168933291166
2022-07-30 00:00:00+00:00,FFNN,-0.1491380557320361
2022-07-31 00:00:00+00:00,FFNN,-0.30183879003739816
2022-08-01 00:00:00+00:00,FFNN,0.003932681906368183
2022-08-02 00:00:00+00:00,FFNN,0.006655673755460586
2022-08-03 00:00:00+00:00,FFNN,0.04894134800205684
2022-08-04 00:00:00+00:00,FFNN,-0.13056695645494854
2022-08-05 00:00:00+00:00,FFNN,-0.21022796529488721
2022-08-06 00:00:00+00:00,FFNN,-0.3113697809076344
2022-08-07 00:00:00+00:00,FFNN,-0.15781784204012553
2022-08-08 00:00:00+00:00,FFNN,0.017408379680399922
2022-08-09 00:00:00+00:00,FFNN,-0.00043445211141951207
2022-08-10 00:00:00+00:00,FFNN,0.08621449430006616
2022-08-11 00:00:00+00:00,FFNN,0.10364298117905449
2022-08-12 00:00:00+00:00,FFNN,-0.10963523277448775
2022-08-13 00:00:00+00:00,FFNN,-0.23699924143578457
2022-08-14 00:00:00+00:00,FFNN,0.23232326658158406
2022-08-15 00:00:00+00:00,FFNN,-0.01483172375987867
2022-08-16 00:00:00+00:00,FFNN,-0.08287174025327192
2022-08-17 00:00:00+00:00,FFNN,-0.20660080460480898
2022-08-18 00:00:00+00:00,FFNN,-0.19112872759081506
2022-08-19 00:00:00+00:00,FFNN,-0.17568815458115264
2022-08-20 00:00:00+00:00,FFNN,0.08269526345405843
2022-08-21 00:00:00+00:00,FFNN,0.11342523172525792
2022-08-22 00:00:00+00:00,FFNN,-0.10798673482452997
2022-08-23 00:00:00+00:00,FFNN,0.009747384854199067
2022-08-24 00:00:00+00:00,FFNN,0.2729324219423345
2022-08-25 00:00:00+00:00,FFNN,0.19476823528200843
2022-08-26 00:00:00+00:00,FFNN,0.04155003159366059
2022-08-27 00:00:00+00:00,FFNN,-0.08277107999705231
2022-08-28 00:00:00+00:00,FFNN,-0.35613587103674255
2022-08-29 00:00:00+00:00,FFNN,0.05216948101854797
2022-08-30 00:00:00+00:00,FFNN,0.04652850765546617
2022-08-31 00:00:00+00:00,FFNN,-0.39339198138726267
2022-09-01 00:00:00+00:00,FFNN,0.12102718090238627
2022-09-02 00:00:00+00:00,FFNN,0.12519873518047878
2022-09-03 00:00:00+00:00,FFNN,-0.08608014497996792
2022-09-04 00:00:00+00:00,FFNN,-0.032997119107154214
2022-09-05 00:00:00+00:00,FFNN,0.13206781073669305
2022-09-06 00:00:00+00:00,FFNN,-0.22755392714748074
2022-09-07 00:00:00+00:00,FFNN,-0.1447152682191893
2022-09-08 00:00:00+00:00,FFNN,-0.355737239837337
2022-09-09 00:00:00+00:00,FFNN,0.14314577574350573
2022-09-10 00:00:00+00:00,FFNN,-0.07151316865772622
2022-09-11 00:00:00+00:00,FFNN,-0.14523614412164718
2022-09-12 00:00:00+00:00,FFNN,0.005433480906622825
2022-09-13 00:00:00+00:00,FFNN,-0.0008660942479817901
2022-09-14 00:00:00+00:00,FFNN,-0.13087646413947052
2022-09-15 00:00:00+00:00,FFNN,0.09103612873230815
2022-09-16 00:00:00+00:00,FFNN,-0.2545629276097778
2022-09-17 00:00:00+00:00,FFNN,-0.06507271315046667
2022-09-18 00:00:00+00:00,FFNN,-0.03258012280146683
2022-09-19 00:00:00+00:00,FFNN,-0.10358288341587747
2022-09-20 00:00:00+00:00,FFNN,0.3321074316193743
2022-09-21 00:00:00+00:00,FFNN,0.001891813340551963
2022-09-22 00:00:00+00:00,FFNN,0.19352739172943728
2022-09-23 00:00:00+00:00,FFNN,-0.29590722920484364
2022-09-24 00:00:00+00:00,FFNN,0.051046458922258287
2022-09-25 00:00:00+00:00,FFNN,-0.35035989123769623
2022-09-26 00:00:00+00:00,FFNN,-0.15916797105779082
2022-09-27 00:00:00+00:00,FFNN,-0.08180776916606562
2022-09-28 00:00:00+00:00,FFNN,0.045301259992676736
2022-09-29 00:00:00+00:00,FFNN,-0.05231969384280605
2022-09-30 00:00:00+00:00,FFNN,-0.10419701118316528
2022-10-01 00:00:00+00:00,FFNN,0.1648274729852464
2022-10-02 00:00:00+00:00,FFNN,-0.21088095892361258
2022-10-03 00:00:00+00:00,FFNN,0.06989584099312371
2022-10-04 00:00:00+00:00,FFNN,0.32809391218662726
2022-10-05 00:00:00+00:00,FFNN,-0.04667371031387365
2022-10-06 00:00:00+00:00,FFNN,-0.06897449179471886
2022-10-07 00:00:00+00:00,FFNN,-0.16980302983711
2022-10-08 00:00:00+00:00,FFNN,0.1186389932646442
2022-10-09 00:00:00+00:00,FFNN,-0.06506381905549471
2022-10-10 00:00:00+00:00,FFNN,0.1854753181285156
2022-10-11 00:00:00+00:00,FFNN,-0.1262088987736891
2022-10-12 00:00:00+00:00,FFNN,0.20630871057119285
2022-10-13 00:00:00+00:00,FFNN,0.13663518904143654
2022-10-14 00:00:00+00:00,FFNN,-0.08987076010006459
2022-10-15 00:00:00+00:00,FFNN,-0.23062515516734414
2022-10-16 00:00:00+00:00,FFNN,-0.06929278533888222
2022-10-17 00:00:00+00:00,FFNN,0.04806228486807689
2022-10-18 00:00:00+00:00,FFNN,0.27978773777656823
2022-10-19 00:00:00+00:00,FFNN,-0.27278208498708506
2022-10-20 00:00:00+00:00,FFNN,-0.15420835230012758
2022-10-21 00:00:00+00:00,FFNN,-0.018333170017599175
2022-10-22 00:00:00+00:00,FFNN,-0.1310864815538642
2022-10-23 00:00:00+00:00,FFNN,0.2420498474100809
2022-10-24 00:00:00+00:00,FFNN,-0.13171891672534566
2022-10-25 00:00:00+00:00,FFNN,-0.03374585958822421
2022-10-26 00:00:00+00:00,FFNN,-0.06974144314899668
2022-10-27 00:00:00+00:00,FFNN,0.05619269070683471
2022-10-28 00:00:00+00:00,FFNN,0.1900505455900445
2022-10-29 00:00:00+00:00,FFNN,-0.1187411801666809
2022-10-30 00:00:00+00:00,FFNN,0.18501220205284377
2022-10-31 00:00:00+00:00,FFNN,0.21674045271891274
2022-11-01 00:00:00+00:00,FFNN,-0.045040232462215904
2022-11-02 00:00:00+00:00,FFNN,0.036634117466583745
2022-11-03 00:00:00+00:00,FFNN,-0.19245365983344834
2022-11-04 00:00:00+00:00,FFNN,0.025025469198693334
2022-11-05 00:00:00+00:00,FFNN,0.07905078083326887
2022-11-06 00:00:00+00:00,FFNN,-0.15501753038972024
2022-11-07 00:00:00+00:00,FFNN,-0.31557491724018144
2022-11-08 00:00:00+00:00,FFNN,0.17757480356045854
2022-11-09 00:00:00+00:00,FFNN,-0.01949748857736118
2022-11-10 00:00:00+00:00,FFNN,0.232846431158747
2022-11-11 00:00:00+00:00,FFNN,0.02169918111083599
2022-11-12 00:00:00+00:00,FFNN,-0.21142470031399552
2022-11-13 00:00:00+00:00,FFNN,-0.12526872119871107
2022-11-14 00:00:00+00:00,FFNN,-0.06163669000214806
2022-11-15 00:00:00+00:00,FFNN,0.3353059464441281
2022-11-16 00:00:00+00:00,FFNN,0.09266838141342275
2022-11-17 00:00:00+00:00,FFNN,0.18935232947406172
2022-11-18 00:00:00+00:00,FFNN,-0.17092852798692676
2022-11-19 00:00:00+00:00,FFNN,-0.34801084016962397
2022-11-20 00:00:00+00:00,FFNN,-0.18877211715933667
2022-11-21 00:00:00+00:00,FFNN,-0.19287839825628897
2022-11-22 00:00:00+00:00,FFNN,-0.1698707755650292
2022-11-23 00:00:00+00:00,FFNN,0.011187141869052435
2022-11-24 00:00:00+00:00,FFNN,-0.02682741788015487
2022-11-25 00:00:00+00:00,FFNN,-0.21570516886666233
2022-11-26 00:00:00+00:00,FFNN,-0.2750420862509639
2022-11-27 00:00:00+00:00,FFNN,-0.07573414989476508
2022-11-28 00:00:00+00:00,FFNN,0.1867275991307802
2022-11-29 00:00:00+00:00,FFNN,-0.13374063978471082
2022-11-30 00:00:00+00:00,FFNN,-0.005385717463623726
2022-12-01 00:00:00+00:00,FFNN,-0.24929342383322725
2022-12-02 00:00:00+00:00,FFNN,0.12187446167764712
2022-12-03 00:00:00+00:00,FFNN,-0.20148223420335104
2022-12-04 00:00:00+00:00,FFNN,-0.21581536383841837
2022-12-05 00:00:00+00:00,FFNN,-0.08143084013965896
2022-12-06 00:00:00+00:00,FFNN,0.16222537416482677
2022-12-07 00:00:00+00:00,FFNN,0.13192048845971427
2022-12-08 00:00:00+00:00,FFNN,-0.05968230505050614
2022-12-09 00:00:00+00:00,FFNN,0.10287264367386328
2022-12-10 00:00:00+00:00,FFNN,0.29169056727761383
2022-12-11 00:00:00+00:00,FFNN,-0.11923516111481057
2022-12-12 00:00:00+00:00,FFNN,-0.07482069994470386
2022-12-13 00:00:00+00:00,FFNN,0.14415542605957551
2022-12-14 00:00:00+00:00,FFNN,-0.09922952928457922
2022-12-15 00:00:00+00:00,FFNN,0.29839050795935496
2022-12-16 00:00:00+00:00,FFNN,-0.13417627704785323
2022-12-17 00:00:00+00:00,FFNN,0.17265647658935684
2022-12-18 00:00:00+00:00,FFNN,0.28473581014754124
2022-12-19 00:00:00+00:00,FFNN,-0.267372370253636
2022-12-20 00:00:00+00:00,FFNN,0.18993281405071322
2022-12-21 00:00:00+00:00,FFNN,0.14628479050186058
2022-12-22 00:00:00+00:00,FFNN,0.12310874007283905
2022-12-23 00:00:00+00:00,FFNN,0.2561052959855972
2022-12-24 00:00:00+00:00,FFNN,0.33691698334810866
2022-12-25 00:00:00+00:00,FFNN,0.10937172921294647
2022-12-26 00:00:00+00:00,FFNN,-0.19091128876534197
2022-12-27 00:00:00+00:00,FFNN,0.18775984364154094
2022-12-28 00:00:00+00:00,FFNN,0.0017378084456780483
2022-12-29 00:00:00+00:00,FFNN,0.16233403148174896
2022-12-30 00:00:00+00:00,FFNN,-0.11414451142675855
2022-12-31 00:00:00+00:00,FFNN,0.013142176370440238
2023-01-01 00:00:00+00:00,FFNN,-0.2095119247616403
2023-01-02 00:00:00+00:00,FFNN,0.020427575581371354
2023-01-03 00:00:00+00:00,FFNN,0.0264037280120917
2023-01-04 00:00:00+00:00,FFNN,-0.08083507714332835
2023-01-05 00:00:00+00:00,FFNN,0.28438026999260735
2023-01-06 00:00:00+00:00,FFNN,-0.1639488744066832
2023-01-07 00:00:00+00:00,FFNN,-0.06922200157322916
2023-01-08 00:00:00+00:00,FFNN,-0.11252459218230579
2023-01-09 00:00:00+00:00,FFNN,-0.02982643349514062
2023-01-10 00:00:00+00:00,FFNN,-0.2535968387047478
2023-01-11 00:00:00+00:00,FFNN,-0.10406001228102726
2023-01-12 00:00:00+00:00,FFNN,0.008802420652272418
2023-01-13 00:00:00+00:00,FFNN,-0.15961594098137313
2023-01-14 00:00:00+00:00,FFNN,0.009132430669868295
2023-01-15 00:00:00+00:00,FFNN,0.027804935130848772
2023-01-16 00:00:00+00:00,FFNN,-0.04042879546642857
2023-01-17 00:00:00+00:00,FFNN,-0.033237272812446456
2023-01-18 00:00:00+00:00,FFNN,-0.1536836126696577
2023-01-19 00:00:00+00:00,FFNN,0.3618888700317681
2023-01-20 00:00:00+00:00,FFNN,-0.28733504360147993
2023-01-21 00:00:00+00:00,FFNN,0.04835809462062501
2023-01-22 00:00:00+00:00,FFNN,-0.3436262178920508
2023-01-23 00:00:00+00:00,FFNN,-0.3921166623971082
2023-01-24 00:00:00+00:00,FFNN,0.15379604744250724
2023-01-25 00:00:00+00:00,FFNN,-0.10393072363607288
2023-01-26 00:00:00+00:00,FFNN,0.0005976152430720343
2023-01-27 00:00:00+00:00,FFNN,-0.08681719622082826
2023-01-28 00:00:00+00:00,FFNN,0.03587740620305401
2023-01-29 00:00:00+00:00,FFNN,-0.3343928928280337
2023-01-30 00:00:00+00:00,FFNN,-0.1520659150326022
2023-01-31 00:00:00+00:00,FFNN,0.32862881531201094
2023-02-01 00:00:00+00:00,FFNN,-0.28897413435455915
2023-02-02 00:00:00+00:00,FFNN,0.01812902000830472
2023-02-03 00:00:00+00:00,FFNN,-0.1274007040912655
2023-02-04 00:00:00+00:00,FFNN,0.026947014596702634
2023-02-05 00:00:00+00:00,FFNN,-0.0882894833597352
2023-02-06 00:00:00+00:00,FFNN,0.13028830009683146
2023-02-07 00:00:00+00:00,FFNN,-0.32799952917948216
2023-02-08 00:00:00+00:00,FFNN,-0.3194362557668197
2023-02-09 00:00:00+00:00,FFNN,0.011735891478603027
2023-02-10 00:00:00+00:00,FFNN,-0.0004085281855983302
2023-02-11 00:00:00+00:00,FFNN,-0.19619885191052266
2023-02-12 00:00:00+00:00,FFNN,-0.0921364226939091
2023-02-13 00:00:00+00:00,FFNN,0.06638583015972865
2023-02-14 00:00:00+00:00,FFNN,0.08660797534684599
2023-02-15 00:00:00+00:00,FFNN,-0.33568397319065985
2023-02-16 00:00:00+00:00,FFNN,-0.03776473713145189
2023-02-17 00:00:00+00:00,FFNN,-0.30534889918314384
2023-02-18 00:00:00+00:00,FFNN,-0.09692331203320383
2023-02-19 00:00:00+00:00,FFNN,-0.21274105265033044
2023-02-20 00:00:00+00:00,FFNN,-0.3282988077101386
2023-02-21 00:00:00+00:00,FFNN,-0.13394590821200578
2023-02-22 00:00:00+00:00,FFNN,0.08926340855323514
2023-02-23 00:00:00+00:00,FFNN,-0.2580535656693448
2023-02-24 00:00:00+00:00,FFNN,-0.19967320657977147
2023-02-25 00:00:00+00:00,FFNN,-0.1294708048805376
2023-02-26 00:00:00+00:00,FFNN,0.28612332570284554
2023-02-27 00:00:00+00:00,FFNN,-0.19078902637074663
2023-02-28 00:00:00+00:00,FFNN,-0.20990303908832608
2023-03-01 00:00:00+00:00,FFNN,-0.08338451206197213
2023-03-02 00:00:00+00:00,FFNN,-0.1573384312652453
2023-03-03 00:00:00+00:00,FFNN,-0.08472255960255683
2023-03-04 00:00:00+00:00,FFNN,0.16779089314431156
2023-03-05 00:00:00+00:00,FFNN,-0.3830526277526262
2023-03-06 00:00:00+00:00,FFNN,0.06687086118815837
2023-03-07 00:00:00+00:00,FFNN,0.3072760144244488
2023-03-08 00:00:00+00:00,FFNN,-0.25740880623052426
2023-03-09 00:00:00+00:00,FFNN,-0.2517044283517712
2023-03-10 00:00:00+00:00,FFNN,0.518802901640481
2023-03-11 00:00:00+00:00,FFNN,-0.2816799359293427
2023-03-12 00:00:00+00:00,FFNN,0.2861878783308147
2023-03-13 00:00:00+00:00,FFNN,-0.029215610138002824
2023-03-14 00:00:00+00:00,FFNN,0.02853299383628898
2023-03-15 00:00:00+00:00,FFNN,0.12654599289956156
2023-03-16 00:00:00+00:00,FFNN,0.0005773961653211935
2023-03-17 00:00:00+00:00,FFNN,0.11216035263976436
2023-03-18 00:00:00+00:00,FFNN,0.038803708775616105
2023-03-19 00:00:00+00:00,FFNN,0.07469862538885004
2023-03-20 00:00:00+00:00,FFNN,-0.1735556640261287
2023-03-21 00:00:00+00:00,FFNN,0.0787183438721227
2023-03-22 00:00:00+00:00,FFNN,0.04955983752340244
2023-03-23 00:00:00+00:00,FFNN,-0.03171659489157339
2023-03-24 00:00:00+00:00,FFNN,-0.15737861068474784
2023-03-25 00:00:00+00:00,FFNN,0.15186837042501822
2023-03-26 00:00:00+00:00,FFNN,-0.0805513121793236
2023-03-27 00:00:00+00:00,FFNN,0.18291849510165234
2023-03-28 00:00:00+00:00,FFNN,0.08339317725514193
2023-03-29 00:00:00+00:00,FFNN,0.033060544805660494
2023-03-30 00:00:00+00:00,FFNN,0.09628745115067303
2023-03-31 00:00:00+00:00,FFNN,-0.032457663916630485
2023-04-01 00:00:00+00:00,FFNN,0.18410768562744245
2023-04-02 00:00:00+00:00,FFNN,0.4121797655232306
2023-04-03 00:00:00+00:00,FFNN,-0.12407729049066434
2023-04-04 00:00:00+00:00,FFNN,0.09541901867129832
2023-04-05 00:00:00+00:00,FFNN,0.17878853669127226
2023-04-06 00:00:00+00:00,FFNN,0.12440295267042986
2023-04-07 00:00:00+00:00,FFNN,0.13156752062527138
2023-04-08 00:00:00+00:00,FFNN,-0.3026487190620929
2023-04-09 00:00:00+00:00,FFNN,0.03452019105514546
2023-04-10 00:00:00+00:00,FFNN,0.03538862353452019
2023-04-11 00:00:00+00:00,FFNN,0.20049934867564043
2023-04-12 00:00:00+00:00,FFNN,0.22231871471993053
2023-04-13 00:00:00+00:00,FFNN,-0.3195831524099001
2023-04-14 00:00:00+00:00,FFNN,0.3351063829787234
2023-04-15 00:00:00+00:00,FFNN,0.13048198002605296
2023-04-16 00:00:00+00:00,FFNN,0.17965696917064697
2023-04-17 00:00:00+00:00,FFNN,0.04266174554928354
2023-04-18 00:00:00+00:00,FFNN,0.08369518019973947
2023-04-19 00:00:00+00:00,FFNN,-0.03875379939209726
2023-04-20 00:00:00+00:00,FFNN,-0.00303951367781155
2023-04-21 00:00:00+00:00,FFNN,-0.1904486586493987
2023-04-22 00:00:00+00:00,FFNN,0.4397779833487511
2023-04-23 00:00:00+00:00,FFNN,-0.021153253160653716
2023-04-24 00:00:00+00:00,FFNN,-0.007092198581560284
2023-04-25 00:00:00+00:00,FFNN,0.1425223558433549
2023-04-26 00:00:00+00:00,FFNN,0.02917052112241751
2023-04-27 00:00:00+00:00,FFNN,0.13031144002466852
2023-04-28 00:00:00+00:00,FFNN,0.05753931544865865
2023-04-29 00:00:00+00:00,FFNN,0.15831020659882822
2023-04-30 00:00:00+00:00,FFNN,0.2963305581251927
2023-05-01 00:00:00+00:00,FFNN,-0.06036077705827937
2023-05-02 00:00:00+00:00,FFNN,-0.09470397779833489
2023-05-03 00:00:00+00:00,FFNN,0.0589731729879741
2023-05-04 00:00:00+00:00,FFNN,0.05307585568917669
2023-05-05 00:00:00+00:00,FFNN,0.35846438482886217
2023-05-06 00:00:00+00:00,FFNN,0.18166049953746533
2023-05-07 00:00:00+00:00,FFNN,0.2162349676225717
2023-05-08 00:00:00+00:00,FFNN,-0.009497671841451725
2023-05-09 00:00:00+00:00,FFNN,-0.10613629355534998
2023-05-10 00:00:00+00:00,FFNN,0.6759790317607154
2023-05-11 00:00:00+00:00,FFNN,0.03829787234042553
2023-05-12 00:00:00+00:00,FFNN,-0.03126734505087882
2023-05-13 00:00:00+00:00,FFNN,-0.2239284613012643
2023-05-14 00:00:00+00:00,FFNN,-0.052113848740433164
2023-05-15 00:00:00+00:00,FFNN,-0.07975081785221028
2023-05-16 00:00:00+00:00,FFNN,0.043724946037619485
2023-05-17 00:00:00+00:00,FFNN,0.33160653715695343
2023-05-18 00:00:00+00:00,FFNN,0.09817582612295381
2023-05-19 00:00:00+00:00,FFNN,-0.07782146160962072
2023-05-20 00:00:00+00:00,FFNN,0.2839962997224792
2023-05-21 00:00:00+00:00,FFNN,0.038274745605920445
2023-05-22 00:00:00+00:00,FFNN,-0.04301572617946347
2023-05-23 00:00:00+00:00,FFNN,0.31533302497687327
2023-05-24 00:00:00+00:00,FFNN,-0.10996762257169289
2023-05-25 00:00:00+00:00,FFNN,-0.1540382110290925
2023-05-26 00:00:00+00:00,FFNN,0.22297003907946156
2023-05-27 00:00:00+00:00,FFNN,-0.1715154146765089
2023-05-28 00:00:00+00:00,FFNN,-0.02624884366327475
2023-05-29 00:00:00+00:00,FFNN,0.07123034227567068
2023-05-30 00:00:00+00:00,FFNN,0.4213691026827012
2023-05-31 00:00:00+00:00,FFNN,-0.04336262719703978
2023-06-01 00:00:00+00:00,FFNN,0.22814523589269195
2023-06-02 00:00:00+00:00,FFNN,0.18285538082022817
2023-06-03 00:00:00+00:00,FFNN,0.20789392537773665
2023-06-04 00:00:00+00:00,FFNN,0.3436222692036645
2023-06-05 00:00:00+00:00,FFNN,-0.22776603241719523
2023-06-06 00:00:00+00:00,FFNN,0.10274841437632136
2023-06-07 00:00:00+00:00,FFNN,0.20380549682875262
2023-06-08 00:00:00+00:00,FFNN,-0.059055673009161376
2023-06-09 00:00:00+00:00,FFNN,0.10528541226215644
2023-06-10 00:00:00+00:00,FFNN,-0.12614517265680056
2023-06-11 00:00:00+00:00,FFNN,-0.18603425559947298
2023-06-12 00:00:00+00:00,FFNN,0.0600790513833992
2023-06-13 00:00:00+00:00,FFNN,0.05440451021846371
2023-06-14 00:00:00+00:00,FFNN,-0.19591567852437416
2023-06-15 00:00:00+00:00,FFNN,-0.02134387351778656
2023-06-16 00:00:00+00:00,FFNN,0.01185770750988142
2023-06-17 00:00:00+00:00,FFNN,0.3708827404479578
2023-06-18 00:00:00+00:00,FFNN,0.10527009222661396
2023-06-19 00:00:00+00:00,FFNN,-0.14426877470355728
2023-06-20 00:00:00+00:00,FFNN,-0.1372186247301881
2023-06-21 00:00:00+00:00,FFNN,-0.08406567992599445
2023-06-22 00:00:00+00:00,FFNN,0.11366790009250695
2023-06-23 00:00:00+00:00,FFNN,0.03743447425223559
2023-06-24 00:00:00+00:00,FFNN,-0.008818994757940178
2023-06-25 00:00:00+00:00,FFNN,-0.0059821153253160645
2023-06-26 00:00:00+00:00,FFNN,0.10511100832562442
2023-06-27 00:00:00+00:00,FFNN,0.18466697502312676
2023-06-28 00:00:00+00:00,FFNN,0.09794172062904717
2023-06-29 00:00:00+00:00,FFNN,0.21080018501387607
2023-06-30 00:00:00+00:00,FFNN,0.07065217391304349
2023-07-01 00:00:00+00:00,FFNN,0.063945420906568
2023-07-02 00:00:00+00:00,FFNN,0.08591581868640147
2023-07-03 00:00:00+00:00,FFNN,0.3212303422756707
2023-07-04 00:00:00+00:00,FFNN,0.04879740980573543
2023-07-05 00:00:00+00:00,FFNN,-0.1604995374653099
2023-07-06 00:00:00+00:00,FFNN,-0.09192876965772433
2023-07-07 00:00:00+00:00,FFNN,0.30573543015726184
2023-07-08 00:00:00+00:00,FFNN,-0.11066142460684553
2023-07-09 00:00:00+00:00,FFNN,0.14731729879740982
2023-07-10 00:00:00+00:00,FFNN,0.07562442183163738
2023-07-11 00:00:00+00:00,FFNN,-0.029949121184088805
2023-07-12 00:00:00+00:00,FFNN,0.3406567992599445
2023-07-13 00:00:00+00:00,FFNN,-0.12314986123959297
2023-07-14 00:00:00+00:00,FFNN,-0.09967622571692877
2023-07-15 00:00:00+00:00,FFNN,-0.07574005550416281
2023-07-16 00:00:00+00:00,FFNN,0.1836262719703978
2023-07-17 00:00:00+00:00,FFNN,0.12153098982423681
2023-07-18 00:00:00+00:00,FFNN,0.08834412580943572
2023-07-19 00:00:00+00:00,FFNN,0.22450926550967587
2023-07-20 00:00:00+00:00,FFNN,-0.026133209990749307
2023-07-21 00:00:00+00:00,FFNN,-0.15043940795559665
2023-07-22 00:00:00+00:00,FFNN,-0.1681313598519889
2023-07-23 00:00:00+00:00,FFNN,0.32701202590194267
2023-07-24 00:00:00+00:00,FFNN,-0.0196577243293247
2023-07-25 00:00:00+00:00,FFNN,0.08695652173913043
2023-07-26 00:00:00+00:00,FFNN,-0.06706753006475485
2023-07-27 00:00:00+00:00,FFNN,-0.0991098567086409
2023-07-28 00:00:00+00:00,FFNN,-0.10037002775208143
2023-07-29 00:00:00+00:00,FFNN,0.1578399629972248
2023-07-30 00:00:00+00:00,FFNN,0.05111008325624422
2023-07-31 00:00:00+00:00,FFNN,0.3734967622571693
2023-08-01 00:00:00+00:00,FFNN,0.04353017802865827
2023-08-02 00:00:00+00:00,FFNN,-0.19094659140251843
2023-08-03 00:00:00+00:00,FFNN,0.10785714285714285
2023-08-04 00:00:00+00:00,FFNN,0.19510204081632648
2023-08-05 00:00:00+00:00,FFNN,0.028776244301310067
2023-08-06 00:00:00+00:00,FFNN,0.3333673469387755
2023-08-07 00:00:00+00:00,FFNN,0.17056557570794245
2023-08-08 00:00:00+00:00,FFNN,-0.3131712544706404
2023-08-09 00:00:00+00:00,FFNN,0.2429591836734694
2023-08-10 00:00:00+00:00,FFNN,-0.05407092608824044
2023-08-11 00:00:00+00:00,FFNN,0.23803121248499398
2023-08-12 00:00:00+00:00,FFNN,0.17138055222088835
2023-08-13 00:00:00+00:00,FFNN,-0.039615846338535404
2023-08-14 00:00:00+00:00,FFNN,0.3994717887154862
2023-08-15 00:00:00+00:00,FFNN,-0.13805522208883553
2023-08-16 00:00:00+00:00,FFNN,-0.28825930372148856
2023-08-17 00:00:00+00:00,FFNN,-0.31306122448979584
2023-08-18 00:00:00+00:00,FFNN,-0.04632653061224489
2023-08-19 00:00:00+00:00,FFNN,0.20489795918367343
2023-08-20 00:00:00+00:00,FFNN,0.16714285714285712
2023-08-21 00:00:00+00:00,FFNN,-0.14244897959183672
2023-08-22 00:00:00+00:00,FFNN,-0.04040816326530612
2023-08-23 00:00:00+00:00,FFNN,0.4359531046461137
2023-08-24 00:00:00+00:00,FFNN,0.15794615718627877
2023-08-25 00:00:00+00:00,FFNN,0.013026487190620929
2023-08-26 00:00:00+00:00,FFNN,-0.06697785497177594
2023-08-27 00:00:00+00:00,FFNN,0.18627876682587927
2023-08-28 00:00:00+00:00,FFNN,0.09368215371254884
2023-08-29 00:00:00+00:00,FFNN,-0.15718627876682587
2023-08-30 00:00:00+00:00,FFNN,0.1403603994789405
2023-08-31 00:00:00+00:00,FFNN,0.1155015197568389
2023-09-01 00:00:00+00:00,FFNN,0.1802046300226697
2023-09-02 00:00:00+00:00,FFNN,0.01715154146765089
2023-09-03 00:00:00+00:00,FFNN,0.02377333912288319
2023-09-04 00:00:00+00:00,FFNN,-0.04526704298740773
2023-09-05 00:00:00+00:00,FFNN,0.19561441597915766
2023-09-06 00:00:00+00:00,FFNN,0.26921406860616587
2023-09-07 00:00:00+00:00,FFNN,0.28447363432193123
2023-09-08 00:00:00+00:00,FFNN,-0.0028767606600004496
2023-09-09 00:00:00+00:00,FFNN,0.23805905340859748
2023-09-10 00:00:00+00:00,FFNN,0.1536039947894051
2023-09-11 00:00:00+00:00,FFNN,-0.0980269764520908
2023-09-12 00:00:00+00:00,FFNN,0.19170646982197131
2023-09-13 00:00:00+00:00,FFNN,0.10225792444637428
2023-09-14 00:00:00+00:00,FFNN,0.20259019426456984
2023-09-15 00:00:00+00:00,FFNN,0.07073697193956213
2023-09-16 00:00:00+00:00,FFNN,0.20616712920135677
2023-09-17 00:00:00+00:00,FFNN,-0.13857539315448658
2023-09-18 00:00:00+00:00,FFNN,-0.16447733580018498
2023-09-19 00:00:00+00:00,FFNN,-0.07431390687634905
2023-09-20 00:00:00+00:00,FFNN,0.3049645390070922
2023-09-21 00:00:00+00:00,FFNN,-0.1566027273988878
2023-09-22 00:00:00+00:00,FFNN,0.11094665433240827
2023-09-23 00:00:00+00:00,FFNN,0.17681159420289855
2023-09-24 00:00:00+00:00,FFNN,-0.016959605303731112
2023-09-25 00:00:00+00:00,FFNN,-0.07049028677150786
2023-09-26 00:00:00+00:00,FFNN,0.11545221874803653
2023-09-27 00:00:00+00:00,FFNN,0.1181005242059821
2023-09-28 00:00:00+00:00,FFNN,-0.05174221399938328
2023-09-29 00:00:00+00:00,FFNN,0.13573851372186246
2023-09-30 00:00:00+00:00,FFNN,0.14856614246068456
2023-10-01 00:00:00+00:00,FFNN,0.04878199198273204
2023-10-02 00:00:00+00:00,FFNN,0.29706290471785385
2023-10-03 00:00:00+00:00,FFNN,0.06082331174838113
2023-10-04 00:00:00+00:00,FFNN,0.14766419981498613
2023-10-05 00:00:00+00:00,FFNN,-0.19299259944495836
2023-10-06 00:00:00+00:00,FFNN,-0.07653643347559475
2023-10-07 00:00:00+00:00,FFNN,0.20764724020968237
2023-10-08 00:00:00+00:00,FFNN,0.27499229108849826
2023-10-09 00:00:00+00:00,FFNN,0.0671600370027752
2023-10-10 00:00:00+00:00,FFNN,-0.1306814677767499
2023-10-11 00:00:00+00:00,FFNN,-0.14363243909959914
2023-10-12 00:00:00+00:00,FFNN,0.09330866481652789
2023-10-13 00:00:00+00:00,FFNN,0.09836571076164044
2023-10-14 00:00:00+00:00,FFNN,-0.24829627814080935
2023-10-15 00:00:00+00:00,FFNN,0.1676842429848905
2023-10-16 00:00:00+00:00,FFNN,0.1657030527289547
2023-10-17 00:00:00+00:00,FFNN,-0.10511100832562442
2023-10-18 00:00:00+00:00,FFNN,0.45987511563367256
2023-10-19 00:00:00+00:00,FFNN,0.0190795559666975
2023-10-20 00:00:00+00:00,FFNN,0.09643848288621648
2023-10-21 00:00:00+00:00,FFNN,-0.28318686401480114
2023-10-22 00:00:00+00:00,FFNN,0.09984582176996609
2023-10-23 00:00:00+00:00,FFNN,0.025963613937711995
2023-10-24 00:00:00+00:00,FFNN,-0.0243161094224924
2023-10-25 00:00:00+00:00,FFNN,-0.2079895788102475
2023-10-26 00:00:00+00:00,FFNN,0.35801128962223183
2023-10-27 00:00:00+00:00,FFNN,0.015740338688666956
2023-10-28 00:00:00+00:00,FFNN,0.2603126356925749
2023-10-29 00:00:00+00:00,FFNN,-0.23881893182805033
2023-10-30 00:00:00+00:00,FFNN,-0.04830655666521928
2023-10-31 00:00:00+00:00,FFNN,0.3175206252713851
2023-11-01 00:00:00+00:00,FFNN,0.13243595310464612
2023-11-02 00:00:00+00:00,FFNN,0.02735562310030395
2023-11-03 00:00:00+00:00,FFNN,-0.057425097698653935
2023-11-04 00:00:00+00:00,FFNN,0.24554928354320452
2023-11-05 00:00:00+00:00,FFNN,0.29826037408872585
2023-11-06 00:00:00+00:00,FFNN,-0.14567954841511072
2023-11-07 00:00:00+00:00,FFNN,0.03603994789405124
2023-11-08 00:00:00+00:00,FFNN,0.38894919669995653
2023-11-09 00:00:00+00:00,FFNN,0.036691272253582284
2023-11-10 00:00:00+00:00,FFNN,0.032377428307123035
2023-11-11 00:00:00+00:00,FFNN,-0.01017576318223867
2023-11-12 00:00:00+00:00,FFNN,0.04116558741905643
2023-11-13 00:00:00+00:00,FFNN,0.1807425097698654
2023-11-14 00:00:00+00:00,FFNN,-0.045592705167173245
2023-11-15 00:00:00+00:00,FFNN,0.17477203647416412
2023-11-16 00:00:00+00:00,FFNN,0.1812852800694746
2023-11-17 00:00:00+00:00,FFNN,0.047872340425531915
2023-11-18 00:00:00+00:00,FFNN,0.27941815023881894
2023-11-19 00:00:00+00:00,FFNN,0.1895353886235345
2023-11-20 00:00:00+00:00,FFNN,-0.16869300911854102
2023-11-21 00:00:00+00:00,FFNN,-0.135909683022145
2023-11-22 00:00:00+00:00,FFNN,-0.10084672166739037
2023-11-23 00:00:00+00:00,FFNN,-0.08554059921841076
2023-11-24 00:00:00+00:00,FFNN,-0.1641337386018237
2023-11-25 00:00:00+00:00,FFNN,0.25922709509335645
2023-11-26 00:00:00+00:00,FFNN,0.11615284411636995
2023-11-27 00:00:00+00:00,FFNN,0.09693877551020409
2023-11-28 00:00:00+00:00,FFNN,-0.0023881893182805037
2023-11-29 00:00:00+00:00,FFNN,0.1538211029092488
2023-11-30 00:00:00+00:00,FFNN,-0.10210453283996301
2023-12-01 00:00:00+00:00,FFNN,-0.1837419056429232
2023-12-02 00:00:00+00:00,FFNN,0.02775208140610546
2023-12-03 00:00:00+00:00,FFNN,-0.11896392229417205
2023-12-04 00:00:00+00:00,FFNN,0.12451433857539315
2023-12-05 00:00:00+00:00,FFNN,0.26783842121492446
2023-12-06 00:00:00+00:00,FFNN,0.3118717237126118
2023-12-07 00:00:00+00:00,FFNN,-0.0227931488801054
2023-12-08 00:00:00+00:00,FFNN,0.055072463768115934
2023-12-09 00:00:00+00:00,FFNN,0.003952569169960474
2023-12-10 00:00:00+00:00,FFNN,0.15968379446640316
2023-12-11 00:00:00+00:00,FFNN,-0.05467720685111989
2023-12-12 00:00:00+00:00,FFNN,0.22542819499341238
2023-12-13 00:00:00+00:00,FFNN,-0.034255599472990776
2023-12-14 00:00:00+00:00,FFNN,0.2940098661028893
2023-12-15 00:00:00+00:00,FFNN,-0.07075405214940098
2023-12-16 00:00:00+00:00,FFNN,0.07568710359408033
2023-12-17 00:00:00+00:00,FFNN,0.07723749119097956
2023-12-18 00:00:00+00:00,FFNN,0.16363636363636364
2023-12-19 00:00:00+00:00,FFNN,0.2793148880105401
2023-12-20 00:00:00+00:00,FFNN,-0.022661396574440048
2023-12-21 00:00:00+00:00,FFNN,-0.0566759173604687
2023-12-22 00:00:00+00:00,FFNN,0.24613012642614862
2023-12-23 00:00:00+00:00,FFNN,0.1181005242059821
2023-12-24 00:00:00+00:00,FFNN,0.05072463768115942
2023-12-25 00:00:00+00:00,FFNN,-0.11225296442687746
2023-12-26 00:00:00+00:00,FFNN,0.11765480895915678
2023-12-27 00:00:00+00:00,FFNN,0.15415019762845847
2023-12-28 00:00:00+00:00,FFNN,-0.12213438735177864
2023-12-29 00:00:00+00:00,FFNN,0.11488801054018445
2023-12-30 00:00:00+00:00,FFNN,0.19025032938076414
2023-12-31 00:00:00+00:00,FFNN,0.011989459815546772
2024-01-01 00:00:00+00:00,FFNN,-0.0764163372859025
2024-01-02 00:00:00+00:00,FFNN,0.14808959156785242
2024-01-03 00:00:00+00:00,FFNN,-0.08722002635046114
2024-01-04 00:00:00+00:00,FFNN,0.347641073080481
2024-01-05 00:00:00+00:00,FFNN,0.12990777338603424
2024-01-06 00:00:00+00:00,FFNN,0.0455862977602108
2024-01-07 00:00:00+00:00,FFNN,-0.0005270092226613965
2024-01-08 00:00:00+00:00,FFNN,0.15658341042244836
2024-01-09 00:00:00+00:00,FFNN,0.04321475625823452
2024-01-10 00:00:00+00:00,FFNN,0.1396854764107308
2024-01-11 00:00:00+00:00,FFNN,-0.12254085723095899
2024-01-12 00:00:00+00:00,FFNN,-0.19568300955905027
2024-01-13 00:00:00+00:00,FFNN,-0.0968379446640316
2024-01-14 00:00:00+00:00,FFNN,0.1712473572938689
2024-01-15 00:00:00+00:00,FFNN,0.012825933756166311
2024-01-16 00:00:00+00:00,FFNN,0.21198026779422124
2024-01-17 00:00:00+00:00,FFNN,0.18634853518574448
2024-01-18 00:00:00+00:00,FFNN,0.034430685593476285
2024-01-19 00:00:00+00:00,FFNN,-0.07656297191180912
2024-01-20 00:00:00+00:00,FFNN,0.14572636665659922
2024-01-21 00:00:00+00:00,FFNN,0.02370884929024464
2024-01-22 00:00:00+00:00,FFNN,0.10585925702204772
2024-01-23 00:00:00+00:00,FFNN,-0.28012684989429176
2024-01-24 00:00:00+00:00,FFNN,0.041981274539414075
2024-01-25 00:00:00+00:00,FFNN,-0.09951676230745998
2024-01-26 00:00:00+00:00,FFNN,-0.08411356085774689
2024-01-27 00:00:00+00:00,FFNN,0.29205678042887345
2024-01-28 00:00:00+00:00,FFNN,0.36484445786771363
2024-01-29 00:00:00+00:00,FFNN,0.09499647639182522
2024-01-30 00:00:00+00:00,FFNN,-0.19873150105708243
2024-01-31 00:00:00+00:00,FFNN,0.257646229739253
2024-02-01 00:00:00+00:00,FFNN,0.22015810276679837
2024-02-02 00:00:00+00:00,FFNN,-0.21054018445322792
2024-02-03 00:00:00+00:00,FFNN,0.1354474982381959
2024-02-04 00:00:00+00:00,FFNN,-0.2591966173361522
2024-02-05 00:00:00+00:00,FFNN,0.1774703557312253
2024-02-06 00:00:00+00:00,FFNN,-0.10737812911725954
2024-02-07 00:00:00+00:00,FFNN,-0.01949934123847167
2024-02-08 00:00:00+00:00,FFNN,0.1821000704721635
2024-02-09 00:00:00+00:00,FFNN,-0.06469344608879492
2024-02-10 00:00:00+00:00,FFNN,0.22621564482029594
2024-02-11 00:00:00+00:00,FFNN,-0.11035940803382663
2024-02-12 00:00:00+00:00,FFNN,0.2542635658914728
2024-02-13 00:00:00+00:00,FFNN,-0.023819591261451726
2024-02-14 00:00:00+00:00,FFNN,-0.2476391825229034
2024-02-15 00:00:00+00:00,FFNN,0.030866807610993658
2024-02-16 00:00:00+00:00,FFNN,0.09626497533474278
2024-02-17 00:00:00+00:00,FFNN,-0.006040471156750227
2024-02-18 00:00:00+00:00,FFNN,0.03458169737239505
2024-02-19 00:00:00+00:00,FFNN,0.2571730594986409
2024-02-20 00:00:00+00:00,FFNN,-0.07022047719722138
2024-02-21 00:00:00+00:00,FFNN,-0.12790697674418605
2024-02-22 00:00:00+00:00,FFNN,0.20065876152832673
2024-02-23 00:00:00+00:00,FFNN,-0.0857707509881423
2024-02-24 00:00:00+00:00,FFNN,0.2346723044397463
2024-02-25 00:00:00+00:00,FFNN,0.30184453227931485
2024-02-26 00:00:00+00:00,FFNN,0.1657444005270092
2024-02-27 00:00:00+00:00,FFNN,0.031093544137022394
2024-02-28 00:00:00+00:00,FFNN,0.028590250329380756
2024-02-29 00:00:00+00:00,FFNN,0.18300395256916993
2024-03-01 00:00:00+00:00,FFNN,-0.0818181818181818
2024-03-02 00:00:00+00:00,FFNN,-0.14677206851119895
2024-03-03 00:00:00+00:00,FFNN,0.19901338971106414
2024-03-04 00:00:00+00:00,FFNN,0.11346018322762508
2024-03-05 00:00:00+00:00,FFNN,0.3819591261451727
2024-03-06 00:00:00+00:00,FFNN,0.050317124735729385
2024-03-07 00:00:00+00:00,FFNN,0.007097553609181516
2024-03-08 00:00:00+00:00,FFNN,0.3704318936877076
2024-03-09 00:00:00+00:00,FFNN,-0.10204369274136717
2024-03-10 00:00:00+00:00,FFNN,0.17829457364341086
2024-03-11 00:00:00+00:00,FFNN,0.22973925299506692
2024-03-12 00:00:00+00:00,FFNN,0.22332015810276679
2024-03-13 00:00:00+00:00,FFNN,-0.1758893280632411
2024-03-14 00:00:00+00:00,FFNN,0.09996916435399322
2024-03-15 00:00:00+00:00,FFNN,-0.008942337341967314
2024-03-16 00:00:00+00:00,FFNN,0.4035152636447733
2024-03-17 00:00:00+00:00,FFNN,0.14321475625823452
2024-03-18 00:00:00+00:00,FFNN,-0.12028985507246374
2024-03-19 00:00:00+00:00,FFNN,-0.15191040843214756
2024-03-20 00:00:00+00:00,FFNN,-0.039041578576462295
2024-03-21 00:00:00+00:00,FFNN,0.10752038659015405
2024-03-22 00:00:00+00:00,FFNN,-0.05406221685291453
2024-03-23 00:00:00+00:00,FFNN,-0.022198731501057084
2024-03-24 00:00:00+00:00,FFNN,-0.03678646934460888
2024-03-25 00:00:00+00:00,FFNN,0.09443269908386187
2024-03-26 00:00:00+00:00,FFNN,-0.024242424242424242
2024-03-27 00:00:00+00:00,FFNN,0.06878083157152924
2024-03-28 00:00:00+00:00,FFNN,0.2476391825229034
2024-03-29 00:00:00+00:00,FFNN,-0.3081686429512516
2024-03-30 00:00:00+00:00,FFNN,0.030866807610993658
2024-03-31 00:00:00+00:00,FFNN,0.09696969696969697
2024-04-01 00:00:00+00:00,FFNN,0.04545454545454545
2024-04-02 00:00:00+00:00,FFNN,-0.10895915678524373
2024-04-03 00:00:00+00:00,FFNN,0.26105457909343205
2024-04-04 00:00:00+00:00,FFNN,0.07364953886693017
2024-04-05 00:00:00+00:00,FFNN,0.10237154150197628
2024-04-06 00:00:00+00:00,FFNN,-0.3
2024-04-07 00:00:00+00:00,FFNN,0.08837209302325581
2024-04-08 00:00:00+00:00,FFNN,0.037812911725955196
2024-04-09 00:00:00+00:00,FFNN,-0.14519104084321474
2024-04-10 00:00:00+00:00,FFNN,-0.22529644268774704
2024-04-11 00:00:00+00:00,FFNN,0.16073781291172592
2024-04-12 00:00:00+00:00,FFNN,-0.22081686429512515
2024-04-13 00:00:00+00:00,FFNN,-0.069433465085639
2024-04-14 00:00:00+00:00,FFNN,0.027931488801054016
2024-04-15 00:00:00+00:00,FFNN,0.040310077519379844
2024-04-16 00:00:00+00:00,FFNN,0.27695560253699786
2024-04-17 00:00:00+00:00,FFNN,-0.05315614617940199
2024-04-18 00:00:00+00:00,FFNN,-0.14889761401389306
2024-04-19 00:00:00+00:00,FFNN,-0.08350951374207188
2024-04-20 00:00:00+00:00,FFNN,0.11114466928420416
2024-04-21 00:00:00+00:00,FFNN,0.3600120809423135
2024-04-22 00:00:00+00:00,FFNN,-0.023255813953488375
2024-04-23 00:00:00+00:00,FFNN,-0.009815765629719118
2024-04-24 00:00:00+00:00,FFNN,-0.008456659619450317
2024-04-25 00:00:00+00:00,FFNN,-0.11698379140239604
2024-04-26 00:00:00+00:00,FFNN,0.08879492600422832
2024-04-27 00:00:00+00:00,FFNN,-0.09217758985200847
2024-04-28 00:00:00+00:00,FFNN,-0.13967582804792106
2024-04-29 00:00:00+00:00,FFNN,0.17293868921775898
2024-04-30 00:00:00+00:00,FFNN,-0.17646229739252992
2024-05-01 00:00:00+00:00,FFNN,-0.04425651867512333
2024-05-02 00:00:00+00:00,FFNN,-0.27952280277861674
2024-05-03 00:00:00+00:00,FFNN,0.05194068551981201
2024-05-04 00:00:00+00:00,FFNN,0.3549955433109149
2024-05-05 00:00:00+00:00,FFNN,-0.10282797180131271
2024-05-06 00:00:00+00:00,FFNN,-0.3411356085774691
2024-05-07 00:00:00+00:00,FFNN,-0.32829960736937486
2024-05-08 00:00:00+00:00,FFNN,0.03508629770683089
2024-05-09 00:00:00+00:00,FFNN,0.24372822299651573
2024-05-10 00:00:00+00:00,FFNN,-0.20714285714285718
2024-05-11 00:00:00+00:00,FFNN,-0.21376306620209062
2024-05-12 00:00:00+00:00,FFNN,0.08850174216027877
2024-05-13 00:00:00+00:00,FFNN,-0.22735191637630667
2024-05-14 00:00:00+00:00,FFNN,-0.019860627177700353
2024-05-15 00:00:00+00:00,FFNN,0.17299651567944258
2024-05-16 00:00:00+00:00,FFNN,-0.09790940766550525
2024-05-17 00:00:00+00:00,FFNN,-0.03135888501742161
2024-05-18 00:00:00+00:00,FFNN,0.06846689895470384
2024-05-19 00:00:00+00:00,FFNN,0.0804878048780488
2024-05-20 00:00:00+00:00,FFNN,-0.37249817680901065
2024-05-21 00:00:00+00:00,FFNN,0.26343084028846936
2024-05-22 00:00:00+00:00,FFNN,-0.10477270885665668
2024-05-23 00:00:00+00:00,FFNN,0.10801393728222998
2024-05-24 00:00:00+00:00,FFNN,-0.2722742373905165
2024-05-25 00:00:00+00:00,FFNN,-0.2295379039565086
2024-05-26 00:00:00+00:00,FFNN,-0.06357595892479613
2024-05-27 00:00:00+00:00,FFNN,0.0656901238296587
2024-05-28 00:00:00+00:00,FFNN,-0.08678389109472491
2024-05-29 00:00:00+00:00,FFNN,0.04853739567296005
2024-05-30 00:00:00+00:00,FFNN,-0.10072117332469005
2024-05-31 00:00:00+00:00,FFNN,0.18969289360667696
2024-06-01 00:00:00+00:00,FFNN,0.019852524106636415
2024-06-02 00:00:00+00:00,FFNN,0.2041163601004781
2024-06-03 00:00:00+00:00,FFNN,-0.06911919617535046
2024-06-04 00:00:00+00:00,FFNN,-0.2799611052588931
2024-06-05 00:00:00+00:00,FFNN,0.09861069163394745
2024-06-06 00:00:00+00:00,FFNN,0.10585925702204772
2024-06-07 00:00:00+00:00,FFNN,-0.32044699486559947
2024-06-08 00:00:00+00:00,FFNN,0.08199939595288432
2024-06-09 00:00:00+00:00,FFNN,0.20311084264572637
2024-06-10 00:00:00+00:00,FFNN,0.22153427967381453
2024-06-11 00:00:00+00:00,FFNN,-0.1157152924594785
2024-06-12 00:00:00+00:00,FFNN,0.1955602536997886
2024-06-13 00:00:00+00:00,FFNN,0.03035336756266989
2024-06-14 00:00:00+00:00,FFNN,0.08259337561663142
2024-06-15 00:00:00+00:00,FFNN,-0.061461794019933555
2024-06-16 00:00:00+00:00,FFNN,0.3870331219168428
2024-06-17 00:00:00+00:00,FFNN,-0.17533474277660324
2024-06-18 00:00:00+00:00,FFNN,0.004933051444679351
2024-06-19 00:00:00+00:00,FFNN,-0.1478505990133897
2024-06-20 00:00:00+00:00,FFNN,0.338830162085976
2024-06-21 00:00:00+00:00,FFNN,-0.044679351656095836
2024-06-22 00:00:00+00:00,FFNN,0.22255109231853415
2024-06-23 00:00:00+00:00,FFNN,-0.27117688513037347
2024-06-24 00:00:00+00:00,FFNN,0.05694150810429881
2024-06-25 00:00:00+00:00,FFNN,0.12741367159971811
2024-06-26 00:00:00+00:00,FFNN,0.35362318840579704
2024-06-27 00:00:00+00:00,FFNN,0.2757575757575757
2024-06-28 00:00:00+00:00,FFNN,-0.17200123342584026
2024-06-29 00:00:00+00:00,FFNN,-0.03410422448350293
2024-06-30 00:00:00+00:00,FFNN,0.10268270120259018
2024-07-01 00:00:00+00:00,FFNN,0.1706753006475486
2024-07-02 00:00:00+00:00,FFNN,0.0972644376899696
2024-07-03 00:00:00+00:00,FFNN,-0.055041628122109165
2024-07-04 00:00:00+00:00,FFNN,0.12488436632747456
2024-07-05 00:00:00+00:00,FFNN,-0.1162118408880666
2024-07-06 00:00:00+00:00,FFNN,0.25508788159111934
2024-07-07 00:00:00+00:00,FFNN,0.04787234042553192
2024-07-08 00:00:00+00:00,FFNN,-0.28480573543015725
2024-07-09 00:00:00+00:00,FFNN,-0.03399629972247919
2024-07-10 00:00:00+00:00,FFNN,0.2933130699088146
2024-07-11 00:00:00+00:00,FFNN,0.1666281221091582
2024-07-12 00:00:00+00:00,FFNN,0.26040703052728953
2024-07-13 00:00:00+00:00,FFNN,-0.33892229417206293
2024-07-14 00:00:00+00:00,FFNN,-0.4826549491211841
2024-07-15 00:00:00+00:00,FFNN,-0.32759019426456987
2024-07-16 00:00:00+00:00,FFNN,0.3501387604070305
2024-07-17 00:00:00+00:00,FFNN,0.14165895775516496
2024-07-18 00:00:00+00:00,FFNN,0.15164970706136294
2024-07-19 00:00:00+00:00,FFNN,0.14289238359543632
2024-07-20 00:00:00+00:00,FFNN,0.07625088090204368
2024-07-21 00:00:00+00:00,FFNN,0.22339675828047917
2024-07-22 00:00:00+00:00,FFNN,-0.04961240310077519
2024-07-23 00:00:00+00:00,FFNN,0.10937279774489077
2024-07-24 00:00:00+00:00,FFNN,0.30641296687808317
2024-07-25 00:00:00+00:00,FFNN,-0.2098661028893587
2024-07-26 00:00:00+00:00,FFNN,-0.04933051444679351
2024-07-27 00:00:00+00:00,FFNN,0.19732205778717404
2024-07-28 00:00:00+00:00,FFNN,0.1517970401691332
2024-07-29 00:00:00+00:00,FFNN,0.2996476391825229
2024-07-30 00:00:00+00:00,FFNN,0.07610993657505284
2024-07-31 00:00:00+00:00,FFNN,0.11642001409443269
2024-08-01 00:00:00+00:00,FFNN,0.1308300395256917
2024-08-02 00:00:00+00:00,FFNN,0.3238471673254282
2024-08-03 00:00:00+00:00,FFNN,-0.06192358366271409
2024-08-04 00:00:00+00:00,FFNN,0.26693017127799734
2024-08-05 00:00:00+00:00,FFNN,-0.5127799736495388
2024-08-06 00:00:00+00:00,FFNN,0.08484848484848484
2024-08-07 00:00:00+00:00,FFNN,-0.16299722479185938
2024-08-08 00:00:00+00:00,FFNN,0.12932469935245142
2024-08-09 00:00:00+00:00,FFNN,-0.04323157570151094
2024-08-10 00:00:00+00:00,FFNN,0.0748072772124576
2024-08-11 00:00:00+00:00,FFNN,0.19777983348751155
2024-08-12 00:00:00+00:00,FFNN,0.052975639839654635
2024-08-13 00:00:00+00:00,FFNN,0.04224483502929386
2024-08-14 00:00:00+00:00,FFNN,0.05816373728029602
2024-08-15 00:00:00+00:00,FFNN,0.38078168362627196
2024-08-16 00:00:00+00:00,FFNN,-0.02197039777983349
2024-08-17 00:00:00+00:00,FFNN,-0.11308973172987975
2024-08-18 00:00:00+00:00,FFNN,0.2987974098057354
2024-08-19 00:00:00+00:00,FFNN,0.08344125809435707
2024-08-20 00:00:00+00:00,FFNN,-0.04409497378970089
2024-08-21 00:00:00+00:00,FFNN,-0.042614862781375266
2024-08-22 00:00:00+00:00,FFNN,-0.22553191489361699
2024-08-23 00:00:00+00:00,FFNN,-0.3834104224483503
2024-08-24 00:00:00+00:00,FFNN,0.11871723712611777
2024-08-25 00:00:00+00:00,FFNN,0.17246376811594202
2024-08-26 00:00:00+00:00,FFNN,-0.1329380764163373
2024-08-27 00:00:00+00:00,FFNN,0.03939393939393939
2024-08-28 00:00:00+00:00,FFNN,0.21233425840271353
2024-08-29 00:00:00+00:00,FFNN,-0.289300030835646
2024-08-30 00:00:00+00:00,FFNN,0.12932469935245142
2024-08-31 00:00:00+00:00,FFNN,0.07891963109354413
2024-09-01 00:00:00+00:00,FFNN,-0.20421607378129114
2024-09-02 00:00:00+00:00,FFNN,0.20065876152832673
2024-09-03 00:00:00+00:00,FFNN,0.052852297255627505
2024-09-04 00:00:00+00:00,FFNN,-0.07295713845205057
2024-09-05 00:00:00+00:00,FFNN,-0.14424915201973482
2024-09-06 00:00:00+00:00,FFNN,0.07542399013259327
2024-09-07 00:00:00+00:00,FFNN,-0.03484427998766574
2024-09-08 00:00:00+00:00,FFNN,-0.2830095590502621
2024-09-09 00:00:00+00:00,FFNN,-0.024283071230342276
2024-09-10 00:00:00+00:00,FFNN,0.257631822386679
2024-09-11 00:00:00+00:00,FFNN,0.07504625346901017
2024-09-12 00:00:00+00:00,FFNN,0.011679000925069382
2024-09-13 00:00:00+00:00,FFNN,-0.0025439407955596674
2024-09-14 00:00:00+00:00,FFNN,-0.17703515263644773
2024-09-15 00:00:00+00:00,FFNN,0.19287696577243296
2024-09-16 00:00:00+00:00,FFNN,-0.2141535615171138
2024-09-17 00:00:00+00:00,FFNN,-0.41576204950065127
2024-09-18 00:00:00+00:00,FFNN,-0.18530612244897957
2024-09-19 00:00:00+00:00,FFNN,0.14122448979591834
2024-09-20 00:00:00+00:00,FFNN,0.2080612244897959
2024-09-21 00:00:00+00:00,FFNN,-0.02591836734693877
2024-09-22 00:00:00+00:00,FFNN,0.014693877551020407
2024-09-23 00:00:00+00:00,FFNN,0.00520408163265306
2024-09-24 00:00:00+00:00,FFNN,0.005612244897959183
2024-09-25 00:00:00+00:00,FFNN,-0.13612679114198872
2024-09-26 00:00:00+00:00,FFNN,-0.22405557967868
2024-09-27 00:00:00+00:00,FFNN,0.3487841945288754
2024-09-28 00:00:00+00:00,FFNN,0.06458966565349543
2024-09-29 00:00:00+00:00,FFNN,0.20864090316977854
2024-09-30 00:00:00+00:00,FFNN,0.1538211029092488
2024-10-01 00:00:00+00:00,FFNN,-0.077181936604429
2024-10-02 00:00:00+00:00,FFNN,-0.149587494572297
2024-10-03 00:00:00+00:00,FFNN,-0.033651758575770734
2024-10-04 00:00:00+00:00,FFNN,0.07522796352583586
2024-10-05 00:00:00+00:00,FFNN,-0.2234042553191489
2024-10-06 00:00:00+00:00,FFNN,0.23002605297438122
2024-10-07 00:00:00+00:00,FFNN,0.031914893617021274
2024-10-08 00:00:00+00:00,FFNN,-0.037125488493269646
2024-10-09 00:00:00+00:00,FFNN,0.08282674772036473
2024-10-10 00:00:00+00:00,FFNN,0.1144159791576205
2024-10-11 00:00:00+00:00,FFNN,-0.07891880156317846
2024-10-12 00:00:00+00:00,FFNN,-0.1094224924012158
2024-10-13 00:00:00+00:00,FFNN,0.03951367781155015
2024-10-14 00:00:00+00:00,FFNN,0.1923577941815024
2024-10-15 00:00:00+00:00,FFNN,0.18693009118541032
2024-10-16 00:00:00+00:00,FFNN,-0.038174529756398394
2024-10-17 00:00:00+00:00,FFNN,0.16941103916127043
2024-10-18 00:00:00+00:00,FFNN,0.087018193031144
2024-10-19 00:00:00+00:00,FFNN,0.20518038852913967
2024-10-20 00:00:00+00:00,FFNN,0.29275362318840575
2024-10-21 00:00:00+00:00,FFNN,0.043741765480895915
2024-10-22 00:00:00+00:00,FFNN,0.07450838305698876
2024-10-23 00:00:00+00:00,FFNN,0.05955204216073781
2024-10-24 00:00:00+00:00,FFNN,0.060252852297255625
2024-10-25 00:00:00+00:00,FFNN,0.2941103916127043
2024-10-26 00:00:00+00:00,FFNN,-0.04914361001317522
2024-10-27 00:00:00+00:00,FFNN,0.3495388669301713
2024-10-28 00:00:00+00:00,FFNN,0.12200263504611329
2024-10-29 00:00:00+00:00,FFNN,-0.026482213438735174
2024-10-30 00:00:00+00:00,FFNN,0.38458498023715415
2024-10-31 00:00:00+00:00,FFNN,0.26990838618745594
2024-11-01 00:00:00+00:00,FFNN,0.19252995066948556
2024-11-02 00:00:00+00:00,FFNN,0.18063241106719366
2024-11-03 00:00:00+00:00,FFNN,-0.016600790513833993
2024-11-04 00:00:00+00:00,FFNN,-0.1399209486166008
2024-11-05 00:00:00+00:00,FFNN,0.004008633980881899
2024-11-06 00:00:00+00:00,FFNN,0.16953438174529753
2024-11-07 00:00:00+00:00,FFNN,0.2867098365710762
2024-11-08 00:00:00+00:00,FFNN,-0.053715695343817454
2024-11-09 00:00:00+00:00,FFNN,0.06481652790625964
2024-11-10 00:00:00+00:00,FFNN,0.3861874559548978
2024-11-11 00:00:00+00:00,FFNN,-0.15250176180408737
2024-11-12 00:00:00+00:00,FFNN,-0.1272727272727273
2024-11-13 00:00:00+00:00,FFNN,0.054940711462450595
2024-11-14 00:00:00+00:00,FFNN,0.014624505928853754
2024-11-15 00:00:00+00:00,FFNN,0.08090204369274136
2024-11-16 00:00:00+00:00,FFNN,0.1854827343199436
2024-11-17 00:00:00+00:00,FFNN,0.24904862579281184
2024-11-18 00:00:00+00:00,FFNN,0.36245059288537546
2024-11-19 00:00:00+00:00,FFNN,0.37444005270092223
2024-11-20 00:00:00+00:00,FFNN,-0.08432147562582346
2024-11-21 00:00:00+00:00,FFNN,-0.008432147562582345
2024-11-22 00:00:00+00:00,FFNN,-0.04835309617918313
2024-11-23 00:00:00+00:00,FFNN,-0.2405797101449275
2024-11-24 00:00:00+00:00,FFNN,-0.013382670366944186
2024-11-25 00:00:00+00:00,FFNN,0.18482886216466235
2024-11-26 00:00:00+00:00,FFNN,0.21800801726796176
2024-11-27 00:00:00+00:00,FFNN,-0.1320382362010484
2024-11-28 00:00:00+00:00,FFNN,-0.14292321924144313
2024-11-29 00:00:00+00:00,FFNN,0.028214616096207214
2024-11-30 00:00:00+00:00,FFNN,0.06278908418131361
2024-12-01 00:00:00+00:00,FFNN,0.018671298306556665
2024-12-02 00:00:00+00:00,FFNN,0.19268345636126788
2024-12-03 00:00:00+00:00,FFNN,0.07815892314372556
2024-12-04 00:00:00+00:00,FFNN,0.2965696917064698
2024-12-05 00:00:00+00:00,FFNN,-0.07175423360833695
2024-12-06 00:00:00+00:00,FFNN,0.0523230568823274
2024-12-07 00:00:00+00:00,FFNN,0.20104211897524968
2024-12-08 00:00:00+00:00,FFNN,0.04613547546678245
2024-12-09 00:00:00+00:00,FFNN,-0.3347807207989579
2024-12-10 00:00:00+00:00,FFNN,0.2877768128528007
2024-12-11 00:00:00+00:00,FFNN,0.10354609929078012
2024-12-12 00:00:00+00:00,FFNN,-0.2784458834412581
2024-12-13 00:00:00+00:00,FFNN,0.158418131359852
2024-12-14 00:00:00+00:00,FFNN,0.32793709528214615
2024-12-15 00:00:00+00:00,FFNN,-0.004450716456795484
2024-12-16 00:00:00+00:00,FFNN,-0.056990881458966566
2024-12-17 00:00:00+00:00,FFNN,0.07859313938341293
2024-12-18 00:00:00+00:00,FFNN,-0.13243595310464612
2024-12-19 00:00:00+00:00,FFNN,0.13211029092488058
2024-12-20 00:00:00+00:00,FFNN,0.19657724329324702
2024-12-21 00:00:00+00:00,FFNN,-0.17807585568917672
2024-12-22 00:00:00+00:00,FFNN,0.024861239592969472
2024-12-23 00:00:00+00:00,FFNN,-0.10407030527289547
2024-12-24 00:00:00+00:00,FFNN,0.34146623496762263
2024-12-25 00:00:00+00:00,FFNN,0.13425069380203516
2024-12-26 00:00:00+00:00,FFNN,-0.0008094357076780759
2024-12-27 00:00:00+00:00,FFNN,0.23231575701510943
2024-12-28 00:00:00+00:00,FFNN,0.22146160962072153
2024-12-29 00:00:00+00:00,FFNN,-0.22553191489361699
2024-12-30 00:00:00+00:00,FFNN,-0.23416589577551647
2024-12-31 00:00:00+00:00,FFNN,0.10372340425531915
2025-01-01 00:00:00+00:00,FFNN,0.09262257169287696
2025-01-02 00:00:00+00:00,FFNN,0.06209528214616096
2025-01-03 00:00:00+00:00,FFNN,0.2719703977798335
2025-01-04 00:00:00+00:00,FFNN,0.08926919518963922
2025-01-05 00:00:00+00:00,FFNN,0.2795559666975023
2025-01-06 00:00:00+00:00,FFNN,0.36379895158803577
2025-01-07 00:00:00+00:00,FFNN,-0.039901325932778293
2025-01-08 00:00:00+00:00,FFNN,0.08194993412384716
2025-01-09 00:00:00+00:00,FFNN,-0.03946441155743481
2025-01-10 00:00:00+00:00,FFNN,-0.13925299506694852
2025-01-11 00:00:00+00:00,FFNN,0.1581395348837209
2025-01-12 00:00:00+00:00,FFNN,0.21146245059288535
2025-01-13 00:00:00+00:00,FFNN,-0.09710144927536231
2025-01-14 00:00:00+00:00,FFNN,-0.08787878787878786
2025-01-15 00:00:00+00:00,FFNN,-0.01945031712473573
2025-01-16 00:00:00+00:00,FFNN,0.03946441155743481
2025-01-17 00:00:00+00:00,FFNN,0.35757575757575755
2025-01-18 00:00:00+00:00,FFNN,-0.08780831571529245
2025-01-19 00:00:00+00:00,FFNN,-0.027625088090204367
2025-01-20 00:00:00+00:00,FFNN,-0.09852008456659618
2025-01-21 00:00:00+00:00,FFNN,-0.021739130434782605
2025-01-22 00:00:00+00:00,FFNN,0.09512516469038207
2025-01-23 00:00:00+00:00,FFNN,0.43214756258234516
2025-01-24 00:00:00+00:00,FFNN,-0.07206851119894597
2025-01-25 00:00:00+00:00,FFNN,0.2304347826086956
2025-01-26 00:00:00+00:00,FFNN,-0.1455862977602108
2025-01-27 00:00:00+00:00,FFNN,0.24361001317523054
2025-01-28 00:00:00+00:00,FFNN,-0.18115942028985504
2025-01-29 00:00:00+00:00,FFNN,0.10237154150197628
2025-01-30 00:00:00+00:00,FFNN,0.11989459815546773
2025-01-31 00:00:00+00:00,FFNN,0.38774703557312246
2025-02-01 00:00:00+00:00,FFNN,-0.011725955204216073
2025-02-02 00:00:00+00:00,FFNN,0.09443269908386187
2025-02-03 00:00:00+00:00,FFNN,0.17575757575757575
2025-02-04 00:00:00+00:00,FFNN,0.056659619450317125
2025-02-05 00:00:00+00:00,FFNN,0.29143610013175225
2025-02-06 00:00:00+00:00,FFNN,0.1123847167325428
2025-02-07 00:00:00+00:00,FFNN,-0.33847167325428196
2025-02-08 00:00:00+00:00,FFNN,0.21110083256244216
2025-02-09 00:00:00+00:00,FFNN,-0.14373265494912119
2025-02-10 00:00:00+00:00,FFNN,0.0889222941720629
2025-02-11 00:00:00+00:00,FFNN,-0.15379278445883443
2025-02-12 00:00:00+00:00,FFNN,0.08672525439407956
2025-02-13 00:00:00+00:00,FFNN,-0.23184551341350604
2025-02-14 00:00:00+00:00,FFNN,0.38020351526364476
2025-02-15 00:00:00+00:00,FFNN,0.05790934320074005
2025-02-16 00:00:00+00:00,FFNN,0.17549407114624505
2025-02-17 00:00:00+00:00,FFNN,-0.02127659574468085
2025-02-18 00:00:00+00:00,FFNN,0.12093740363860624
2025-02-19 00:00:00+00:00,FFNN,-0.16780758556891764
2025-02-20 00:00:00+00:00,FFNN,-0.2885599753314832
2025-02-21 00:00:00+00:00,FFNN,-0.4456984273820536
2025-02-22 00:00:00+00:00,FFNN,0.47417654808959153
2025-02-23 00:00:00+00:00,FFNN,0.11193339500462535
2025-02-24 00:00:00+00:00,FFNN,-0.18285538082022817
2025-02-25 00:00:00+00:00,FFNN,-0.32334258402713534
2025-02-26 00:00:00+00:00,FFNN,0.2646315140302189
2025-02-27 00:00:00+00:00,FFNN,-0.35812519272278753
2025-02-28 00:00:00+00:00,FFNN,0.25908109774899785
2025-03-01 00:00:00+00:00,FFNN,0.18421214924452667
2025-03-02 00:00:00+00:00,FFNN,0.11908726487819919
2025-03-03 00:00:00+00:00,FFNN,0.021153253160653716
2025-03-04 00:00:00+00:00,FFNN,0.21097748997841503
2025-03-05 00:00:00+00:00,FFNN,0.20690718470551955
2025-03-06 00:00:00+00:00,FFNN,0.09343200740055504
2025-03-07 00:00:00+00:00,FFNN,-0.015418298443915134
2025-03-08 00:00:00+00:00,FFNN,0.022266139657444003
2025-03-09 00:00:00+00:00,FFNN,-0.16693017127799736
2025-03-10 00:00:00+00:00,FFNN,0.006324110671936758
2025-03-11 00:00:00+00:00,FFNN,-0.13051444679351654
2025-03-12 00:00:00+00:00,FFNN,0.2500352360817477
2025-03-13 00:00:00+00:00,FFNN,-0.3655995167623074
2025-03-14 00:00:00+00:00,FFNN,-0.005587435819993959
2025-03-15 00:00:00+00:00,FFNN,-0.002718212020537602
2025-03-16 00:00:00+00:00,FFNN,-0.0840412278320105
2025-03-17 00:00:00+00:00,FFNN,0.2872445384073291
2025-03-18 00:00:00+00:00,FFNN,0.2463706835799859
2025-03-19 00:00:00+00:00,FFNN,0.13488372093023254
2025-03-20 00:00:00+00:00,FFNN,-0.12233967582804792
2025-03-21 00:00:00+00:00,FFNN,0.24651162790697675
2025-03-22 00:00:00+00:00,FFNN,0.058592570220477196
2025-03-23 00:00:00+00:00,FFNN,0.023859861069163397
2025-03-24 00:00:00+00:00,FFNN,-0.038508003624282694
2025-03-25 00:00:00+00:00,FFNN,-0.23527635155542131
2025-03-26 00:00:00+00:00,FFNN,0.2488674116581093
2025-03-27 00:00:00+00:00,FFNN,-0.05384073291050035
2025-03-28 00:00:00+00:00,FFNN,-0.24992449411054063
2025-03-29 00:00:00+00:00,FFNN,0.05113037841341869
2025-03-30 00:00:00+00:00,FFNN,-0.05096831699214002
2025-03-31 00:00:00+00:00,FFNN,0.11899728178797944
2025-04-01 00:00:00+00:00,FFNN,0.3222591362126246
2025-04-02 00:00:00+00:00,FFNN,-0.1676230745998188
2025-04-03 00:00:00+00:00,FFNN,0.0507399577167019
2025-04-04 00:00:00+00:00,FFNN,0.2511325883418907
2025-04-05 00:00:00+00:00,FFNN,-0.014497130776200544
2025-04-06 00:00:00+00:00,FFNN,-0.1405919661733615
2025-04-07 00:00:00+00:00,FFNN,0.20235578375113256
2025-04-08 00:00:00+00:00,FFNN,0.011023859861069164
2025-04-09 00:00:00+00:00,FFNN,0.2327091513138025
2025-04-10 00:00:00+00:00,FFNN,-0.04288734521292661
2025-04-11 00:00:00+00:00,FFNN,0.015101177891875569
2025-04-12 00:00:00+00:00,FFNN,0.35593476291150705
2025-04-13 00:00:00+00:00,FFNN,-0.0572334642102084
2025-04-14 00:00:00+00:00,FFNN,-0.06735125339776503
2025-04-15 00:00:00+00:00,FFNN,0.16037450921171853
2025-04-16 00:00:00+00:00,FFNN,-0.0606060606060606
2025-04-17 00:00:00+00:00,FFNN,-0.1569169960474308
2025-04-18 00:00:00+00:00,FFNN,-0.108300395256917
2025-04-19 00:00:00+00:00,FFNN,-0.04463459759481961
2025-04-20 00:00:00+00:00,FFNN,0.0849353878531326
2025-04-21 00:00:00+00:00,FFNN,0.10432045158488927
2025-04-22 00:00:00+00:00,FFNN,0.09650455927051672
2025-04-23 00:00:00+00:00,FFNN,0.13829787234042554
2025-04-24 00:00:00+00:00,FFNN,-0.32161578785075545
2025-04-25 00:00:00+00:00,FFNN,-0.33826703669441877
2025-04-26 00:00:00+00:00,FFNN,0.4190274841437631
2025-04-27 00:00:00+00:00,FFNN,-0.028183780450200435
2025-04-28 00:00:00+00:00,FFNN,0.6097440641381436
2025-04-29 00:00:00+00:00,FFNN,-0.11135522664199816
2025-04-30 00:00:00+00:00,FFNN,0.2716620413197656
2025-05-01 00:00:00+00:00,FFNN,-0.019303114400246683
2025-05-02 00:00:00+00:00,FFNN,0.3845205057045945
2025-05-03 00:00:00+00:00,FFNN,0.12920135676842429
2025-05-04 00:00:00+00:00,FFNN,-0.1299414122725871
2025-05-05 00:00:00+00:00,FFNN,0.06370644465001542
2025-05-06 00:00:00+00:00,FFNN,0.12093740363860624
2025-05-07 00:00:00+00:00,FFNN,0.22664199814986125
2025-05-08 00:00:00+00:00,FFNN,-0.24121184088806663
2025-05-09 00:00:00+00:00,FFNN,0.24109620721554115
2025-05-10 00:00:00+00:00,FFNN,0.11329016342892383
2025-05-11 00:00:00+00:00,FFNN,0.0052149400986610285
2025-05-12 00:00:00+00:00,FFNN,0.3242059821153253
2025-05-13 00:00:00+00:00,FFNN,0.0026518655565834106
2025-05-14 00:00:00+00:00,FFNN,0.08563899868247693
2025-05-15 00:00:00+00:00,FFNN,-0.20843214756258233
2025-05-16 00:00:00+00:00,FFNN,0.17312252964426875
2025-05-17 00:00:00+00:00,FFNN,0.0856614246068455
2025-05-18 00:00:00+00:00,FFNN,0.019303114400246683
2025-05-19 00:00:00+00:00,FFNN,0.10502621029910578
2025-05-20 00:00:00+00:00,FFNN,0.11292013567684242
2025-05-21 00:00:00+00:00,FFNN,-0.10511100832562442
2025-05-22 00:00:00+00:00,FFNN,0.3141766882516189
2025-05-23 00:00:00+00:00,FFNN,-0.41038390379278444
2025-05-24 00:00:00+00:00,FFNN,0.04779525131051495
2025-05-25 00:00:00+00:00,FFNN,0.16386062288004932
2025-05-26 00:00:00+00:00,FFNN,-0.16176379895158804
2025-05-27 00:00:00+00:00,FFNN,0.020659882824545173
2025-05-28 00:00:00+00:00,FFNN,0.20289855072463767
2025-05-29 00:00:00+00:00,FFNN,0.37329633055812517
2025-05-30 00:00:00+00:00,FFNN,-0.2758893280632411
2025-05-31 00:00:00+00:00,FFNN,-0.2737812911725955
2025-06-01 00:00:00+00:00,FFNN,0.0919631093544137
2025-06-02 00:00:00+00:00,FFNN,-0.06086956521739129
2025-06-03 00:00:00+00:00,FFNN,0.32266139657444004
2025-06-04 00:00:00+00:00,FFNN,0.5546772068511199
2025-06-05 00:00:00+00:00,FFNN,0.39973649538866923
2025-06-06 00:00:00+00:00,FFNN,-0.2426877470355731
2025-06-07 00:00:00+00:00,FFNN,0.13517786561264822
2025-06-08 00:00:00+00:00,FFNN,-0.20698287220026348
2025-06-09 00:00:00+00:00,FFNN,-0.0057971014492753615
2025-06-10 00:00:00+00:00,FFNN,0.5409749670619236
2025-06-11 00:00:00+00:00,FFNN,0.34394079555966695
2025-06-12 00:00:00+00:00,FFNN,-0.14720937403638604
2025-06-13 00:00:00+00:00,FFNN,-0.09207523897625655
2025-06-14 00:00:00+00:00,FFNN,0.0011857707509881422
2025-06-15 00:00:00+00:00,FFNN,0.3260561208757324
2025-06-16 00:00:00+00:00,FFNN,0.14519104084321474
2025-06-17 00:00:00+00:00,FFNN,-0.43743447425223564
2025-06-18 00:00:00+00:00,FFNN,0.08344125809435707
2025-06-19 00:00:00+00:00,FFNN,-0.08393462843046562
2025-06-20 00:00:00+00:00,FFNN,-0.12685784767190872
2025-06-21 00:00:00+00:00,FFNN,0.00786308973172988
2025-06-22 00:00:00+00:00,FFNN,-0.17345050878815912
2025-06-23 00:00:00+00:00,FFNN,0.01156336725254394
2025-06-24 00:00:00+00:00,FFNN,0.3346438482886217
2025-06-25 00:00:00+00:00,FFNN,-0.036324390995991364
2025-06-26 00:00:00+00:00,FFNN,0.2809127351218008
2025-06-27 00:00:00+00:00,FFNN,-0.2025032938076416
2025-06-28 00:00:00+00:00,FFNN,-0.27042861547949426
2025-06-29 00:00:00+00:00,FFNN,0.5226641998149861
2025-06-30 00:00:00+00:00,FFNN,-0.1253469010175763
2025-07-01 00:00:00+00:00,FFNN,0.3170675300647549
2025-07-02 00:00:00+00:00,FFNN,-0.0959617889709075
2025-07-03 00:00:00+00:00,FFNN,0.16261398176291794
2025-07-04 00:00:00+00:00,FFNN,0.18432479374728614
2025-07-05 00:00:00+00:00,FFNN,0.06426400347372992
2025-07-06 00:00:00+00:00,FFNN,0.3850601295097132
2025-07-07 00:00:00+00:00,FFNN,0.1487049028677151
2025-07-08 00:00:00+00:00,FFNN,-0.02971785383903793
2025-07-09 00:00:00+00:00,FFNN,-0.4453052728954672
2025-07-10 00:00:00+00:00,FFNN,0.31985594237695075
2025-07-11 00:00:00+00:00,FFNN,0.4397524967433782
2025-07-12 00:00:00+00:00,FFNN,0.061767260095527576
2025-07-13 00:00:00+00:00,FFNN,0.2901650021710812
2025-07-14 00:00:00+00:00,FFNN,0.07522796352583586
2025-07-15 00:00:00+00:00,FFNN,-0.06643508467216673
2025-07-16 00:00:00+00:00,FFNN,0.1895353886235345
2025-07-17 00:00:00+00:00,FFNN,0.0322617946345976
2025-07-18 00:00:00+00:00,FFNN,0.11479591836734693
2025-07-19 00:00:00+00:00,FFNN,0.003673469387755102
2025-07-20 00:00:00+00:00,FFNN,-0.188469387755102
2025-07-21 00:00:00+00:00,FFNN,0.0887875150060024
2025-07-22 00:00:00+00:00,FFNN,-0.27327731092436974
2025-07-23 00:00:00+00:00,FFNN,-0.19367346938775507
2025-07-24 00:00:00+00:00,FFNN,-0.12624837168910116
2025-07-25 00:00:00+00:00,FFNN,0.14600521059487623
2025-07-26 00:00:00+00:00,FFNN,0.12777520814061055
2025-07-27 00:00:00+00:00,FFNN,-0.2346207215541166
2025-07-28 00:00:00+00:00,FFNN,-0.08637835337650324
2025-07-29 00:00:00+00:00,FFNN,-0.08568455134135061
2025-07-30 00:00:00+00:00,FFNN,0.15564292321924145
2025-07-31 00:00:00+00:00,FFNN,-0.17830712303422758
2025-08-01 00:00:00+00:00,FFNN,0.018617021276595747
2025-08-02 00:00:00+00:00,FFNN,-0.027636447733580018
2025-08-03 00:00:00+00:00,FFNN,0.2561285846438483
2025-08-04 00:00:00+00:00,FFNN,0.41951896392229415
2025-08-05 00:00:00+00:00,FFNN,0.2772895467160037
2025-08-06 00:00:00+00:00,FFNN,-0.01931082331174838
2025-08-07 00:00:00+00:00,FFNN,0.26259227095093357
2025-08-08 00:00:00+00:00,FFNN,-0.37168910117238385
2025-08-09 00:00:00+00:00,FFNN,0.08358662613981761
2025-08-10 00:00:00+00:00,FFNN,0.07989578810247502
2025-08-11 00:00:00+00:00,FFNN,0.4590751194094659
2025-08-12 00:00:00+00:00,FFNN,0.17053842813721234
2025-08-13 00:00:00+00:00,FFNN,0.37168910117238385
2025-08-14 00:00:00+00:00,FFNN,-0.17314372557533653
2025-08-15 00:00:00+00:00,FFNN,0.1432913590968302
2025-08-16 00:00:00+00:00,FFNN,0.13633209990749307
2025-08-17 00:00:00+00:00,FFNN,0.24205982115325317
2025-08-18 00:00:00+00:00,FFNN,-0.0923219241443108
2025-08-19 00:00:00+00:00,FFNN,-0.04162812210915818
2025-08-20 00:00:00+00:00,FFNN,0.12254085723095899
2025-08-21 00:00:00+00:00,FFNN,-0.127104532839963
2025-08-22 00:00:00+00:00,FFNN,0.0906567992599445
2025-08-23 00:00:00+00:00,FFNN,0.20625271385149804
2025-08-24 00:00:00+00:00,FFNN,0.09683022145028224
2025-08-25 00:00:00+00:00,FFNN,0.017368649587494574
2025-08-26 00:00:00+00:00,FFNN,0.12483716891011723
2025-08-27 00:00:00+00:00,FFNN,-0.303951367781155
2025-08-28 00:00:00+00:00,FFNN,0.4010175763182238
2025-08-29 00:00:00+00:00,FFNN,-0.22375115633672524
2025-08-30 00:00:00+00:00,FFNN,0.46380666049953756
2025-08-31 00:00:00+00:00,FFNN,0.3296786799826314
2025-09-01 00:00:00+00:00,FFNN,0.20006513243595309
2025-09-02 00:00:00+00:00,FFNN,0.047872340425531915
2025-09-03 00:00:00+00:00,FFNN,0.3454190186712983
2025-09-04 00:00:00+00:00,FFNN,0.04382516188714154
2025-09-05 00:00:00+00:00,FFNN,0.0507631822386679
2025-09-06 00:00:00+00:00,FFNN,-0.09135060129509714
2025-09-07 00:00:00+00:00,FFNN,-0.012719703977798336
2025-09-08 00:00:00+00:00,FFNN,0.20178075855689176
2025-09-09 00:00:00+00:00,FFNN,-0.0190795559666975
2025-09-10 00:00:00+00:00,FFNN,-0.18154486586493987
2025-09-11 00:00:00+00:00,FFNN,0.3899167437557817
2025-09-12 00:00:00+00:00,FFNN,-0.020842379504993486
2025-09-13 00:00:00+00:00,FFNN,0.3596396005210595
2025-09-14 00:00:00+00:00,FFNN,-0.09704732957012592
2025-09-15 00:00:00+00:00,FFNN,0.06708640903169778
2025-09-16 00:00:00+00:00,FFNN,-0.13732088580112894
2025-09-17 00:00:00+00:00,FFNN,-0.18501387604070305
2025-09-18 00:00:00+00:00,FFNN,-0.04363873208858011
2025-09-19 00:00:00+00:00,FFNN,-0.018163265306122448
2025-09-20 00:00:00+00:00,FFNN,0.1140816326530612
2025-09-21 00:00:00+00:00,FFNN,0.42224489795918363
2025-09-22 00:00:00+00:00,FFNN,0.07877551020408162
2025-09-23 00:00:00+00:00,FFNN,0.009795918367346938
2025-09-24 00:00:00+00:00,FFNN,0.22510204081632648
2025-09-25 00:00:00+00:00,FFNN,0.09612244897959182
2025-09-26 00:00:00+00:00,FFNN,-0.0009769865392965696
2025-09-27 00:00:00+00:00,FFNN,-0.007056013894919669
2025-09-28 00:00:00+00:00,FFNN,0.2816836262719704
2025-09-29 00:00:00+00:00,FFNN,0.1107224423000333
2025-09-30 00:00:00+00:00,FFNN,0.09366327474560593
2025-10-01 00:00:00+00:00,FFNN,0.2143077397471477
2025-10-02 00:00:00+00:00,FFNN,0.07035573122529644
2025-10-03 00:00:00+00:00,FFNN,-0.06580326857847671
2025-10-04 00:00:00+00:00,FFNN,0.19987665741597288
2025-10-05 00:00:00+00:00,FFNN,0.28633980881899473
2025-10-06 00:00:00+00:00,FFNN,0.18322540857230957
2025-10-07 00:00:00+00:00,FFNN,0.03607770582793709
2025-10-08 00:00:00+00:00,FFNN,0.20658761528326747
2025-10-09 00:00:00+00:00,FFNN,0.33754940711462444
2025-10-10 00:00:00+00:00,FFNN,-0.04002818886539817
2025-10-11 00:00:00+00:00,FFNN,0.003624282694050136
2025-10-12 00:00:00+00:00,FFNN,-0.2241014799154334
2025-10-13 00:00:00+00:00,FFNN,0.04953186348535186
2025-10-14 00:00:00+00:00,FFNN,0.08758683177287828
2025-10-15 00:00:00+00:00,FFNN,0.06328498500931853
2025-10-16 00:00:00+00:00,FFNN,-0.2857953164249251
2025-10-17 00:00:00+00:00,FFNN,-0.0396240175026335
2025-10-18 00:00:00+00:00,FFNN,-0.12142857142857144
2025-10-19 00:00:00+00:00,FFNN,0.27020905923344957
2025-10-20 00:00:00+00:00,FFNN,0.3909407665505227
2025-10-21 00:00:00+00:00,FFNN,0.18780487804878052
2025-10-22 00:00:00+00:00,FFNN,0.03977485928705442
2025-10-23 00:00:00+00:00,FFNN,-0.08461538461538462
2025-10-24 00:00:00+00:00,FFNN,0.02508710801393729
2025-10-25 00:00:00+00:00,FFNN,-0.2529080675422139
2025-10-26 00:00:00+00:00,FFNN,0.2909943714821764
2025-10-27 00:00:00+00:00,FFNN,-0.029268292682926834
2025-10-28 00:00:00+00:00,FFNN,-0.19568480300187618
2025-10-29 00:00:00+00:00,FFNN,0.226829268292683
2025-10-30 00:00:00+00:00,FFNN,0.07242026266416511
2025-10-31 00:00:00+00:00,FFNN,-0.29699812382739216
2025-11-01 00:00:00+00:00,FFNN,0.28630393996247655
2025-11-02 00:00:00+00:00,FFNN,-0.2452157598499062
2025-11-03 00:00:00+00:00,FFNN,-0.27204502814258913
2025-11-04 00:00:00+00:00,FFNN,0.31219512195121957
2025-11-05 00:00:00+00:00,FFNN,-0.2734817813765183
2025-11-06 00:00:00+00:00,FFNN,-0.19898785425101218
2025-11-07 00:00:00+00:00,FFNN,0.36234817813765186
2025-11-08 00:00:00+00:00,FFNN,0.08123827392120077
2025-11-09 00:00:00+00:00,FFNN,0.45303643724696363
2025-11-10 00:00:00+00:00,FFNN,0.28067542213883684
2025-11-11 00:00:00+00:00,FFNN,-0.16735459662288932
2025-11-12 00:00:00+00:00,FFNN,0.22732793522267206
2025-11-13 00:00:00+00:00,FFNN,0.011489222015537806
2025-11-14 00:00:00+00:00,FFNN,-0.21194879089615934
2025-11-15 00:00:00+00:00,FFNN,0.3487252434620856
2025-11-16 00:00:00+00:00,FFNN,0.13218623481781377
2025-11-17 00:00:00+00:00,FFNN,-0.04412955465587045
2025-11-18 00:00:00+00:00,FFNN,-0.10020242914979757
2025-11-19 00:00:00+00:00,FFNN,-0.17105263157894737
2025-11-20 00:00:00+00:00,FFNN,0.125703564727955
2025-11-21 00:00:00+00:00,FFNN,0.09615835650148818
2025-11-22 00:00:00+00:00,FFNN,-0.09926262053318208
2025-11-23 00:00:00+00:00,FFNN,0.02422818248116036
2025-11-24 00:00:00+00:00,FFNN,-0.08791832104367556
2025-11-25 00:00:00+00:00,FFNN,0.17770034843205576
2025-11-26 00:00:00+00:00,FFNN,0.25873105907138805
2025-11-27 00:00:00+00:00,FFNN,-0.10590713880560733
2025-11-28 00:00:00+00:00,FFNN,0.41316822712171547
2025-11-29 00:00:00+00:00,FFNN,0.1935165609584214
2025-11-30 00:00:00+00:00,FFNN,0.08945981554677206
2025-12-01 00:00:00+00:00,FFNN,0.4719367588932805
2025-12-02 00:00:00+00:00,FFNN,0.09104084321475625
2025-12-03 00:00:00+00:00,FFNN,-0.2668076109936575
2025-12-04 00:00:00+00:00,FFNN,0.09415081042988019
2025-12-05 00:00:00+00:00,FFNN,0.2938689217758985
2025-12-06 00:00:00+00:00,FFNN,0.24614919963757176
2025-12-07 00:00:00+00:00,FFNN,-0.097815362931642
2025-12-08 00:00:00+00:00,FFNN,-0.2551092318534179
2025-12-09 00:00:00+00:00,FFNN,0.3358703312191684
2025-12-10 00:00:00+00:00,FFNN,-0.30961791831357044
2025-12-11 00:00:00+00:00,FFNN,0.34799154334038057
2025-12-12 00:00:00+00:00,FFNN,-0.025651867512332623
2025-12-13 00:00:00+00:00,FFNN,0.36695862277257624
2025-12-14 00:00:00+00:00,FFNN,-0.1777408637873754
2025-12-15 00:00:00+00:00,FFNN,0.2949260042283298
2025-12-16 00:00:00+00:00,FFNN,0.0664451827242525
2025-12-17 00:00:00+00:00,FFNN,0.12624584717607973
2025-12-18 00:00:00+00:00,FFNN,0.006624383368569414
2025-12-19 00:00:00+00:00,FFNN,0.2582100070472163
2025-12-20 00:00:00+00:00,FFNN,0.3823819591261452
2025-12-21 00:00:00+00:00,FFNN,0.19732205778717404
2025-12-22 00:00:00+00:00,FFNN,-0.048907681465821
2025-12-23 00:00:00+00:00,FFNN,-0.20935441370223978
2025-12-24 00:00:00+00:00,FFNN,-0.24637681159420288
2025-12-25 00:00:00+00:00,FFNN,-0.11600370027752083
2025-12-26 00:00:00+00:00,FFNN,-0.052852297255627505
2025-12-27 00:00:00+00:00,FFNN,0.08857539315448658
2025-12-28 00:00:00+00:00,FFNN,-0.1440795559666975
2025-12-29 00:00:00+00:00,FFNN,-0.027898393399913155
2025-12-30 00:00:00+00:00,FFNN,-0.11669561441597916
2025-12-31 00:00:00+00:00,FFNN,0.13633209990749307
2026-01-01 00:00:00+00:00,FFNN,-0.17718162195497997
2026-01-02 00:00:00+00:00,FFNN,-0.09759481961147086
2026-01-03 00:00:00+00:00,FFNN,0.011216790499324522
2026-01-04 00:00:00+00:00,FFNN,0.15783760312635692
2026-01-05 00:00:00+00:00,FFNN,-0.22090751194094657
2026-01-06 00:00:00+00:00,FFNN,0.3257707338254451
2026-01-07 00:00:00+00:00,FFNN,-0.0449413808076422
2026-01-08 00:00:00+00:00,FFNN,-0.08336951801997394
2026-01-09 00:00:00+00:00,FFNN,0.2742075553625705
2026-01-10 00:00:00+00:00,FFNN,0.02138514980460269
2026-01-11 00:00:00+00:00,FFNN,0.2573816760746852
2026-01-12 00:00:00+00:00,FFNN,0.012592270950933565
2026-01-13 00:00:00+00:00,FFNN,0.084020842379505
2026-01-14 00:00:00+00:00,FFNN,-0.18975249674337819
2026-01-15 00:00:00+00:00,FFNN,-0.31183673469387757
2026-01-16 00:00:00+00:00,FFNN,0.34316326530612246
2026-01-17 00:00:00+00:00,FFNN,-0.1366326530612245
2026-01-18 00:00:00+00:00,FFNN,0.13887755102040814
2026-01-19 00:00:00+00:00,FFNN,-0.1280612244897959
2026-01-20 00:00:00+00:00,FFNN,0.03663265306122449
2026-01-21 00:00:00+00:00,FFNN,0.06030612244897959
2026-01-22 00:00:00+00:00,FFNN,-0.2093877551020408
2026-01-23 00:00:00+00:00,FFNN,0.33963985594237694
2026-01-24 00:00:00+00:00,FFNN,0.2896038415366146
2026-01-25 00:00:00+00:00,FFNN,-0.017430972388955582
2026-01-26 00:00:00+00:00,FFNN,-0.2634813925570228
2026-01-27 00:00:00+00:00,FFNN,0.18876350540216086
2026-01-28 00:00:00+00:00,FFNN,0.16148859543817526
2026-01-29 00:00:00+00:00,FFNN,0.15342136854741897
2026-01-30 00:00:00+00:00,FFNN,0.2368787515006002
2026-01-31 00:00:00+00:00,FFNN,-0.10391606043956689
2026-02-01 00:00:00+00:00,FFNN,0.0426890756302521
2026-02-02 00:00:00+00:00,FFNN,0.07265306122448979
2026-02-03 00:00:00+00:00,FFNN,0.008115246098439374
2026-02-04 00:00:00+00:00,FFNN,0.23630252100840335
2026-02-05 00:00:00+00:00,FFNN,-0.09541059724015925
2026-02-06 00:00:00+00:00,FFNN,0.18200740055504164
2026-02-07 00:00:00+00:00,FFNN,0.05400092506938021
2026-02-08 00:00:00+00:00,FFNN,-0.00017345552318543073
2026-02-09 00:00:00+00:00,FFNN,-0.18200740055504164
2026-02-10 00:00:00+00:00,FFNN,0.08903792784458836
2026-02-11 00:00:00+00:00,FFNN,0.15679925994449584
2026-02-12 00:00:00+00:00,FFNN,0.06926456984273821
2026-02-13 00:00:00+00:00,FFNN,-0.06510175763182238
2026-02-14 00:00:00+00:00,FFNN,0.48972332015810277
2026-02-15 00:00:00+00:00,FFNN,0.34440052700922263
2026-02-16 00:00:00+00:00,FFNN,-0.06890872562122921
2026-02-17 00:00:00+00:00,FFNN,0.03267457180500659
2026-02-18 00:00:00+00:00,FFNN,-0.05151515151515151
2026-02-19 00:00:00+00:00,FFNN,0.11475625823451908
2026-02-20 00:00:00+00:00,FFNN,0.14511255010792476
2026-02-21 00:00:00+00:00,FFNN,-0.0681159420289855
2026-02-22 00:00:00+00:00,FFNN,-0.14097496706192358
2026-02-23 00:00:00+00:00,FFNN,-0.22542819499341238
2026-02-24 00:00:00+00:00,FFNN,0.6247694334650856
2026-02-25 00:00:00+00:00,FFNN,0.2793148880105401
2026-02-26 00:00:00+00:00,FFNN,-0.08563899868247693
2026-02-27 00:00:00+00:00,FFNN,0.04952204748689485
2026-02-28 00:00:00+00:00,FFNN,0.11791914649906295
2026-03-01 00:00:00+00:00,FFNN,0.01931082331174838
2026-03-02 00:00:00+00:00,FFNN,0.27208603145235893
2026-03-03 00:00:00+00:00,FFNN,0.22305735430157259
2026-03-04 00:00:00+00:00,FFNN,0.18877582485353067
2026-03-05 00:00:00+00:00,FFNN,-0.034227567067530065
2026-03-06 00:00:00+00:00,FFNN,0.3010175763182239
2026-03-07 00:00:00+00:00,FFNN,-0.3634289238359543
2026-03-08 00:00:00+00:00,FFNN,0.12846130126426147
2026-03-09 00:00:00+00:00,FFNN,0.25044711686709836
2026-03-10 00:00:00+00:00,FFNN,0.09700894233734196
2026-03-11 00:00:00+00:00,FFNN,0.13783533765032377
2026-03-12 00:00:00+00:00,FFNN,0.12377428307123034
2026-03-13 00:00:00+00:00,FFNN,0.07238667900092507
2026-03-14 00:00:00+00:00,FFNN,0.2675917360468702
2026-03-15 00:00:00+00:00,FFNN,0.07937095282146162
2026-03-16 00:00:00+00:00,FFNN,0.006722170829478878
2026-03-17 00:00:00+00:00,FFNN,0.3480111008325624
2026-03-18 00:00:00+00:00,FFNN,0.01917977181621955
2026-03-19 00:00:00+00:00,FFNN,-0.10909651557200123
2026-03-20 00:00:00+00:00,FFNN,0.14474252235584334
2026-03-21 00:00:00+00:00,FFNN,-0.0938945420906568
2026-03-22 00:00:00+00:00,FFNN,0.04960684551341351
2026-03-23 00:00:00+00:00,FFNN,0.11082331174838113
2026-03-24 00:00:00+00:00,FFNN,0.16547178538390378
2026-03-25 00:00:00+00:00,FFNN,0.27138514980460265
2026-03-26 00:00:00+00:00,FFNN,-0.0009769865392965696
2026-03-27 00:00:00+00:00,FFNN,-0.07214285714285713
2026-03-28 00:00:00+00:00,FFNN,-0.054897959183673455
2026-03-29 00:00:00+00:00,FFNN,0.1689795918367347
2026-03-30 00:00:00+00:00,FFNN,0.008979591836734694
2026-03-31 00:00:00+00:00,FFNN,0.3911224489795918
2026-04-01 00:00:00+00:00,FFNN,0.15377551020408162
2026-04-02 00:00:00+00:00,FFNN,0.19714285714285712
2026-04-03 00:00:00+00:00,FFNN,-0.23369565217391305
2026-04-04 00:00:00+00:00,FFNN,0.36159694733389464
2026-04-05 00:00:00+00:00,FFNN,0.1261563367252544
2026-04-06 00:00:00+00:00,FFNN,-0.17680388529139685
2026-04-07 00:00:00+00:00,FFNN,0.12072155411655874
2026-04-08 00:00:00+00:00,FFNN,-0.2851526364477336
2026-04-09 00:00:00+00:00,FFNN,0.19784921369102684
2026-04-10 00:00:00+00:00,FFNN,0.07924761023743447
2026-04-11 00:00:00+00:00,FFNN,0.00795559666975023
2026-04-12 00:00:00+00:00,FFNN,0.14548257786000615
2026-04-13 00:00:00+00:00,FFNN,-0.11852794084337767
2026-04-14 00:00:00+00:00,FFNN,0.12777520814061055
2026-04-15 00:00:00+00:00,FFNN,-0.14054887449892076
2026-04-16 00:00:00+00:00,FFNN,0.24625346901017572
2026-04-17 00:00:00+00:00,FFNN,-0.06152832674571804
2026-04-18 00:00:00+00:00,FFNN,0.33873517786561264
2026-04-19 00:00:00+00:00,FFNN,-0.04680851063829787
2026-04-20 00:00:00+00:00,FFNN,0.021769966080789394
2026-04-21 00:00:00+00:00,FFNN,0.07850755473327167
2026-04-22 00:00:00+00:00,FFNN,0.009805735430157262
2026-04-23 00:00:00+00:00,FFNN,-0.08177865494652588
2026-04-24 00:00:00+00:00,FFNN,0.11341700335343974
2026-04-25 00:00:00+00:00,FFNN,0.2407327471594561
2026-04-26 00:00:00+00:00,FFNN,-0.020043169904409495
2026-04-27 00:00:00+00:00,FFNN,-0.04625346901017576
2026-04-28 00:00:00+00:00,FFNN,0.12831089882761615
2026-04-29 00:00:00+00:00,FFNN,0.13960052105948761
2026-04-30 00:00:00+00:00,FFNN,0.00797872340425532
2026-05-01 00:00:00+00:00,FFNN,-0.11285846438482885
2026-05-02 00:00:00+00:00,FFNN,0.36332099907493065
2026-05-03 00:00:00+00:00,FFNN,0.38775510204081637
2026-05-04 00:00:00+00:00,FFNN,-0.043163265306122446
2026-05-05 00:00:00+00:00,FFNN,-0.11806122448979589
2026-05-06 00:00:00+00:00,FFNN,-0.06408163265306122
2026-05-07 00:00:00+00:00,FFNN,-0.02448979591836735
2026-05-08 00:00:00+00:00,FFNN,0.11316326530612243
2026-05-09 00:00:00+00:00,FFNN,0.08530612244897957
2026-05-10 00:00:00+00:00,FFNN,-0.01836734693877551
2026-05-11 00:00:00+00:00,FFNN,0.15234693877551017
2026-05-12 00:00:00+00:00,FFNN,0.1243877551020408
2026-05-13 00:00:00+00:00,FFNN,-0.015102040816326528
2026-05-14 00:00:00+00:00,FFNN,0.26122448979591834
2026-05-15 00:00:00+00:00,FFNN,-0.13765306122448978
2026-05-16 00:00:00+00:00,FFNN,0.2908163265306122
2026-05-17 00:00:00+00:00,FFNN,-0.18724967479753182
2026-05-18 00:00:00+00:00,FFNN,0.19438775510204082
2026-05-19 00:00:00+00:00,FFNN,0.07357142857142855
2026-05-20 00:00:00+00:00,FFNN,0.13459183673469385
2026-05-21 00:00:00+00:00,FFNN,0.12125488493269647
2026-05-22 00:00:00+00:00,FFNN,-0.1413373860182371
2026-05-23 00:00:00+00:00,FFNN,-0.04971775944420321
2026-05-24 00:00:00+00:00,FFNN,0.09628745115067303
2026-05-25 00:00:00+00:00,FFNN,0.3074489795918367
2026-05-26 00:00:00+00:00,FFNN,0.11448979591836735
2026-05-27 00:00:00+00:00,FFNN,-0.03704081632653061
2026-05-28 00:00:00+00:00,FFNN,-0.16653061224489793
2026-05-29 00:00:00+00:00,FFNN,0.051326530612244896
2026-05-30 00:00:00+00:00,FFNN,-0.22666087711680416
2026-05-31 00:00:00+00:00,FFNN,0.04591836734693878
2026-06-01 00:00:00+00:00,FFNN,0.1175640468953539
2026-06-02 00:00:00+00:00,FFNN,-0.16424675013512
2026-06-03 00:00:00+00:00,FFNN,-0.024533217542336085
2026-06-04 00:00:00+00:00,FFNN,-0.19995657837603126
2026-06-05 00:00:00+00:00,FFNN,-0.0009769865392965696
2026-06-06 00:00:00+00:00,FFNN,0.2026704298740773
2026-06-07 00:00:00+00:00,FFNN,0.13258049242496128
2026-06-08 00:00:00+00:00,FFNN,-0.028224055579678674
2026-06-09 00:00:00+00:00,FFNN,0.18617021276595744
2026-06-10 00:00:00+00:00,FFNN,0.1382978723404255
2026-06-11 00:00:00+00:00,FFNN,0.5211680416847589
2026-06-12 00:00:00+00:00,FFNN,0.25379939209726443
2026-06-13 00:00:00+00:00,FFNN,0.21489795918367346
2026-06-14 00:00:00+00:00,FFNN,0.1877551020408163
2026-06-15 00:00:00+00:00,FFNN,-0.049183673469387755
2026-06-16 00:00:00+00:00,FFNN,0.25397959183673463
2026-06-17 00:00:00+00:00,FFNN,0.03438775510204081
2026-06-18 00:00:00+00:00,FFNN,-0.09999999999999998
2026-06-19 00:00:00+00:00,FFNN,0.06877551020408162
2026-06-20 00:00:00+00:00,FFNN,0.11561224489795917
2026-06-21 00:00:00+00:00,FFNN,-0.006591119333950046
2026-06-22 00:00:00+00:00,FFNN,-0.17287234042553193
2026-06-23 00:00:00+00:00,FFNN,-0.26306660499537465
2026-06-24 00:00:00+00:00,FFNN,0.09192876965772433
2026-06-25 00:00:00+00:00,FFNN,0.0469472710453284
2026-06-26 00:00:00+00:00,FFNN,0.10326086956521739
2026-06-27 00:00:00+00:00,FFNN,-0.04717990230643717
2026-06-28 00:00:00+00:00,FFNN,0.11875578168362629
2026-06-29 00:00:00+00:00,FFNN,0.00786308973172988
2026-06-30 00:00:00+00:00,FFNN,0.07839962997224792
2026-07-01 00:00:00+00:00,FFNN,0.07203977798334875
2026-07-02 00:00:00+00:00,FFNN,-0.155300511758689
2026-07-03 00:00:00+00:00,FFNN,-0.07458371877890842
2026-07-04 00:00:00+00:00,FFNN,0.16565349544072946
2026-07-05 00:00:00+00:00,FFNN,0.2317629179331307
2026-07-06 00:00:00+00:00,FFNN,0.19287696577243296
2026-07-07 00:00:00+00:00,FFNN,0.07944033302497687
2026-07-08 00:00:00+00:00,FFNN,0.1170212765957447
2026-07-09 00:00:00+00:00,FFNN,0.006128584643848289
2026-07-10 00:00:00+00:00,FFNN,0.2402867715078631
2026-07-11 00:00:00+00:00,FFNN,-0.02510098986669384
2026-07-12 00:00:00+00:00,FFNN,0.5127967930928152
2026-07-13 00:00:00+00:00,FFNN,0.24292321924144308
2026-07-14 00:00:00+00:00,FFNN,-0.075177304964539
2026-07-15 00:00:00+00:00,FFNN,0.06641998149861239
2026-07-16 00:00:00+00:00,FFNN,0.04891304347826087
2026-07-17 00:00:00+00:00,FFNN,0.30773678938295657
2026-07-18 00:00:00+00:00,FFNN,0.28424298489053346
2026-07-19 00:00:00+00:00,FFNN,0.025716928769657723
2026-07-20 00:00:00+00:00,FFNN,0.16398396546407648
2026-07-21 00:00:00+00:00,FFNN,0.10657127884434141
2026-07-22 00:00:00+00:00,FFNN,0.15905026210299103
2026-07-23 00:00:00+00:00,FFNN,-0.11489361702127658
2026-07-24 00:00:00+00:00,FFNN,0.2034535923527598
2026-07-25 00:00:00+00:00,FFNN,0.10279833487511564
2026-07-26 00:00:00+00:00,FFNN,0.1103145235892692
2026-07-27 00:00:00+00:00,FFNN,0.18166049953746533
2021-07-30 00:00:00+00:00,COMB,-0.30785931393834126
2021-07-31 00:00:00+00:00,COMB,0.15175857577073382
2021-08-01 00:00:00+00:00,COMB,0.14937038645245332
2021-08-02 00:00:00+00:00,COMB,0.24772036474164133
2021-08-03 00:00:00+00:00,COMB,-0.08464384828862165
2021-08-04 00:00:00+00:00,COMB,0.15945883441258096
2021-08-05 00:00:00+00:00,COMB,0.22132284921369105
2021-08-06 00:00:00+00:00,COMB,0.09909805735430158
2021-08-07 00:00:00+00:00,COMB,0.15067067530064754
2021-08-08 00:00:00+00:00,COMB,-0.13908163265306123
2021-08-09 00:00:00+00:00,COMB,0.00773109243697479
2021-08-10 00:00:00+00:00,COMB,0.1929891956782713
2021-08-11 00:00:00+00:00,COMB,-0.17762304921968786
2021-08-12 00:00:00+00:00,COMB,0.39774309723889556
2021-08-13 00:00:00+00:00,COMB,0.044225690276110445
2021-08-14 00:00:00+00:00,COMB,-0.19779111644657865
2021-08-15 00:00:00+00:00,COMB,-0.16945978391356542
2021-08-16 00:00:00+00:00,COMB,0.018679471788715485
2021-08-17 00:00:00+00:00,COMB,0.21747899159663864
2021-08-18 00:00:00+00:00,COMB,0.0385594237695078
2021-08-19 00:00:00+00:00,COMB,0.31111644657863136
2021-08-20 00:00:00+00:00,COMB,-0.0912845138055222
2021-08-21 00:00:00+00:00,COMB,0.3628811524609844
2021-08-22 00:00:00+00:00,COMB,0.08938775510204082
2021-08-23 00:00:00+00:00,COMB,0.35071428571428565
2021-08-24 00:00:00+00:00,COMB,-0.2020408163265306
2021-08-25 00:00:00+00:00,COMB,0.18622448979591832
2021-08-26 00:00:00+00:00,COMB,0.2774489795918367
2021-08-27 00:00:00+00:00,COMB,-0.02551020408163265
2021-08-28 00:00:00+00:00,COMB,0.02336734693877551
2021-08-29 00:00:00+00:00,COMB,0.2971428571428571
2021-08-30 00:00:00+00:00,COMB,0.01806122448979592
2021-08-31 00:00:00+00:00,COMB,-0.036326530612244896
2021-09-01 00:00:00+00:00,COMB,0.13183673469387752
2021-09-02 00:00:00+00:00,COMB,0.18612244897959182
2021-09-03 00:00:00+00:00,COMB,-0.16704081632653062
2021-09-04 00:00:00+00:00,COMB,0.40234693877551014
2021-09-05 00:00:00+00:00,COMB,0.15979591836734694
2021-09-06 00:00:00+00:00,COMB,0.25255102040816324
2021-09-07 00:00:00+00:00,COMB,-0.2186734693877551
2021-09-08 00:00:00+00:00,COMB,-0.005816326530612244
2021-09-09 00:00:00+00:00,COMB,0.36919235779418147
2021-09-10 00:00:00+00:00,COMB,-0.09845853234910985
2021-09-11 00:00:00+00:00,COMB,0.19865392965696918
2021-09-12 00:00:00+00:00,COMB,0.24142422926617454
2021-09-13 00:00:00+00:00,COMB,-0.09237950499348675
2021-09-14 00:00:00+00:00,COMB,-0.5497177594442032
2021-09-15 00:00:00+00:00,COMB,0.0071692876965772446
2021-09-16 00:00:00+00:00,COMB,-0.1372571692876966
2021-09-17 00:00:00+00:00,COMB,0.1498612395929695
2021-09-18 00:00:00+00:00,COMB,0.1706753006475486
2021-09-19 00:00:00+00:00,COMB,0.14801110083256244
2021-09-20 00:00:00+00:00,COMB,-0.17345050878815912
2021-09-21 00:00:00+00:00,COMB,-0.09782608695652174
2021-09-22 00:00:00+00:00,COMB,-0.21241905642923217
2021-09-23 00:00:00+00:00,COMB,0.3022664199814986
2021-09-24 00:00:00+00:00,COMB,-0.16096207215541167
2021-09-25 00:00:00+00:00,COMB,0.16061517113783536
2021-09-26 00:00:00+00:00,COMB,0.04983811285846439
2021-09-27 00:00:00+00:00,COMB,-0.1179463459759482
2021-09-28 00:00:00+00:00,COMB,0.06637372802960222
2021-09-29 00:00:00+00:00,COMB,0.09840425531914894
2021-09-30 00:00:00+00:00,COMB,-0.30932007400555045
2021-10-01 00:00:00+00:00,COMB,0.2003931544865865
2021-10-02 00:00:00+00:00,COMB,0.15575855689176688
2021-10-03 00:00:00+00:00,COMB,0.1072463768115942
2021-10-04 00:00:00+00:00,COMB,0.08591581868640147
2021-10-05 00:00:00+00:00,COMB,0.12661887141535616
2021-10-06 00:00:00+00:00,COMB,-0.09620721554116558
2021-10-07 00:00:00+00:00,COMB,-0.04440333024976873
2021-10-08 00:00:00+00:00,COMB,0.20432469935245143
2021-10-09 00:00:00+00:00,COMB,0.18717237126117792
2021-10-10 00:00:00+00:00,COMB,0.40709219858156026
2021-10-11 00:00:00+00:00,COMB,-0.11045328399629972
2021-10-12 00:00:00+00:00,COMB,0.23132901634289235
2021-10-13 00:00:00+00:00,COMB,-0.08168642951251645
2021-10-14 00:00:00+00:00,COMB,0.2768115942028985
2021-10-15 00:00:00+00:00,COMB,0.09108849830403946
2021-10-16 00:00:00+00:00,COMB,0.4101526364477336
2021-10-17 00:00:00+00:00,COMB,-0.005666049953746532
2021-10-18 00:00:00+00:00,COMB,0.012257169287696578
2021-10-19 00:00:00+00:00,COMB,0.27351218008017264
2021-10-20 00:00:00+00:00,COMB,-0.274745605920444
2021-10-21 00:00:00+00:00,COMB,-0.19703977798334874
2021-10-22 00:00:00+00:00,COMB,0.4040240518038853
2021-10-23 00:00:00+00:00,COMB,0.2441026827012026
2021-10-24 00:00:00+00:00,COMB,-0.20235892691951896
2021-10-25 00:00:00+00:00,COMB,-0.3294403330249769
2021-10-26 00:00:00+00:00,COMB,0.5056660499537465
2021-10-27 00:00:00+00:00,COMB,0.13091619626574033
2021-10-28 00:00:00+00:00,COMB,0.09313938341293963
2021-10-29 00:00:00+00:00,COMB,-0.05720798957881025
2021-10-30 00:00:00+00:00,COMB,0.1508901432913591
2021-10-31 00:00:00+00:00,COMB,0.10974815458098132
2021-11-01 00:00:00+00:00,COMB,0.12386018237082067
2021-11-02 00:00:00+00:00,COMB,0.1094224924012158
2021-11-03 00:00:00+00:00,COMB,0.2278549717759444
2021-11-04 00:00:00+00:00,COMB,0.048198002605297434
2021-11-05 00:00:00+00:00,COMB,0.3385801128962223
2021-11-06 00:00:00+00:00,COMB,-0.07674772036474165
2021-11-07 00:00:00+00:00,COMB,0.10909683022145027
2021-11-08 00:00:00+00:00,COMB,-0.019973947025618756
2021-11-09 00:00:00+00:00,COMB,0.23860182370820665
2021-11-10 00:00:00+00:00,COMB,-0.08782023447676944
2021-11-11 00:00:00+00:00,COMB,-0.34607034303082934
2021-11-12 00:00:00+00:00,COMB,0.2140816326530612
2021-11-13 00:00:00+00:00,COMB,-0.03224489795918367
2021-11-14 00:00:00+00:00,COMB,-0.13061224489795917
2021-11-15 00:00:00+00:00,COMB,-0.09459183673469387
2021-11-16 00:00:00+00:00,COMB,-0.1270814061054579
2021-11-17 00:00:00+00:00,COMB,-0.20756244218316375
2021-11-18 00:00:00+00:00,COMB,0.39234505087881594
2021-11-19 00:00:00+00:00,COMB,0.0971322849213691
2021-11-20 00:00:00+00:00,COMB,-0.21033765032377427
2021-11-21 00:00:00+00:00,COMB,0.10421189752496743
2021-11-22 00:00:00+00:00,COMB,0.14307425097698653
2021-11-23 00:00:00+00:00,COMB,0.07935301780286583
2021-11-24 00:00:00+00:00,COMB,-0.17661745549283542
2021-11-25 00:00:00+00:00,COMB,-0.049609205384281374
2021-11-26 00:00:00+00:00,COMB,-0.2840859748154581
2021-11-27 00:00:00+00:00,COMB,-0.010095527572731218
2021-11-28 00:00:00+00:00,COMB,0.06784628745115066
2021-11-29 00:00:00+00:00,COMB,-0.061658706035605734
2021-11-30 00:00:00+00:00,COMB,0.06415544941380807
2021-12-01 00:00:00+00:00,COMB,0.19496309161962655
2021-12-02 00:00:00+00:00,COMB,0.2815892314372557
2021-12-03 00:00:00+00:00,COMB,0.36485019539730784
2021-12-04 00:00:00+00:00,COMB,0.09346504559270516
2021-12-05 00:00:00+00:00,COMB,0.0285497177594442
2021-12-06 00:00:00+00:00,COMB,0.09335649153278333
2021-12-07 00:00:00+00:00,COMB,0.08239253148067736
2021-12-08 00:00:00+00:00,COMB,0.17030612244897955
2021-12-09 00:00:00+00:00,COMB,-0.21428571428571427
2021-12-10 00:00:00+00:00,COMB,0.15957446808510636
2021-12-11 00:00:00+00:00,COMB,-0.11561007381676074
2021-12-12 00:00:00+00:00,COMB,0.19693877551020406
2021-12-13 00:00:00+00:00,COMB,-0.04183673469387754
2021-12-14 00:00:00+00:00,COMB,-0.05061224489795918
2021-12-15 00:00:00+00:00,COMB,0.058877551020408155
2021-12-16 00:00:00+00:00,COMB,0.16704081632653062
2021-12-17 00:00:00+00:00,COMB,0.22234693877551018
2021-12-18 00:00:00+00:00,COMB,0.175
2021-12-19 00:00:00+00:00,COMB,0.31010204081632653
2021-12-20 00:00:00+00:00,COMB,-0.2004081632653061
2021-12-21 00:00:00+00:00,COMB,-0.31193877551020405
2021-12-22 00:00:00+00:00,COMB,-0.39540816326530603
2021-12-23 00:00:00+00:00,COMB,0.05010204081632653
2021-12-24 00:00:00+00:00,COMB,-0.13693877551020409
2021-12-25 00:00:00+00:00,COMB,-0.0030612244897959186
2021-12-26 00:00:00+00:00,COMB,-0.04061224489795918
2021-12-27 00:00:00+00:00,COMB,0.15020408163265306
2021-12-28 00:00:00+00:00,COMB,0.11377551020408162
2021-12-29 00:00:00+00:00,COMB,0.005816326530612244
2021-12-30 00:00:00+00:00,COMB,0.23989795918367343
2021-12-31 00:00:00+00:00,COMB,-0.012857142857142857
2022-01-01 00:00:00+00:00,COMB,-0.02357142857142857
2022-01-02 00:00:00+00:00,COMB,0.16010204081632654
2022-01-03 00:00:00+00:00,COMB,-0.21918367346938775
2022-01-04 00:00:00+00:00,COMB,0.25397959183673463
2022-01-05 00:00:00+00:00,COMB,0.27209877811859323
2022-01-06 00:00:00+00:00,COMB,0.11499999999999998
2022-01-07 00:00:00+00:00,COMB,0.007448979591836735
2022-01-08 00:00:00+00:00,COMB,-0.26102040816326527
2022-01-09 00:00:00+00:00,COMB,0.25224489795918364
2022-01-10 00:00:00+00:00,COMB,-0.0064285714285714285
2022-01-11 00:00:00+00:00,COMB,-0.39285714285714285
2022-01-12 00:00:00+00:00,COMB,-0.03959183673469387
2022-01-13 00:00:00+00:00,COMB,0.32816326530612244
2022-01-14 00:00:00+00:00,COMB,-0.09969387755102038
2022-01-15 00:00:00+00:00,COMB,0.1590816326530612
2022-01-16 00:00:00+00:00,COMB,-0.12470588235294117
2022-01-17 00:00:00+00:00,COMB,0.13421368547418966
2022-01-18 00:00:00+00:00,COMB,-0.19798319327731093
2022-01-19 00:00:00+00:00,COMB,-0.08436974789915966
2022-01-20 00:00:00+00:00,COMB,0.27740696278511406
2022-01-21 00:00:00+00:00,COMB,0.1483313325330132
2022-01-22 00:00:00+00:00,COMB,0.2598979591836735
2022-01-23 00:00:00+00:00,COMB,0.2795198079231692
2022-01-24 00:00:00+00:00,COMB,-0.0887875150060024
2022-01-25 00:00:00+00:00,COMB,-0.1183673469387755
2022-01-26 00:00:00+00:00,COMB,0.00955605176870324
2022-01-27 00:00:00+00:00,COMB,-0.2249273692693768
2022-01-28 00:00:00+00:00,COMB,-0.13939975990396156
2022-01-29 00:00:00+00:00,COMB,0.057478991596638655
2022-01-30 00:00:00+00:00,COMB,-0.21459183673469387
2022-01-31 00:00:00+00:00,COMB,0.06948979591836733
2022-02-01 00:00:00+00:00,COMB,0.1989795918367347
2022-02-02 00:00:00+00:00,COMB,0.05775510204081632
2022-02-03 00:00:00+00:00,COMB,0.13785714285714284
2022-02-04 00:00:00+00:00,COMB,0.02173469387755102
2022-02-05 00:00:00+00:00,COMB,-0.3831632653061224
2022-02-06 00:00:00+00:00,COMB,-0.08132653061224489
2022-02-07 00:00:00+00:00,COMB,0.2758163265306122
2022-02-08 00:00:00+00:00,COMB,0.07459183673469387
2022-02-09 00:00:00+00:00,COMB,0.30724489795918364
2022-02-10 00:00:00+00:00,COMB,0.26107251411202775
2022-02-11 00:00:00+00:00,COMB,0.03766825879287885
2022-02-12 00:00:00+00:00,COMB,0.35996526270082496
2022-02-13 00:00:00+00:00,COMB,-0.30601389491967
2022-02-14 00:00:00+00:00,COMB,-0.20885801128962225
2022-02-15 00:00:00+00:00,COMB,0.17596613113330437
2022-02-16 00:00:00+00:00,COMB,0.385258358662614
2022-02-17 00:00:00+00:00,COMB,0.24959183673469384
2022-02-18 00:00:00+00:00,COMB,0.2940816326530612
2022-02-19 00:00:00+00:00,COMB,0.25295918367346937
2022-02-20 00:00:00+00:00,COMB,0.20918367346938774
2022-02-21 00:00:00+00:00,COMB,-0.012346938775510203
2022-02-22 00:00:00+00:00,COMB,0.3686495874945723
2022-02-23 00:00:00+00:00,COMB,0.3547546678245766
2022-02-24 00:00:00+00:00,COMB,-0.48149861239592967
2022-02-25 00:00:00+00:00,COMB,-0.018732654949121186
2022-02-26 00:00:00+00:00,COMB,0.2941103916127043
2022-02-27 00:00:00+00:00,COMB,-0.09811902559358618
2022-02-28 00:00:00+00:00,COMB,0.026703669441874803
2022-03-01 00:00:00+00:00,COMB,0.26722170829478875
2022-03-02 00:00:00+00:00,COMB,0.37465309898242366
2022-03-03 00:00:00+00:00,COMB,-0.021646623496762257
2022-03-04 00:00:00+00:00,COMB,-0.045451742213999384
2022-03-05 00:00:00+00:00,COMB,0.1794017884674684
2022-03-06 00:00:00+00:00,COMB,0.2512719703977799
2022-03-07 00:00:00+00:00,COMB,-0.01757631822386679
2022-03-08 00:00:00+00:00,COMB,-0.28526827012025907
2022-03-09 00:00:00+00:00,COMB,0.15251310514955288
2022-03-10 00:00:00+00:00,COMB,0.37551649707061363
2022-03-11 00:00:00+00:00,COMB,-0.110699969164354
2022-03-12 00:00:00+00:00,COMB,0.16891766882516188
2022-03-13 00:00:00+00:00,COMB,0.08183780450200431
2022-03-14 00:00:00+00:00,COMB,0.04045761511683331
2022-03-15 00:00:00+00:00,COMB,-0.2024668516805427
2022-03-16 00:00:00+00:00,COMB,0.1560900400863398
2022-03-17 00:00:00+00:00,COMB,-0.05951279679309281
2022-03-18 00:00:00+00:00,COMB,-0.12797187708449564
2022-03-19 00:00:00+00:00,COMB,0.6087573234659266
2022-03-20 00:00:00+00:00,COMB,0.00030835646006783845
2022-03-21 00:00:00+00:00,COMB,0.10243601603453592
2022-03-22 00:00:00+00:00,COMB,-0.4476719087264879
2022-03-23 00:00:00+00:00,COMB,-0.09424144310823311
2022-03-24 00:00:00+00:00,COMB,0.14639222941720628
2022-03-25 00:00:00+00:00,COMB,0.3344125809435708
2022-03-26 00:00:00+00:00,COMB,-0.21172525439407958
2022-03-27 00:00:00+00:00,COMB,-0.04417206290471786
2022-03-28 00:00:00+00:00,COMB,-0.07653061224489796
2022-03-29 00:00:00+00:00,COMB,0.043964394268345634
2022-03-30 00:00:00+00:00,COMB,-0.06776133209990749
2022-03-31 00:00:00+00:00,COMB,0.13020351526364476
2022-04-01 00:00:00+00:00,COMB,0.14839339991315675
2022-04-02 00:00:00+00:00,COMB,0.1419887103777681
2022-04-03 00:00:00+00:00,COMB,-0.028908418131359855
2022-04-04 00:00:00+00:00,COMB,-0.15275208140610547
2022-04-05 00:00:00+00:00,COMB,-0.19079555966697503
2022-04-06 00:00:00+00:00,COMB,0.010985198889916744
2022-04-07 00:00:00+00:00,COMB,0.27266419981498613
2022-04-08 00:00:00+00:00,COMB,-0.15411655874190563
2022-04-09 00:00:00+00:00,COMB,0.4067221708294789
2022-04-10 00:00:00+00:00,COMB,0.22918593894542091
2022-04-11 00:00:00+00:00,COMB,0.0031480677377333914
2022-04-12 00:00:00+00:00,COMB,-0.1399167437557817
2022-04-13 00:00:00+00:00,COMB,0.05920444033302498
2022-04-14 00:00:00+00:00,COMB,0.2524967433782023
2022-04-15 00:00:00+00:00,COMB,-0.16858445505861921
2022-04-16 00:00:00+00:00,COMB,0.35777058279370955
2022-04-17 00:00:00+00:00,COMB,0.11308973172987975
2022-04-18 00:00:00+00:00,COMB,-0.1490518038852914
2022-04-19 00:00:00+00:00,COMB,0.16408418131359853
2022-04-20 00:00:00+00:00,COMB,0.22641073080481036
2022-04-21 00:00:00+00:00,COMB,0.026017576318223868
2022-04-22 00:00:00+00:00,COMB,0.2000462534690102
2022-04-23 00:00:00+00:00,COMB,0.050531914893617025
2022-04-24 00:00:00+00:00,COMB,0.2526595744680851
2022-04-25 00:00:00+00:00,COMB,0.2868871415356152
2022-04-26 00:00:00+00:00,COMB,-0.12742830712303424
2022-04-27 00:00:00+00:00,COMB,0.5360932036584379
2022-04-28 00:00:00+00:00,COMB,0.7055966697502313
2022-04-29 00:00:00+00:00,COMB,0.5940101757631823
2022-04-30 00:00:00+00:00,COMB,-0.15853376503237745
2022-05-01 00:00:00+00:00,COMB,0.44287696577243296
2022-05-02 00:00:00+00:00,COMB,0.015263644773358
2022-05-03 00:00:00+00:00,COMB,-0.4355920444033302
2022-05-04 00:00:00+00:00,COMB,0.5652173913043479
2022-05-05 00:00:00+00:00,COMB,0.016304347826086956
2022-05-06 00:00:00+00:00,COMB,0.5793246993524513
2022-05-07 00:00:00+00:00,COMB,0.028214616096207214
2022-05-08 00:00:00+00:00,COMB,0.18085106382978725
2022-05-09 00:00:00+00:00,COMB,0.32701202590194267
2022-05-10 00:00:00+00:00,COMB,0.6240749306197965
2022-05-11 00:00:00+00:00,COMB,0.07874653098982425
2022-05-12 00:00:00+00:00,COMB,-0.07283977420755536
2022-05-13 00:00:00+00:00,COMB,-0.37870027752081414
2022-05-14 00:00:00+00:00,COMB,-0.023556231003039517
2022-05-15 00:00:00+00:00,COMB,0.5577507598784195
2022-05-16 00:00:00+00:00,COMB,-0.27214502822405556
2022-05-17 00:00:00+00:00,COMB,0.23621363438992615
2022-05-18 00:00:00+00:00,COMB,-0.12125488493269647
2022-05-19 00:00:00+00:00,COMB,0.02480527587962652
2022-05-20 00:00:00+00:00,COMB,-0.4377985236647851
2022-05-21 00:00:00+00:00,COMB,0.17118975249674337
2022-05-22 00:00:00+00:00,COMB,0.4250976986539296
2022-05-23 00:00:00+00:00,COMB,-0.11463308727746417
2022-05-24 00:00:00+00:00,COMB,0.09270516717325228
2022-05-25 00:00:00+00:00,COMB,0.36126791141988707
2022-05-26 00:00:00+00:00,COMB,0.5023881893182804
2022-05-27 00:00:00+00:00,COMB,-0.3482414242292662
2022-05-28 00:00:00+00:00,COMB,-0.19523977535889842
2022-05-29 00:00:00+00:00,COMB,-0.21265740338688666
2022-05-30 00:00:00+00:00,COMB,0.1445940078158923
2022-05-31 00:00:00+00:00,COMB,0.6232088580112896
2022-06-01 00:00:00+00:00,COMB,-0.18622954385776497
2022-06-02 00:00:00+00:00,COMB,0.3758141554494138
2022-06-03 00:00:00+00:00,COMB,-0.12646891203398203
2022-06-04 00:00:00+00:00,COMB,0.3645245332175423
2022-06-05 00:00:00+00:00,COMB,-0.3675640468953539
2022-06-06 00:00:00+00:00,COMB,0.5827181936604429
2022-06-07 00:00:00+00:00,COMB,0.28367346938775506
2022-06-08 00:00:00+00:00,COMB,-0.11897959183673468
2022-06-09 00:00:00+00:00,COMB,0.18969387755102038
2022-06-10 00:00:00+00:00,COMB,0.25295918367346937
2022-06-11 00:00:00+00:00,COMB,0.10928571428571428
2022-06-12 00:00:00+00:00,COMB,-0.19724489795918365
2022-06-13 00:00:00+00:00,COMB,-0.15020408163265306
2022-06-14 00:00:00+00:00,COMB,-0.1007142857142857
2022-06-15 00:00:00+00:00,COMB,0.5110684273709484
2022-06-16 00:00:00+00:00,COMB,-0.11279711884753903
2022-06-17 00:00:00+00:00,COMB,0.13767106842737095
2022-06-18 00:00:00+00:00,COMB,-0.11010804321728691
2022-06-19 00:00:00+00:00,COMB,-0.22026410564225687
2022-06-20 00:00:00+00:00,COMB,-0.14122448979591837
2022-06-21 00:00:00+00:00,COMB,0.2506122448979592
2022-06-22 00:00:00+00:00,COMB,-0.42597839135654264
2022-06-23 00:00:00+00:00,COMB,-0.15034813925570228
2022-06-24 00:00:00+00:00,COMB,-0.012629354850095238
2022-06-25 00:00:00+00:00,COMB,0.29997599039615847
2022-06-26 00:00:00+00:00,COMB,-0.05983336936585044
2022-06-27 00:00:00+00:00,COMB,0.07687875150060022
2022-06-28 00:00:00+00:00,COMB,0.14352941176470588
2022-06-29 00:00:00+00:00,COMB,0.16888355342136854
2022-06-30 00:00:00+00:00,COMB,-0.10959463255179791
2022-07-01 00:00:00+00:00,COMB,-0.23273990447242726
2022-07-02 00:00:00+00:00,COMB,0.0936304177075618
2022-07-03 00:00:00+00:00,COMB,-0.46895353886235347
2022-07-04 00:00:00+00:00,COMB,0.04765523230568824
2022-07-05 00:00:00+00:00,COMB,0.06480677377333911
2022-07-06 00:00:00+00:00,COMB,-0.2835432045158489
2022-07-07 00:00:00+00:00,COMB,0.11463308727746417
2022-07-08 00:00:00+00:00,COMB,-0.349987787465715
2022-07-09 00:00:00+00:00,COMB,-0.007490230134607034
2022-07-10 00:00:00+00:00,COMB,0.09834997828918801
2022-07-11 00:00:00+00:00,COMB,0.052974381241858444
2022-07-12 00:00:00+00:00,COMB,-0.0480894485453756
2022-07-13 00:00:00+00:00,COMB,0.16250542770299609
2022-07-14 00:00:00+00:00,COMB,0.10813158244161312
2022-07-15 00:00:00+00:00,COMB,0.25955275727312205
2022-07-16 00:00:00+00:00,COMB,-0.017911419887103774
2022-07-17 00:00:00+00:00,COMB,-0.13786365610073817
2022-07-18 00:00:00+00:00,COMB,-0.29374728614850193
2022-07-19 00:00:00+00:00,COMB,0.28126356925749024
2022-07-20 00:00:00+00:00,COMB,0.41174554928354323
2022-07-21 00:00:00+00:00,COMB,0.13645245332175424
2022-07-22 00:00:00+00:00,COMB,-0.12852800694745983
2022-07-23 00:00:00+00:00,COMB,0.3692183163737281
2022-07-24 00:00:00+00:00,COMB,0.037234042553191495
2022-07-25 00:00:00+00:00,COMB,-0.03480573543015726
2022-07-26 00:00:00+00:00,COMB,0.4631128584643849
2022-07-27 00:00:00+00:00,COMB,0.15379278445883443
2022-07-28 00:00:00+00:00,COMB,0.013297872340425532
2022-07-29 00:00:00+00:00,COMB,-0.3534921369102683
2022-07-30 00:00:00+00:00,COMB,-0.3667900092506939
2022-07-31 00:00:00+00:00,COMB,-0.08660962072155412
2022-08-01 00:00:00+00:00,COMB,0.2778677150786309
2022-08-02 00:00:00+00:00,COMB,0.17321924144310824
2022-08-03 00:00:00+00:00,COMB,0.08314061054579094
2022-08-04 00:00:00+00:00,COMB,-0.08429694727104534
2022-08-05 00:00:00+00:00,COMB,0.005087881591119335
2022-08-06 00:00:00+00:00,COMB,-0.17229417206290473
2022-08-07 00:00:00+00:00,COMB,-0.21938775510204084
2022-08-08 00:00:00+00:00,COMB,-0.07175423360833695
2022-08-09 00:00:00+00:00,COMB,0.14090316977854972
2022-08-10 00:00:00+00:00,COMB,0.2087494572297004
2022-08-11 00:00:00+00:00,COMB,0.15534085974815456
2022-08-12 00:00:00+00:00,COMB,-0.08782023447676944
2022-08-13 00:00:00+00:00,COMB,-0.24099001302648718
2022-08-14 00:00:00+00:00,COMB,0.20028224055579677
2022-08-15 00:00:00+00:00,COMB,-0.06665219279201041
2022-08-16 00:00:00+00:00,COMB,0.24218410768562745
2022-08-17 00:00:00+00:00,COMB,-0.018562744246634823
2022-08-18 00:00:00+00:00,COMB,0.08847155883630047
2022-08-19 00:00:00+00:00,COMB,0.11311333043855841
2022-08-20 00:00:00+00:00,COMB,-0.09642857142857142
2022-08-21 00:00:00+00:00,COMB,-0.03816326530612244
2022-08-22 00:00:00+00:00,COMB,-0.15489795918367347
2022-08-23 00:00:00+00:00,COMB,-0.048571428571428564
2022-08-24 00:00:00+00:00,COMB,0.2765306122448979
2022-08-25 00:00:00+00:00,COMB,0.43785714285714283
2022-08-26 00:00:00+00:00,COMB,-0.18362417571285888
2022-08-27 00:00:00+00:00,COMB,0.02344767694311767
2022-08-28 00:00:00+00:00,COMB,-0.25010855405992183
2022-08-29 00:00:00+00:00,COMB,0.18295918367346936
2022-08-30 00:00:00+00:00,COMB,-0.2636734693877551
2022-08-31 00:00:00+00:00,COMB,-0.09301320528211285
2022-09-01 00:00:00+00:00,COMB,0.10770708283313324
2022-09-02 00:00:00+00:00,COMB,0.17349339735894356
2022-09-03 00:00:00+00:00,COMB,0.1700360144057623
2022-09-04 00:00:00+00:00,COMB,0.161968787515006
2022-09-05 00:00:00+00:00,COMB,0.3696998799519808
2022-09-06 00:00:00+00:00,COMB,-0.10847539015606242
2022-09-07 00:00:00+00:00,COMB,0.2023049219687875
2022-09-08 00:00:00+00:00,COMB,-0.4569987995198079
2022-09-09 00:00:00+00:00,COMB,0.1886674669867947
2022-09-10 00:00:00+00:00,COMB,0.08081632653061224
2022-09-11 00:00:00+00:00,COMB,0.1938535414165666
2022-09-12 00:00:00+00:00,COMB,0.11884753901560624
2022-09-13 00:00:00+00:00,COMB,0.27481392557022805
2022-09-14 00:00:00+00:00,COMB,0.2814405762304922
2022-09-15 00:00:00+00:00,COMB,0.04518607442977191
2022-09-16 00:00:00+00:00,COMB,-0.11001200480192078
2022-09-17 00:00:00+00:00,COMB,0.41570228091236494
2022-09-18 00:00:00+00:00,COMB,-0.17734693877551017
2022-09-19 00:00:00+00:00,COMB,0.250204081632653
2022-09-20 00:00:00+00:00,COMB,0.3489795918367347
2022-09-21 00:00:00+00:00,COMB,0.034591836734693876
2022-09-22 00:00:00+00:00,COMB,0.12989795918367344
2022-09-23 00:00:00+00:00,COMB,0.1573469387755102
2022-09-24 00:00:00+00:00,COMB,0.23653061224489794
2022-09-25 00:00:00+00:00,COMB,-0.035816326530612244
2022-09-26 00:00:00+00:00,COMB,-0.2180612244897959
2022-09-27 00:00:00+00:00,COMB,0.12214285714285714
2022-09-28 00:00:00+00:00,COMB,0.4189795918367346
2022-09-29 00:00:00+00:00,COMB,-0.13387755102040816
2022-09-30 00:00:00+00:00,COMB,0.012244897959183675
2022-10-01 00:00:00+00:00,COMB,0.5051020408163265
2022-10-02 00:00:00+00:00,COMB,-0.03938775510204081
2022-10-03 00:00:00+00:00,COMB,0.05408163265306122
2022-10-04 00:00:00+00:00,COMB,0.10744897959183673
2022-10-05 00:00:00+00:00,COMB,0.10663265306122448
2022-10-06 00:00:00+00:00,COMB,-0.2120408163265306
2022-10-07 00:00:00+00:00,COMB,0.2483673469387755
2022-10-08 00:00:00+00:00,COMB,0.23714285714285713
2022-10-09 00:00:00+00:00,COMB,0.20212765957446807
2022-10-10 00:00:00+00:00,COMB,0.1532783326096396
2022-10-11 00:00:00+00:00,COMB,0.278882948510987
2022-10-12 00:00:00+00:00,COMB,0.3802648719062093
2022-10-13 00:00:00+00:00,COMB,0.15501519756838905
2022-10-14 00:00:00+00:00,COMB,0.19854537559704735
2022-10-15 00:00:00+00:00,COMB,-0.08879722101606599
2022-10-16 00:00:00+00:00,COMB,-0.2286734693877551
2022-10-17 00:00:00+00:00,COMB,0.5046938775510204
2022-10-18 00:00:00+00:00,COMB,0.6090816326530611
2022-10-19 00:00:00+00:00,COMB,-0.16734693877551016
2022-10-20 00:00:00+00:00,COMB,0.004999999999999999
2022-10-21 00:00:00+00:00,COMB,0.30893645256105046
2022-10-22 00:00:00+00:00,COMB,0.05112244897959183
2022-10-23 00:00:00+00:00,COMB,0.29112244897959183
2022-10-24 00:00:00+00:00,COMB,-0.05653061224489796
2022-10-25 00:00:00+00:00,COMB,0.2093877551020408
2022-10-26 00:00:00+00:00,COMB,-0.008877551020408162
2022-10-27 00:00:00+00:00,COMB,0.06734693877551019
2022-10-28 00:00:00+00:00,COMB,0.29959183673469386
2022-10-29 00:00:00+00:00,COMB,-0.07255102040816327
2022-10-30 00:00:00+00:00,COMB,0.16622448979591833
2022-10-31 00:00:00+00:00,COMB,0.19642857142857142
2022-11-01 00:00:00+00:00,COMB,-0.06969387755102041
2022-11-02 00:00:00+00:00,COMB,-0.16510204081632648
2022-11-03 00:00:00+00:00,COMB,0.02030612244897959
2022-11-04 00:00:00+00:00,COMB,0.0734910985670864
2022-11-05 00:00:00+00:00,COMB,0.2602040816326531
2022-11-06 00:00:00+00:00,COMB,0.08204081632653061
2022-11-07 00:00:00+00:00,COMB,0.2010204081632653
2022-11-08 00:00:00+00:00,COMB,0.4603061224489795
2022-11-09 00:00:00+00:00,COMB,-0.2720408163265306
2022-11-10 00:00:00+00:00,COMB,0.31693877551020405
2022-11-11 00:00:00+00:00,COMB,0.22408163265306122
2022-11-12 00:00:00+00:00,COMB,-0.11255102040816324
2022-11-13 00:00:00+00:00,COMB,-0.08663265306122449
2022-11-14 00:00:00+00:00,COMB,0.0006122448979591836
2022-11-15 00:00:00+00:00,COMB,0.016283108988276163
2022-11-16 00:00:00+00:00,COMB,-0.05357142857142857
2022-11-17 00:00:00+00:00,COMB,0.21826530612244896
2022-11-18 00:00:00+00:00,COMB,0.1355840208423795
2022-11-19 00:00:00+00:00,COMB,0.08923143725575336
2022-11-20 00:00:00+00:00,COMB,-0.0285497177594442
2022-11-21 00:00:00+00:00,COMB,-0.28484585323491096
2022-11-22 00:00:00+00:00,COMB,0.11300477637863655
2022-11-23 00:00:00+00:00,COMB,0.19973947025618757
2022-11-24 00:00:00+00:00,COMB,-0.205601389491967
2022-11-25 00:00:00+00:00,COMB,0.02941894863623101
2022-11-26 00:00:00+00:00,COMB,-0.10225792444637428
2022-11-27 00:00:00+00:00,COMB,0.0007598784194528875
2022-11-28 00:00:00+00:00,COMB,0.2676943117672601
2022-11-29 00:00:00+00:00,COMB,-0.17032132001736863
2022-11-30 00:00:00+00:00,COMB,0.05026052974381242
2022-12-01 00:00:00+00:00,COMB,-0.11799826313504125
2022-12-02 00:00:00+00:00,COMB,0.35497177594442025
2022-12-03 00:00:00+00:00,COMB,-0.1062744246634824
2022-12-04 00:00:00+00:00,COMB,-0.0954758868102036
2022-12-05 00:00:00+00:00,COMB,-0.10193226226660877
2022-12-06 00:00:00+00:00,COMB,0.396873643074251
2022-12-07 00:00:00+00:00,COMB,0.2429463459759482
2022-12-08 00:00:00+00:00,COMB,0.187147199305254
2022-12-09 00:00:00+00:00,COMB,0.10377768128528006
2022-12-10 00:00:00+00:00,COMB,0.42998263135041254
2022-12-11 00:00:00+00:00,COMB,0.09902818107417254
2022-12-12 00:00:00+00:00,COMB,0.15240990013026484
2022-12-13 00:00:00+00:00,COMB,0.15284411636995224
2022-12-14 00:00:00+00:00,COMB,-0.09313938341293963
2022-12-15 00:00:00+00:00,COMB,0.6329787234042553
2022-12-16 00:00:00+00:00,COMB,-0.2681285280069475
2022-12-17 00:00:00+00:00,COMB,0.28712548849326963
2022-12-18 00:00:00+00:00,COMB,0.5092270950933565
2022-12-19 00:00:00+00:00,COMB,-0.31643508467216674
2022-12-20 00:00:00+00:00,COMB,0.5091185410334347
2022-12-21 00:00:00+00:00,COMB,0.003690838037342596
2022-12-22 00:00:00+00:00,COMB,0.06437255753365176
2022-12-23 00:00:00+00:00,COMB,0.3353234910985671
2022-12-24 00:00:00+00:00,COMB,0.4360004368328496
2022-12-25 00:00:00+00:00,COMB,0.061767260095527576
2022-12-26 00:00:00+00:00,COMB,-0.06904038211029093
2022-12-27 00:00:00+00:00,COMB,0.5326747720364742
2022-12-28 00:00:00+00:00,COMB,0.08847155883630047
2022-12-29 00:00:00+00:00,COMB,0.21634824142422926
2022-12-30 00:00:00+00:00,COMB,-0.2555362570560139
2022-12-31 00:00:00+00:00,COMB,-0.25825010855405994
2023-01-01 00:00:00+00:00,COMB,-0.3940512375162831
2023-01-02 00:00:00+00:00,COMB,-0.023339122883195833
2023-01-03 00:00:00+00:00,COMB,0.07305688232739904
2023-01-04 00:00:00+00:00,COMB,0.010855700603775281
2023-01-05 00:00:00+00:00,COMB,0.14253148067737734
2023-01-06 00:00:00+00:00,COMB,0.007490230134607034
2023-01-07 00:00:00+00:00,COMB,-0.11854103343465046
2023-01-08 00:00:00+00:00,COMB,-0.41630481980026046
2023-01-09 00:00:00+00:00,COMB,-0.016391663048198005
2023-01-10 00:00:00+00:00,COMB,0.3747286148501954
2023-01-11 00:00:00+00:00,COMB,0.013413506012950974
2023-01-12 00:00:00+00:00,COMB,-0.1559898242368178
2023-01-13 00:00:00+00:00,COMB,-0.08183673469387753
2023-01-14 00:00:00+00:00,COMB,0.06719496309161962
2023-01-15 00:00:00+00:00,COMB,0.2087494572297004
2023-01-16 00:00:00+00:00,COMB,0.027551020408163266
2023-01-17 00:00:00+00:00,COMB,0.01983193277310924
2023-01-18 00:00:00+00:00,COMB,-0.06641056422569028
2023-01-19 00:00:00+00:00,COMB,0.3072749099639856
2023-01-20 00:00:00+00:00,COMB,0.017334933973589435
2023-01-21 00:00:00+00:00,COMB,-0.1497719087635054
2023-01-22 00:00:00+00:00,COMB,-0.052100840336134456
2023-01-23 00:00:00+00:00,COMB,0.003673469387755102
2023-01-24 00:00:00+00:00,COMB,0.3009118541033434
2023-01-25 00:00:00+00:00,COMB,-0.03148067737733391
2023-01-26 00:00:00+00:00,COMB,0.2476118106817195
2023-01-27 00:00:00+00:00,COMB,-0.3062310030395137
2023-01-28 00:00:00+00:00,COMB,0.10746851932262266
2023-01-29 00:00:00+00:00,COMB,-0.04342162396873643
2023-01-30 00:00:00+00:00,COMB,-0.3558402084237951
2023-01-31 00:00:00+00:00,COMB,0.20690403821102907
2023-02-01 00:00:00+00:00,COMB,0.15132435953104645
2023-02-02 00:00:00+00:00,COMB,-0.030178028658271818
2023-02-03 00:00:00+00:00,COMB,0.037993920972644375
2023-02-04 00:00:00+00:00,COMB,0.3220798957881025
2023-02-05 00:00:00+00:00,COMB,-0.10183673469387754
2023-02-06 00:00:00+00:00,COMB,0.14785714285714285
2023-02-07 00:00:00+00:00,COMB,0.21673469387755098
2023-02-08 00:00:00+00:00,COMB,0.043163265306122446
2023-02-09 00:00:00+00:00,COMB,-0.020102040816326525
2023-02-10 00:00:00+00:00,COMB,0.004693877551020408
2023-02-11 00:00:00+00:00,COMB,0.19040816326530613
2023-02-12 00:00:00+00:00,COMB,0.17020408163265308
2023-02-13 00:00:00+00:00,COMB,-0.04408163265306122
2023-02-14 00:00:00+00:00,COMB,-0.25724489795918365
2023-02-15 00:00:00+00:00,COMB,0.09081632653061222
2023-02-16 00:00:00+00:00,COMB,-0.0757142857142857
2023-02-17 00:00:00+00:00,COMB,-0.2064285714285714
2023-02-18 00:00:00+00:00,COMB,0.07673469387755101
2023-02-19 00:00:00+00:00,COMB,-0.12724489795918367
2023-02-20 00:00:00+00:00,COMB,-0.24642857142857144
2023-02-21 00:00:00+00:00,COMB,-0.3343877551020408
2023-02-22 00:00:00+00:00,COMB,0.11204081632653061
2023-02-23 00:00:00+00:00,COMB,0.0006122448979591836
2023-02-24 00:00:00+00:00,COMB,-0.061326530612244884
2023-02-25 00:00:00+00:00,COMB,-0.1043877551020408
2023-02-26 00:00:00+00:00,COMB,0.07091836734693877
2023-02-27 00:00:00+00:00,COMB,0.3143877551020408
2023-02-28 00:00:00+00:00,COMB,-0.3823469387755102
2023-03-01 00:00:00+00:00,COMB,0.5265306122448979
2023-03-02 00:00:00+00:00,COMB,0.33005944039924606
2023-03-03 00:00:00+00:00,COMB,0.5435714285714285
2023-03-04 00:00:00+00:00,COMB,0.004693877551020408
2023-03-05 00:00:00+00:00,COMB,-0.29663265306122444
2023-03-06 00:00:00+00:00,COMB,0.3473469387755101
2023-03-07 00:00:00+00:00,COMB,0.5710204081632653
2023-03-08 00:00:00+00:00,COMB,-0.13693877551020409
2023-03-09 00:00:00+00:00,COMB,0.08397959183673467
2023-03-10 00:00:00+00:00,COMB,0.5063265306122449
2023-03-11 00:00:00+00:00,COMB,-0.683673469387755
2023-03-12 00:00:00+00:00,COMB,-0.253109243697479
2023-03-13 00:00:00+00:00,COMB,-0.6985354141656662
2023-03-14 00:00:00+00:00,COMB,0.3103481392557023
2023-03-15 00:00:00+00:00,COMB,-0.1249939975990396
2023-03-16 00:00:00+00:00,COMB,-0.20691476590636257
2023-03-17 00:00:00+00:00,COMB,0.08120048019207683
2023-03-18 00:00:00+00:00,COMB,0.15418967587034815
2023-03-19 00:00:00+00:00,COMB,0.36489795918367346
2023-03-20 00:00:00+00:00,COMB,0.041440576230492195
2023-03-21 00:00:00+00:00,COMB,-0.07034813925570228
2023-03-22 00:00:00+00:00,COMB,0.3406002400960384
2023-03-23 00:00:00+00:00,COMB,0.39409363745498194
2023-03-24 00:00:00+00:00,COMB,0.2900840336134453
2023-03-25 00:00:00+00:00,COMB,-0.2849939975990396
2023-03-26 00:00:00+00:00,COMB,0.4611224489795918
2023-03-27 00:00:00+00:00,COMB,-0.29387755102040813
2023-03-28 00:00:00+00:00,COMB,-0.16857142857142854
2023-03-29 00:00:00+00:00,COMB,0.33479591836734685
2023-03-30 00:00:00+00:00,COMB,0.13124185844550587
2023-03-31 00:00:00+00:00,COMB,0.2420755536257056
2023-04-01 00:00:00+00:00,COMB,0.3133955709943552
2023-04-02 00:00:00+00:00,COMB,0.3364090316977855
2023-04-03 00:00:00+00:00,COMB,-0.11897524967433781
2023-04-04 00:00:00+00:00,COMB,-0.08847155883630047
2023-04-05 00:00:00+00:00,COMB,0.22818063395570992
2023-04-06 00:00:00+00:00,COMB,0.3181719496309162
2023-04-07 00:00:00+00:00,COMB,0.23349978289188014
2023-04-08 00:00:00+00:00,COMB,-0.14611376465479808
2023-04-09 00:00:00+00:00,COMB,-0.19029526704298738
2023-04-10 00:00:00+00:00,COMB,0.1910551454624403
2023-04-11 00:00:00+00:00,COMB,0.3249023013460703
2023-04-12 00:00:00+00:00,COMB,0.36474164133738596
2023-04-13 00:00:00+00:00,COMB,-0.184433347807208
2023-04-14 00:00:00+00:00,COMB,0.4425749023013461
2023-04-15 00:00:00+00:00,COMB,0.2960269214068606
2023-04-16 00:00:00+00:00,COMB,0.2096178897090751
2023-04-17 00:00:00+00:00,COMB,0.3036257056013895
2023-04-18 00:00:00+00:00,COMB,0.23621363438992615
2023-04-19 00:00:00+00:00,COMB,0.1606600086843248
2023-04-20 00:00:00+00:00,COMB,0.3204515848892749
2023-04-21 00:00:00+00:00,COMB,-0.38135985198889916
2023-04-22 00:00:00+00:00,COMB,0.5949429540548874
2023-04-23 00:00:00+00:00,COMB,-0.18556891766882516
2023-04-24 00:00:00+00:00,COMB,-0.24613012642614862
2023-04-25 00:00:00+00:00,COMB,0.1679309281529448
2023-04-26 00:00:00+00:00,COMB,-0.04705519580635214
2023-04-27 00:00:00+00:00,COMB,0.272032069071847
2023-04-28 00:00:00+00:00,COMB,0.17607153869873574
2023-04-29 00:00:00+00:00,COMB,0.26537156953438173
2023-04-30 00:00:00+00:00,COMB,0.43114400246685164
2023-05-01 00:00:00+00:00,COMB,0.09817298797409806
2023-05-02 00:00:00+00:00,COMB,-0.16709065679925994
2023-05-03 00:00:00+00:00,COMB,0.3154486586493987
2023-05-04 00:00:00+00:00,COMB,0.16327474560592048
2023-05-05 00:00:00+00:00,COMB,0.5916975023126735
2023-05-06 00:00:00+00:00,COMB,0.1610777058279371
2023-05-07 00:00:00+00:00,COMB,0.4601063829787234
2023-05-08 00:00:00+00:00,COMB,-0.040519288310608984
2023-05-09 00:00:00+00:00,COMB,-0.17607153869873574
2023-05-10 00:00:00+00:00,COMB,0.7968547641073079
2023-05-11 00:00:00+00:00,COMB,-0.20678384212149248
2023-05-12 00:00:00+00:00,COMB,0.19111933395004627
2023-05-13 00:00:00+00:00,COMB,-0.46099290780141844
2023-05-14 00:00:00+00:00,COMB,-0.11428042806629898
2023-05-15 00:00:00+00:00,COMB,-0.11120705691224682
2023-05-16 00:00:00+00:00,COMB,-0.15868023435090964
2023-05-17 00:00:00+00:00,COMB,0.23737280296022198
2023-05-18 00:00:00+00:00,COMB,0.13014946089680154
2023-05-19 00:00:00+00:00,COMB,0.10245143385753931
2023-05-20 00:00:00+00:00,COMB,0.5469472710453284
2023-05-21 00:00:00+00:00,COMB,0.20432469935245143
2023-05-22 00:00:00+00:00,COMB,-0.11158649398704902
2023-05-23 00:00:00+00:00,COMB,0.29787234042553196
2023-05-24 00:00:00+00:00,COMB,0.00393154486586494
2023-05-25 00:00:00+00:00,COMB,-0.13710377768128526
2023-05-26 00:00:00+00:00,COMB,0.18323925314806774
2023-05-27 00:00:00+00:00,COMB,-0.11398176291793313
2023-05-28 00:00:00+00:00,COMB,0.021739130434782608
2023-05-29 00:00:00+00:00,COMB,0.15506475485661422
2023-05-30 00:00:00+00:00,COMB,0.5541165587419057
2023-05-31 00:00:00+00:00,COMB,-0.18732654949121186
2023-06-01 00:00:00+00:00,COMB,0.19403330249768735
2023-06-02 00:00:00+00:00,COMB,0.3604687018193031
2023-06-03 00:00:00+00:00,COMB,0.09380203515263645
2023-06-04 00:00:00+00:00,COMB,0.7224806201550388
2023-06-05 00:00:00+00:00,COMB,-0.40690627202255103
2023-06-06 00:00:00+00:00,COMB,0.3006342494714587
2023-06-07 00:00:00+00:00,COMB,0.13883016208597604
2023-06-08 00:00:00+00:00,COMB,0.10655391120507399
2023-06-09 00:00:00+00:00,COMB,0.34799154334038057
2023-06-10 00:00:00+00:00,COMB,0.04989429175475687
2023-06-11 00:00:00+00:00,COMB,-0.15032938076416336
2023-06-12 00:00:00+00:00,COMB,0.03820816864295125
2023-06-13 00:00:00+00:00,COMB,0.09837914023960535
2023-06-14 00:00:00+00:00,COMB,-0.36982872200263506
2023-06-15 00:00:00+00:00,COMB,-0.0836627140974967
2023-06-16 00:00:00+00:00,COMB,0.1287220026350461
2023-06-17 00:00:00+00:00,COMB,0.3167325428194993
2023-06-18 00:00:00+00:00,COMB,-0.14361001317523056
2023-06-19 00:00:00+00:00,COMB,-0.32147562582345185
2023-06-20 00:00:00+00:00,COMB,-0.24107308048103607
2023-06-21 00:00:00+00:00,COMB,0.14488899167437558
2023-06-22 00:00:00+00:00,COMB,0.26167900092506935
2023-06-23 00:00:00+00:00,COMB,0.018563058896083874
2023-06-24 00:00:00+00:00,COMB,0.18026518655565835
2023-06-25 00:00:00+00:00,COMB,0.2314523589269195
2023-06-26 00:00:00+00:00,COMB,0.06822386679000925
2023-06-27 00:00:00+00:00,COMB,0.34077243293246995
2023-06-28 00:00:00+00:00,COMB,0.018501387604070305
2023-06-29 00:00:00+00:00,COMB,0.20467160037002777
2023-06-30 00:00:00+00:00,COMB,0.12407493061979649
2023-07-01 00:00:00+00:00,COMB,0.2895467160037003
2023-07-02 00:00:00+00:00,COMB,0.011100832562442183
2023-07-03 00:00:00+00:00,COMB,0.4047178538390379
2023-07-04 00:00:00+00:00,COMB,0.19067992599444958
2023-07-05 00:00:00+00:00,COMB,-0.05261332099907493
2023-07-06 00:00:00+00:00,COMB,-0.016882516188714156
2023-07-07 00:00:00+00:00,COMB,0.36574930619796486
2023-07-08 00:00:00+00:00,COMB,0.14396392229417207
2023-07-09 00:00:00+00:00,COMB,0.21253469010175763
2023-07-10 00:00:00+00:00,COMB,0.1733348751156337
2023-07-11 00:00:00+00:00,COMB,0.018617021276595747
2023-07-12 00:00:00+00:00,COMB,0.470513413506013
2023-07-13 00:00:00+00:00,COMB,0.15853376503237745
2023-07-14 00:00:00+00:00,COMB,0.11401480111008326
2023-07-15 00:00:00+00:00,COMB,-0.2112627197039778
2023-07-16 00:00:00+00:00,COMB,0.24502775208140612
2023-07-17 00:00:00+00:00,COMB,0.051341350601295105
2023-07-18 00:00:00+00:00,COMB,-0.0026595744680851063
2023-07-19 00:00:00+00:00,COMB,0.2870688908718879
2023-07-20 00:00:00+00:00,COMB,0.060129509713228495
2023-07-21 00:00:00+00:00,COMB,0.16824699352451436
2023-07-22 00:00:00+00:00,COMB,0.13216928769657724
2023-07-23 00:00:00+00:00,COMB,0.42518501387604074
2023-07-24 00:00:00+00:00,COMB,0.06822386679000925
2023-07-25 00:00:00+00:00,COMB,0.009944495837187789
2023-07-26 00:00:00+00:00,COMB,-0.05700740055504163
2023-07-27 00:00:00+00:00,COMB,-0.13330438558402083
2023-07-28 00:00:00+00:00,COMB,0.11944958371877891
2023-07-29 00:00:00+00:00,COMB,0.20074005550416285
2023-07-30 00:00:00+00:00,COMB,0.047525439407955596
2023-07-31 00:00:00+00:00,COMB,0.24653098982423685
2023-08-01 00:00:00+00:00,COMB,0.14926183239253146
2023-08-02 00:00:00+00:00,COMB,0.10073816760746852
2023-08-03 00:00:00+00:00,COMB,0.25030612244897954
2023-08-04 00:00:00+00:00,COMB,0.2654081632653061
2023-08-05 00:00:00+00:00,COMB,-0.03301104621090002
2023-08-06 00:00:00+00:00,COMB,0.40428571428571425
2023-08-07 00:00:00+00:00,COMB,0.1785759841393355
2023-08-08 00:00:00+00:00,COMB,-0.09872700837417549
2023-08-09 00:00:00+00:00,COMB,0.26224489795918365
2023-08-10 00:00:00+00:00,COMB,-0.03438257822307297
2023-08-11 00:00:00+00:00,COMB,0.2976710684273709
2023-08-12 00:00:00+00:00,COMB,-0.019639855942376952
2023-08-13 00:00:00+00:00,COMB,-0.054981992797118844
2023-08-14 00:00:00+00:00,COMB,0.5120288115246098
2023-08-15 00:00:00+00:00,COMB,0.02127250900360144
2023-08-16 00:00:00+00:00,COMB,0.1636014405762305
2023-08-17 00:00:00+00:00,COMB,-0.17224489795918363
2023-08-18 00:00:00+00:00,COMB,-0.049591836734693875
2023-08-19 00:00:00+00:00,COMB,0.3229591836734694
2023-08-20 00:00:00+00:00,COMB,0.28826530612244894
2023-08-21 00:00:00+00:00,COMB,0.08877551020408163
2023-08-22 00:00:00+00:00,COMB,0.08255102040816324
2023-08-23 00:00:00+00:00,COMB,0.4364958749457229
2023-08-24 00:00:00+00:00,COMB,0.2629179331306991
2023-08-25 00:00:00+00:00,COMB,-0.0679548415110725
2023-08-26 00:00:00+00:00,COMB,-0.006296135475466783
2023-08-27 00:00:00+00:00,COMB,0.30677377333912287
2023-08-28 00:00:00+00:00,COMB,0.008467216673903604
2023-08-29 00:00:00+00:00,COMB,-0.004342162396873643
2023-08-30 00:00:00+00:00,COMB,0.14763352149370387
2023-08-31 00:00:00+00:00,COMB,0.2154798089448545
2023-09-01 00:00:00+00:00,COMB,0.15675631671851506
2023-09-02 00:00:00+00:00,COMB,0.045592705167173245
2023-09-03 00:00:00+00:00,COMB,0.10898827616152842
2023-09-04 00:00:00+00:00,COMB,-0.007381676074685192
2023-09-05 00:00:00+00:00,COMB,0.1905123751628311
2023-09-06 00:00:00+00:00,COMB,0.26367781155015196
2023-09-07 00:00:00+00:00,COMB,0.21239178231286338
2023-09-08 00:00:00+00:00,COMB,-0.02594512444302292
2023-09-09 00:00:00+00:00,COMB,0.17053842813721234
2023-09-10 00:00:00+00:00,COMB,0.4738384715588363
2023-09-11 00:00:00+00:00,COMB,0.03718077456793034
2023-09-12 00:00:00+00:00,COMB,0.07642205818497612
2023-09-13 00:00:00+00:00,COMB,-0.012809379070777246
2023-09-14 00:00:00+00:00,COMB,-0.031020659882824545
2023-09-15 00:00:00+00:00,COMB,0.25143385753931546
2023-09-16 00:00:00+00:00,COMB,0.44643848288621646
2023-09-17 00:00:00+00:00,COMB,0.02744372494603762
2023-09-18 00:00:00+00:00,COMB,-0.3265494912118409
2023-09-19 00:00:00+00:00,COMB,-0.15905026210299103
2023-09-20 00:00:00+00:00,COMB,0.26685168054270736
2023-09-21 00:00:00+00:00,COMB,-0.3000678490727015
2023-09-22 00:00:00+00:00,COMB,0.3245760098674067
2023-09-23 00:00:00+00:00,COMB,0.30114091890225103
2023-09-24 00:00:00+00:00,COMB,-0.08405797101449275
2023-09-25 00:00:00+00:00,COMB,-0.1501695960530373
2023-09-26 00:00:00+00:00,COMB,0.15085263197526566
2023-09-27 00:00:00+00:00,COMB,0.11723712611779216
2023-09-28 00:00:00+00:00,COMB,0.025716928769657723
2023-09-29 00:00:00+00:00,COMB,0.21640456367560898
2023-09-30 00:00:00+00:00,COMB,0.07949429540548875
2023-10-01 00:00:00+00:00,COMB,0.13290163428923837
2023-10-02 00:00:00+00:00,COMB,0.38876040703052733
2023-10-03 00:00:00+00:00,COMB,0.13193802035152638
2023-10-04 00:00:00+00:00,COMB,0.188945420906568
2023-10-05 00:00:00+00:00,COMB,-0.07331174838112858
2023-10-06 00:00:00+00:00,COMB,0.23657837132343384
2023-10-07 00:00:00+00:00,COMB,0.22096823928461298
2023-10-08 00:00:00+00:00,COMB,0.26278137526981193
2023-10-09 00:00:00+00:00,COMB,0.075177304964539
2023-10-10 00:00:00+00:00,COMB,0.04125809435707678
2023-10-11 00:00:00+00:00,COMB,-0.03780450200431699
2023-10-12 00:00:00+00:00,COMB,0.2379895158803577
2023-10-13 00:00:00+00:00,COMB,0.0919518963922294
2023-10-14 00:00:00+00:00,COMB,-0.20376823223478244
2023-10-15 00:00:00+00:00,COMB,0.17126117792167747
2023-10-16 00:00:00+00:00,COMB,0.33996299722479184
2023-10-17 00:00:00+00:00,COMB,0.3011100832562442
2023-10-18 00:00:00+00:00,COMB,0.4831174838112859
2023-10-19 00:00:00+00:00,COMB,-0.18848288621646622
2023-10-20 00:00:00+00:00,COMB,0.10996762257169289
2023-10-21 00:00:00+00:00,COMB,-0.3211147086031452
2023-10-22 00:00:00+00:00,COMB,0.17323465926611162
2023-10-23 00:00:00+00:00,COMB,-0.14412580943570769
2023-10-24 00:00:00+00:00,COMB,-0.27312201476335213
2023-10-25 00:00:00+00:00,COMB,-0.030178028658271818
2023-10-26 00:00:00+00:00,COMB,0.47481545809813286
2023-10-27 00:00:00+00:00,COMB,-0.0740338688666956
2023-10-28 00:00:00+00:00,COMB,0.2930959617889709
2023-10-29 00:00:00+00:00,COMB,-0.2548849326964829
2023-10-30 00:00:00+00:00,COMB,0.2116804168475901
2023-10-31 00:00:00+00:00,COMB,0.48729917498914455
2023-11-01 00:00:00+00:00,COMB,0.3171949630916196
2023-11-02 00:00:00+00:00,COMB,0.10095527572731221
2023-11-03 00:00:00+00:00,COMB,-0.07305688232739904
2023-11-04 00:00:00+00:00,COMB,0.3996960486322188
2023-11-05 00:00:00+00:00,COMB,0.12858577365171822
2023-11-06 00:00:00+00:00,COMB,0.039730785931393835
2023-11-07 00:00:00+00:00,COMB,-0.061224489795918366
2023-11-08 00:00:00+00:00,COMB,0.3737516283108988
2023-11-09 00:00:00+00:00,COMB,0.16532783326096398
2023-11-10 00:00:00+00:00,COMB,0.30296022201665124
2023-11-11 00:00:00+00:00,COMB,0.22294172062904719
2023-11-12 00:00:00+00:00,COMB,0.12765957446808512
2023-11-13 00:00:00+00:00,COMB,0.08445505861919235
2023-11-14 00:00:00+00:00,COMB,0.0784845853234911
2023-11-15 00:00:00+00:00,COMB,0.37299174989144596
2023-11-16 00:00:00+00:00,COMB,0.09313938341293963
2023-11-17 00:00:00+00:00,COMB,0.05199739470256187
2023-11-18 00:00:00+00:00,COMB,0.04591836734693878
2023-11-19 00:00:00+00:00,COMB,0.26910551454624404
2023-11-20 00:00:00+00:00,COMB,0.09107685627442465
2023-11-21 00:00:00+00:00,COMB,-0.23979591836734696
2023-11-22 00:00:00+00:00,COMB,-0.028658271819366043
2023-11-23 00:00:00+00:00,COMB,0.06904038211029093
2023-11-24 00:00:00+00:00,COMB,-0.11311333043855841
2023-11-25 00:00:00+00:00,COMB,0.24891445940078155
2023-11-26 00:00:00+00:00,COMB,0.06534954407294832
2023-11-27 00:00:00+00:00,COMB,0.029743812418584453
2023-11-28 00:00:00+00:00,COMB,0.13037342596613113
2023-11-29 00:00:00+00:00,COMB,0.004233608336951802
2023-11-30 00:00:00+00:00,COMB,0.16535615171137835
2023-12-01 00:00:00+00:00,COMB,-0.14118871415356152
2023-12-02 00:00:00+00:00,COMB,0.14650786308973174
2023-12-03 00:00:00+00:00,COMB,-0.004008633980881899
2023-12-04 00:00:00+00:00,COMB,0.22639531298180696
2023-12-05 00:00:00+00:00,COMB,0.4669133518347209
2023-12-06 00:00:00+00:00,COMB,0.4058587727412889
2023-12-07 00:00:00+00:00,COMB,0.22529644268774704
2023-12-08 00:00:00+00:00,COMB,0.22674571805006585
2023-12-09 00:00:00+00:00,COMB,0.03636363636363636
2023-12-10 00:00:00+00:00,COMB,0.2247694334650856
2023-12-11 00:00:00+00:00,COMB,0.14729907773386033
2023-12-12 00:00:00+00:00,COMB,0.19538866930171273
2023-12-13 00:00:00+00:00,COMB,-0.38129117259552037
2023-12-14 00:00:00+00:00,COMB,0.14630021141649047
2023-12-15 00:00:00+00:00,COMB,-0.04580690627202255
2023-12-16 00:00:00+00:00,COMB,0.11388301620859761
2023-12-17 00:00:00+00:00,COMB,0.2522903453136011
2023-12-18 00:00:00+00:00,COMB,0.13572938689217756
2023-12-19 00:00:00+00:00,COMB,0.08155467720685111
2023-12-20 00:00:00+00:00,COMB,0.023583662714097495
2023-12-21 00:00:00+00:00,COMB,0.12365094048720321
2023-12-22 00:00:00+00:00,COMB,0.25488744989207524
2023-12-23 00:00:00+00:00,COMB,0.2168979340117175
2023-12-24 00:00:00+00:00,COMB,0.04216073781291173
2023-12-25 00:00:00+00:00,COMB,0.05942028985507245
2023-12-26 00:00:00+00:00,COMB,0.27101449275362316
2023-12-27 00:00:00+00:00,COMB,0.2577075098814229
2023-12-28 00:00:00+00:00,COMB,0.10724637681159419
2023-12-29 00:00:00+00:00,COMB,-0.03794466403162055
2023-12-30 00:00:00+00:00,COMB,0.3960474308300394
2023-12-31 00:00:00+00:00,COMB,0.027404479578392617
2024-01-01 00:00:00+00:00,COMB,0.15718050065876152
2024-01-02 00:00:00+00:00,COMB,0.08761528326745717
2024-01-03 00:00:00+00:00,COMB,-0.004216073781291172
2024-01-04 00:00:00+00:00,COMB,0.41510946654332403
2024-01-05 00:00:00+00:00,COMB,0.36258234519104077
2024-01-06 00:00:00+00:00,COMB,0.35256916996047427
2024-01-07 00:00:00+00:00,COMB,-0.07562582345191039
2024-01-08 00:00:00+00:00,COMB,0.5279679309281529
2024-01-09 00:00:00+00:00,COMB,0.027009222661396572
2024-01-10 00:00:00+00:00,COMB,0.1734813444341659
2024-01-11 00:00:00+00:00,COMB,0.0699969164353993
2024-01-12 00:00:00+00:00,COMB,0.02917052112241751
2024-01-13 00:00:00+00:00,COMB,0.1069828722002635
2024-01-14 00:00:00+00:00,COMB,0.01804087385482734
2024-01-15 00:00:00+00:00,COMB,-0.07554615926708949
2024-01-16 00:00:00+00:00,COMB,0.18421423537702605
2024-01-17 00:00:00+00:00,COMB,0.5007550588945938
2024-01-18 00:00:00+00:00,COMB,0.18906674720628208
2024-01-19 00:00:00+00:00,COMB,0.11703412866203565
2024-01-20 00:00:00+00:00,COMB,0.4420114768951979
2024-01-21 00:00:00+00:00,COMB,0.34732709151313806
2024-01-22 00:00:00+00:00,COMB,-0.03035336756266989
2024-01-23 00:00:00+00:00,COMB,-0.35714285714285715
2024-01-24 00:00:00+00:00,COMB,0.31742675928722436
2024-01-25 00:00:00+00:00,COMB,-0.42932648746602237
2024-01-26 00:00:00+00:00,COMB,-0.1383267894895802
2024-01-27 00:00:00+00:00,COMB,0.3684687405617639
2024-01-28 00:00:00+00:00,COMB,-0.13666565992147386
2024-01-29 00:00:00+00:00,COMB,0.032840028188865396
2024-01-30 00:00:00+00:00,COMB,0.2790697674418604
2024-01-31 00:00:00+00:00,COMB,0.33446088794926
2024-02-01 00:00:00+00:00,COMB,0.14479578392621867
2024-02-02 00:00:00+00:00,COMB,0.2509881422924901
2024-02-03 00:00:00+00:00,COMB,0.19859055673009157
2024-02-04 00:00:00+00:00,COMB,-0.2346723044397463
2024-02-05 00:00:00+00:00,COMB,0.2765480895915678
2024-02-06 00:00:00+00:00,COMB,-0.21225296442687747
2024-02-07 00:00:00+00:00,COMB,0.1638998682476943
2024-02-08 00:00:00+00:00,COMB,-0.1981677237491191
2024-02-09 00:00:00+00:00,COMB,-0.03579985905567301
2024-02-10 00:00:00+00:00,COMB,0.16518675123326285
2024-02-11 00:00:00+00:00,COMB,-0.20253699788583507
2024-02-12 00:00:00+00:00,COMB,0.2658210007047216
2024-02-13 00:00:00+00:00,COMB,0.04284707540521494
2024-02-14 00:00:00+00:00,COMB,-0.14108527131782944
2024-02-15 00:00:00+00:00,COMB,-0.06384778012684988
2024-02-16 00:00:00+00:00,COMB,0.22804792107117688
2024-02-17 00:00:00+00:00,COMB,-0.10631229235880398
2024-02-18 00:00:00+00:00,COMB,-0.07520386590154032
2024-02-19 00:00:00+00:00,COMB,0.44956206584113567
2024-02-20 00:00:00+00:00,COMB,0.03699788583509513
2024-02-21 00:00:00+00:00,COMB,0.10359408033826638
2024-02-22 00:00:00+00:00,COMB,0.2507246376811594
2024-02-23 00:00:00+00:00,COMB,-0.2320158102766798
2024-02-24 00:00:00+00:00,COMB,0.14799154334038056
2024-02-25 00:00:00+00:00,COMB,0.5299077733860342
2024-02-26 00:00:00+00:00,COMB,0.3914361001317523
2024-02-27 00:00:00+00:00,COMB,-0.010540184453227932
2024-02-28 00:00:00+00:00,COMB,0.10382081686429512
2024-02-29 00:00:00+00:00,COMB,-0.21370223978919628
2024-03-01 00:00:00+00:00,COMB,-0.07088274044795784
2024-03-02 00:00:00+00:00,COMB,-0.03188405797101449
2024-03-03 00:00:00+00:00,COMB,0.2329809725158562
2024-03-04 00:00:00+00:00,COMB,0.28851303735024664
2024-03-05 00:00:00+00:00,COMB,0.23002114164904858
2024-03-06 00:00:00+00:00,COMB,0.14178999295278363
2024-03-07 00:00:00+00:00,COMB,-0.193446088794926
2024-03-08 00:00:00+00:00,COMB,0.03352461491996376
2024-03-09 00:00:00+00:00,COMB,0.21268498942917546
2024-03-10 00:00:00+00:00,COMB,0.102184637068358
2024-03-11 00:00:00+00:00,COMB,0.3512332628611698
2024-03-12 00:00:00+00:00,COMB,0.336231884057971
2024-03-13 00:00:00+00:00,COMB,-0.15915678524374177
2024-03-14 00:00:00+00:00,COMB,0.2484736355226642
2024-03-15 00:00:00+00:00,COMB,0.43262411347517726
2024-03-16 00:00:00+00:00,COMB,-0.04878199198273204
2024-03-17 00:00:00+00:00,COMB,0.7430830039525691
2024-03-18 00:00:00+00:00,COMB,-0.21554677206851117
2024-03-19 00:00:00+00:00,COMB,-0.20105401844532278
2024-03-20 00:00:00+00:00,COMB,0.2700493305144468
2024-03-21 00:00:00+00:00,COMB,0.07022047719722138
2024-03-22 00:00:00+00:00,COMB,-0.15131380247659318
2024-03-23 00:00:00+00:00,COMB,-0.08954998489882211
2024-03-24 00:00:00+00:00,COMB,0.07850599013389711
2024-03-25 00:00:00+00:00,COMB,-0.008174770965468639
2024-03-26 00:00:00+00:00,COMB,0.2832980972515856
2024-03-27 00:00:00+00:00,COMB,-0.03185341789992953
2024-03-28 00:00:00+00:00,COMB,0.5547568710359407
2024-03-29 00:00:00+00:00,COMB,-0.2798418972332016
2024-03-30 00:00:00+00:00,COMB,-0.07188160676532769
2024-03-31 00:00:00+00:00,COMB,0.3819591261451727
2024-04-01 00:00:00+00:00,COMB,0.3198945981554677
2024-04-02 00:00:00+00:00,COMB,0.13610013175230565
2024-04-03 00:00:00+00:00,COMB,0.05642923219241443
2024-04-04 00:00:00+00:00,COMB,0.11620553359683794
2024-04-05 00:00:00+00:00,COMB,0.19407114624505925
2024-04-06 00:00:00+00:00,COMB,-0.5965744400527009
2024-04-07 00:00:00+00:00,COMB,-0.33643410852713174
2024-04-08 00:00:00+00:00,COMB,0.3270092226613966
2024-04-09 00:00:00+00:00,COMB,-0.07562582345191039
2024-04-10 00:00:00+00:00,COMB,0.18682476943346504
2024-04-11 00:00:00+00:00,COMB,0.4789196310935441
2024-04-12 00:00:00+00:00,COMB,0.24980237154150195
2024-04-13 00:00:00+00:00,COMB,-0.3948616600790513
2024-04-14 00:00:00+00:00,COMB,0.2878787878787879
2024-04-15 00:00:00+00:00,COMB,-0.13403805496828752
2024-04-16 00:00:00+00:00,COMB,0.3595489781536293
2024-04-17 00:00:00+00:00,COMB,-0.07686499546964663
2024-04-18 00:00:00+00:00,COMB,-0.16460283902144365
2024-04-19 00:00:00+00:00,COMB,-0.5400181214134702
2024-04-20 00:00:00+00:00,COMB,0.08048927816369676
2024-04-21 00:00:00+00:00,COMB,0.14602839021443673
2024-04-22 00:00:00+00:00,COMB,-0.014497130776200544
2024-04-23 00:00:00+00:00,COMB,0.22863183328299608
2024-04-24 00:00:00+00:00,COMB,0.014799154334038053
2024-04-25 00:00:00+00:00,COMB,0.41860465116279066
2024-04-26 00:00:00+00:00,COMB,0.11811134601832275
2024-04-27 00:00:00+00:00,COMB,0.08188865398167723
2024-04-28 00:00:00+00:00,COMB,-0.14869626497533472
2024-04-29 00:00:00+00:00,COMB,0.47174066243833684
2024-04-30 00:00:00+00:00,COMB,-0.23833685694150805
2024-05-01 00:00:00+00:00,COMB,-0.26441155743481326
2024-05-02 00:00:00+00:00,COMB,-0.5288432497734824
2024-05-03 00:00:00+00:00,COMB,-0.03557248197066688
2024-05-04 00:00:00+00:00,COMB,0.14026416011668422
2024-05-05 00:00:00+00:00,COMB,0.050320071307025364
2024-05-06 00:00:00+00:00,COMB,0.19027484143763213
2024-05-07 00:00:00+00:00,COMB,0.014799154334038054
2024-05-08 00:00:00+00:00,COMB,-0.10833806012478729
2024-05-09 00:00:00+00:00,COMB,0.17752613240418122
2024-05-10 00:00:00+00:00,COMB,0.012195121951219514
2024-05-11 00:00:00+00:00,COMB,-0.004355400696864112
2024-05-12 00:00:00+00:00,COMB,0.2510452961672474
2024-05-13 00:00:00+00:00,COMB,-0.09041811846689897
2024-05-14 00:00:00+00:00,COMB,-0.27648083623693387
2024-05-15 00:00:00+00:00,COMB,0.2684668989547039
2024-05-16 00:00:00+00:00,COMB,-0.2588850174216028
2024-05-17 00:00:00+00:00,COMB,-0.16062717770034846
2024-05-18 00:00:00+00:00,COMB,0.38466898954703843
2024-05-19 00:00:00+00:00,COMB,-0.01045296167247387
2024-05-20 00:00:00+00:00,COMB,-0.3796288793452719
2024-05-21 00:00:00+00:00,COMB,0.07560165302649705
2024-05-22 00:00:00+00:00,COMB,-0.0007292763957539907
2024-05-23 00:00:00+00:00,COMB,0.23053237176890043
2024-05-24 00:00:00+00:00,COMB,-0.2568710359408034
2024-05-25 00:00:00+00:00,COMB,-0.06327393536695863
2024-05-26 00:00:00+00:00,COMB,-0.3231652068861371
2024-05-27 00:00:00+00:00,COMB,-0.009211718514044096
2024-05-28 00:00:00+00:00,COMB,0.21076087837290336
2024-05-29 00:00:00+00:00,COMB,0.11238959565675391
2024-05-30 00:00:00+00:00,COMB,-0.14690867838910945
2024-05-31 00:00:00+00:00,COMB,0.2548415849607001
2024-06-01 00:00:00+00:00,COMB,0.19293412203225024
2024-06-02 00:00:00+00:00,COMB,0.16505955757231994
2024-06-03 00:00:00+00:00,COMB,-0.13183696621019367
2024-06-04 00:00:00+00:00,COMB,-0.12973016773357102
2024-06-05 00:00:00+00:00,COMB,0.28103292056780427
2024-06-06 00:00:00+00:00,COMB,0.3601630927212323
2024-06-07 00:00:00+00:00,COMB,0.19374811235276354
2024-06-08 00:00:00+00:00,COMB,-0.030051344004832378
2024-06-09 00:00:00+00:00,COMB,0.3296587133796436
2024-06-10 00:00:00+00:00,COMB,0.5054364240410751
2024-06-11 00:00:00+00:00,COMB,-0.33854827343199434
2024-06-12 00:00:00+00:00,COMB,0.5223497432799759
2024-06-13 00:00:00+00:00,COMB,0.318332829960737
2024-06-14 00:00:00+00:00,COMB,0.011275546159267088
2024-06-15 00:00:00+00:00,COMB,-0.29145273331319843
2024-06-16 00:00:00+00:00,COMB,0.7252995066948555
2024-06-17 00:00:00+00:00,COMB,0.30923185341789994
2024-06-18 00:00:00+00:00,COMB,0.009302325581395349
2024-06-19 00:00:00+00:00,COMB,-0.05947850599013389
2024-06-20 00:00:00+00:00,COMB,0.17914023960535586
2024-06-21 00:00:00+00:00,COMB,0.14249471458773785
2024-06-22 00:00:00+00:00,COMB,0.4761099365750528
2024-06-23 00:00:00+00:00,COMB,-0.619168428470754
2024-06-24 00:00:00+00:00,COMB,0.09372797744890768
2024-06-25 00:00:00+00:00,COMB,0.27216349541930934
2024-06-26 00:00:00+00:00,COMB,0.2561264822134387
2024-06-27 00:00:00+00:00,COMB,0.5052700922266139
2024-06-28 00:00:00+00:00,COMB,-0.06987357385137218
2024-06-29 00:00:00+00:00,COMB,-0.20234350909651555
2024-06-30 00:00:00+00:00,COMB,0.2707986432315757
2024-07-01 00:00:00+00:00,COMB,0.34019426456984275
2024-07-02 00:00:00+00:00,COMB,0.39893617021276595
2024-07-03 00:00:00+00:00,COMB,0.13332562442183166
2024-07-04 00:00:00+00:00,COMB,0.21137835337650326
2024-07-05 00:00:00+00:00,COMB,-0.48404255319148937
2024-07-06 00:00:00+00:00,COMB,0.33880666049953745
2024-07-07 00:00:00+00:00,COMB,-0.14789546716003701
2024-07-08 00:00:00+00:00,COMB,-0.3236586493987049
2024-07-09 00:00:00+00:00,COMB,-0.03445883441258094
2024-07-10 00:00:00+00:00,COMB,0.4932696482848459
2024-07-11 00:00:00+00:00,COMB,0.16130897317298798
2024-07-12 00:00:00+00:00,COMB,0.3996299722479186
2024-07-13 00:00:00+00:00,COMB,-0.450508788159112
2024-07-14 00:00:00+00:00,COMB,-0.7537002775208141
2024-07-15 00:00:00+00:00,COMB,-0.21785383903792782
2024-07-16 00:00:00+00:00,COMB,0.2815679925994449
2024-07-17 00:00:00+00:00,COMB,0.13684859697810667
2024-07-18 00:00:00+00:00,COMB,0.02152328091273512
2024-07-19 00:00:00+00:00,COMB,0.13499845821769965
2024-07-20 00:00:00+00:00,COMB,0.06116983791402396
2024-07-21 00:00:00+00:00,COMB,0.3878787878787879
2024-07-22 00:00:00+00:00,COMB,-0.0008456659619450317
2024-07-23 00:00:00+00:00,COMB,0.3664552501761804
2024-07-24 00:00:00+00:00,COMB,0.4300211416490486
2024-07-25 00:00:00+00:00,COMB,-0.40789288231148696
2024-07-26 00:00:00+00:00,COMB,0.03453136011275546
2024-07-27 00:00:00+00:00,COMB,0.4026779422128259
2024-07-28 00:00:00+00:00,COMB,0.12036645525017617
2024-07-29 00:00:00+00:00,COMB,0.35278365045806903
2024-07-30 00:00:00+00:00,COMB,0.2555320648343904
2024-07-31 00:00:00+00:00,COMB,0.05821000704721634
2024-08-01 00:00:00+00:00,COMB,0.34716732542819495
2024-08-02 00:00:00+00:00,COMB,0.5341238471673254
2024-08-03 00:00:00+00:00,COMB,-0.0017127799736495386
2024-08-04 00:00:00+00:00,COMB,0.36758893280632404
2024-08-05 00:00:00+00:00,COMB,-0.43214756258234516
2024-08-06 00:00:00+00:00,COMB,0.1980237154150197
2024-08-07 00:00:00+00:00,COMB,-0.43755781683626277
2024-08-08 00:00:00+00:00,COMB,0.05901942645698426
2024-08-09 00:00:00+00:00,COMB,-0.15855689176688248
2024-08-10 00:00:00+00:00,COMB,0.26191797718162196
2024-08-11 00:00:00+00:00,COMB,-0.16164045636756091
2024-08-12 00:00:00+00:00,COMB,0.10021584952204748
2024-08-13 00:00:00+00:00,COMB,0.18026518655565835
2024-08-14 00:00:00+00:00,COMB,0.3956984273820537
2024-08-15 00:00:00+00:00,COMB,0.5069380203515264
2024-08-16 00:00:00+00:00,COMB,-0.02624884366327475
2024-08-17 00:00:00+00:00,COMB,0.07458371877890842
2024-08-18 00:00:00+00:00,COMB,0.1898704902867715
2024-08-19 00:00:00+00:00,COMB,0.07924761023743447
2024-08-20 00:00:00+00:00,COMB,-0.020659882824545173
2024-08-21 00:00:00+00:00,COMB,-0.2432932469935245
2024-08-22 00:00:00+00:00,COMB,-0.4682701202590195
2024-08-23 00:00:00+00:00,COMB,-0.4918285538082023
2024-08-24 00:00:00+00:00,COMB,0.22232500770891148
2024-08-25 00:00:00+00:00,COMB,0.280368906455863
2024-08-26 00:00:00+00:00,COMB,0.10540184453227931
2024-08-27 00:00:00+00:00,COMB,0.09986824769433464
2024-08-28 00:00:00+00:00,COMB,0.3227258711069997
2024-08-29 00:00:00+00:00,COMB,-0.15794017884674683
2024-08-30 00:00:00+00:00,COMB,0.40783225408572304
2024-08-31 00:00:00+00:00,COMB,0.361528326745718
2024-09-01 00:00:00+00:00,COMB,-0.40210803689064556
2024-09-02 00:00:00+00:00,COMB,0.40368906455862974
2024-09-03 00:00:00+00:00,COMB,-0.1463459759481961
2024-09-04 00:00:00+00:00,COMB,0.09108849830403946
2024-09-05 00:00:00+00:00,COMB,-0.16546407647240208
2024-09-06 00:00:00+00:00,COMB,-0.1971631205673759
2024-09-07 00:00:00+00:00,COMB,-0.19777983348751155
2024-09-08 00:00:00+00:00,COMB,-0.36379895158803577
2024-09-09 00:00:00+00:00,COMB,0.07550878815911193
2024-09-10 00:00:00+00:00,COMB,0.286308973172988
2024-09-11 00:00:00+00:00,COMB,-0.10788621646623497
2024-09-12 00:00:00+00:00,COMB,0.030527289546716
2024-09-13 00:00:00+00:00,COMB,-0.06625809435707677
2024-09-14 00:00:00+00:00,COMB,-0.06325161887141535
2024-09-15 00:00:00+00:00,COMB,0.3230804810360777
2024-09-16 00:00:00+00:00,COMB,-0.4042553191489362
2024-09-17 00:00:00+00:00,COMB,-0.5209509335649153
2024-09-18 00:00:00+00:00,COMB,-0.23428571428571426
2024-09-19 00:00:00+00:00,COMB,-0.16826530612244894
2024-09-20 00:00:00+00:00,COMB,0.057142857142857134
2024-09-21 00:00:00+00:00,COMB,0.17540816326530612
2024-09-22 00:00:00+00:00,COMB,-0.06887755102040816
2024-09-23 00:00:00+00:00,COMB,-0.08377551020408162
2024-09-24 00:00:00+00:00,COMB,0.07112244897959182
2024-09-25 00:00:00+00:00,COMB,-0.13938341293964393
2024-09-26 00:00:00+00:00,COMB,-0.05134607034303083
2024-09-27 00:00:00+00:00,COMB,0.2905992184107685
2024-09-28 00:00:00+00:00,COMB,-0.1508901432913591
2024-09-29 00:00:00+00:00,COMB,-0.07446808510638299
2024-09-30 00:00:00+00:00,COMB,0.24533217542336083
2024-10-01 00:00:00+00:00,COMB,0.077181936604429
2024-10-02 00:00:00+00:00,COMB,0.2236213634389926
2024-10-03 00:00:00+00:00,COMB,-0.37993920972644374
2024-10-04 00:00:00+00:00,COMB,0.2413156752062527
2024-10-05 00:00:00+00:00,COMB,-0.3949196699956578
2024-10-06 00:00:00+00:00,COMB,0.0005427702996092054
2024-10-07 00:00:00+00:00,COMB,0.18986105080330004
2024-10-08 00:00:00+00:00,COMB,0.17477203647416412
2024-10-09 00:00:00+00:00,COMB,0.12679114198871036
2024-10-10 00:00:00+00:00,COMB,-0.1453538862353452
2024-10-11 00:00:00+00:00,COMB,-0.12516283108988277
2024-10-12 00:00:00+00:00,COMB,-0.21005210594876247
2024-10-13 00:00:00+00:00,COMB,-0.18410768562744245
2024-10-14 00:00:00+00:00,COMB,0.20125922709509333
2024-10-15 00:00:00+00:00,COMB,0.3876465479808945
2024-10-16 00:00:00+00:00,COMB,0.0667900092506938
2024-10-17 00:00:00+00:00,COMB,0.10058587727412889
2024-10-18 00:00:00+00:00,COMB,0.1675609004008634
2024-10-19 00:00:00+00:00,COMB,0.201850138760407
2024-10-20 00:00:00+00:00,COMB,0.41620553359683793
2024-10-21 00:00:00+00:00,COMB,0.06455862977602107
2024-10-22 00:00:00+00:00,COMB,0.20171942433289086
2024-10-23 00:00:00+00:00,COMB,0.13662714097496706
2024-10-24 00:00:00+00:00,COMB,0.4051187172371261
2024-10-25 00:00:00+00:00,COMB,0.27351218008017264
2024-10-26 00:00:00+00:00,COMB,0.22371541501976283
2024-10-27 00:00:00+00:00,COMB,0.36455862977602105
2024-10-28 00:00:00+00:00,COMB,-0.15612648221343875
2024-10-29 00:00:00+00:00,COMB,0.20553359683794462
2024-10-30 00:00:00+00:00,COMB,0.319631093544137
2024-10-31 00:00:00+00:00,COMB,0.4023960535588442
2024-11-01 00:00:00+00:00,COMB,0.3983086680761098
2024-11-02 00:00:00+00:00,COMB,0.33188405797101445
2024-11-03 00:00:00+00:00,COMB,0.013175230566534914
2024-11-04 00:00:00+00:00,COMB,-0.43254281949934115
2024-11-05 00:00:00+00:00,COMB,-0.16669750231267347
2024-11-06 00:00:00+00:00,COMB,0.17237126117792168
2024-11-07 00:00:00+00:00,COMB,0.48862164662349666
2024-11-08 00:00:00+00:00,COMB,-0.33024976873265494
2024-11-09 00:00:00+00:00,COMB,0.058402713536848595
2024-11-10 00:00:00+00:00,COMB,0.2607470049330514
2024-11-11 00:00:00+00:00,COMB,-0.013530655391120507
2024-11-12 00:00:00+00:00,COMB,0.14677206851119895
2024-11-13 00:00:00+00:00,COMB,0.2944664031620553
2024-11-14 00:00:00+00:00,COMB,-0.003952569169960474
2024-11-15 00:00:00+00:00,COMB,0.13248766737138828
2024-11-16 00:00:00+00:00,COMB,0.35983086680761095
2024-11-17 00:00:00+00:00,COMB,0.28231148696264974
2024-11-18 00:00:00+00:00,COMB,0.4075098814229249
2024-11-19 00:00:00+00:00,COMB,0.4277997364953886
2024-11-20 00:00:00+00:00,COMB,-0.08010540184453227
2024-11-21 00:00:00+00:00,COMB,0.24400527009222658
2024-11-22 00:00:00+00:00,COMB,-0.1823451910408432
2024-11-23 00:00:00+00:00,COMB,-0.31488801054018445
2024-11-24 00:00:00+00:00,COMB,0.03805118717237126
2024-11-25 00:00:00+00:00,COMB,0.23330249768732653
2024-11-26 00:00:00+00:00,COMB,0.33765032377428306
2024-11-27 00:00:00+00:00,COMB,-0.08171446191797718
2024-11-28 00:00:00+00:00,COMB,-0.08383441258094358
2024-11-29 00:00:00+00:00,COMB,0.15124884366327476
2024-11-30 00:00:00+00:00,COMB,0.07227104532839965
2024-12-01 00:00:00+00:00,COMB,0.3486756404689535
2024-12-02 00:00:00+00:00,COMB,0.15175857577073382
2024-12-03 00:00:00+00:00,COMB,0.29081632653061223
2024-12-04 00:00:00+00:00,COMB,0.35649153278332607
2024-12-05 00:00:00+00:00,COMB,0.16293964394268348
2024-12-06 00:00:00+00:00,COMB,0.07121146330872774
2024-12-07 00:00:00+00:00,COMB,0.3094876248371689
2024-12-08 00:00:00+00:00,COMB,0.0972644376899696
2024-12-09 00:00:00+00:00,COMB,-0.15794615718627877
2024-12-10 00:00:00+00:00,COMB,-0.07870169344333477
2024-12-11 00:00:00+00:00,COMB,0.19605303731113166
2024-12-12 00:00:00+00:00,COMB,-0.1847826086956522
2024-12-13 00:00:00+00:00,COMB,0.18397317298797414
2024-12-14 00:00:00+00:00,COMB,0.3170675300647549
2024-12-15 00:00:00+00:00,COMB,0.2531480677377334
2024-12-16 00:00:00+00:00,COMB,-0.04027355623100304
2024-12-17 00:00:00+00:00,COMB,0.24435518888406427
2024-12-18 00:00:00+00:00,COMB,0.12342596613113331
2024-12-19 00:00:00+00:00,COMB,-0.17716022579244464
2024-12-20 00:00:00+00:00,COMB,0.4339731729879741
2024-12-21 00:00:00+00:00,COMB,-0.34979185938945423
2024-12-22 00:00:00+00:00,COMB,-0.015379278445883443
2024-12-23 00:00:00+00:00,COMB,-0.15760869565217395
2024-12-24 00:00:00+00:00,COMB,0.4879740980573543
2024-12-25 00:00:00+00:00,COMB,0.24791859389454213
2024-12-26 00:00:00+00:00,COMB,-0.11482423681776134
2024-12-27 00:00:00+00:00,COMB,-0.11526364477335797
2024-12-28 00:00:00+00:00,COMB,0.4640764724020968
2024-12-29 00:00:00+00:00,COMB,-0.10268270120259018
2024-12-30 00:00:00+00:00,COMB,-0.08775824853530681
2024-12-31 00:00:00+00:00,COMB,-0.07412118408880666
2025-01-01 00:00:00+00:00,COMB,-0.11251156336725254
2025-01-02 00:00:00+00:00,COMB,-0.17345050878815912
2025-01-03 00:00:00+00:00,COMB,0.19299259944495836
2025-01-04 00:00:00+00:00,COMB,0.17819148936170215
2025-01-05 00:00:00+00:00,COMB,0.14030218933086647
2025-01-06 00:00:00+00:00,COMB,0.48122109158186865
2025-01-07 00:00:00+00:00,COMB,0.19999999999999996
2025-01-08 00:00:00+00:00,COMB,0.1787878787878788
2025-01-09 00:00:00+00:00,COMB,-0.32360817477096543
2025-01-10 00:00:00+00:00,COMB,-0.0766737138830162
2025-01-11 00:00:00+00:00,COMB,0.34869626497533474
2025-01-12 00:00:00+00:00,COMB,0.3711462450592885
2025-01-13 00:00:00+00:00,COMB,-0.16521739130434782
2025-01-14 00:00:00+00:00,COMB,-0.12990777338603424
2025-01-15 00:00:00+00:00,COMB,0.10965468639887244
2025-01-16 00:00:00+00:00,COMB,0.1262861169837914
2025-01-17 00:00:00+00:00,COMB,0.479492600422833
2025-01-18 00:00:00+00:00,COMB,0.13925299506694852
2025-01-19 00:00:00+00:00,COMB,0.17364341085271318
2025-01-20 00:00:00+00:00,COMB,-0.10246652572233966
2025-01-21 00:00:00+00:00,COMB,-0.018840579710144925
2025-01-22 00:00:00+00:00,COMB,0.03689064558629776
2025-01-23 00:00:00+00:00,COMB,0.45375494071146244
2025-01-24 00:00:00+00:00,COMB,0.05362318840579709
2025-01-25 00:00:00+00:00,COMB,0.3397891963109354
2025-01-26 00:00:00+00:00,COMB,0.11054018445322793
2025-01-27 00:00:00+00:00,COMB,0.3474308300395257
2025-01-28 00:00:00+00:00,COMB,-0.3085638998682476
2025-01-29 00:00:00+00:00,COMB,-0.012648221343873516
2025-01-30 00:00:00+00:00,COMB,0.06363636363636364
2025-01-31 00:00:00+00:00,COMB,0.7204216073781291
2025-02-01 00:00:00+00:00,COMB,0.24321475625823447
2025-02-02 00:00:00+00:00,COMB,-0.12318534178999295
2025-02-03 00:00:00+00:00,COMB,0.316138125440451
2025-02-04 00:00:00+00:00,COMB,0.22071881606765326
2025-02-05 00:00:00+00:00,COMB,0.5722002635046113
2025-02-06 00:00:00+00:00,COMB,0.3561264822134387
2025-02-07 00:00:00+00:00,COMB,-0.42411067193675883
2025-02-08 00:00:00+00:00,COMB,0.24341658957755163
2025-02-09 00:00:00+00:00,COMB,-0.16177150786308972
2025-02-10 00:00:00+00:00,COMB,0.2246762257169288
2025-02-11 00:00:00+00:00,COMB,0.03341813135985199
2025-02-12 00:00:00+00:00,COMB,0.25774745605920446
2025-02-13 00:00:00+00:00,COMB,-0.39384828862164667
2025-02-14 00:00:00+00:00,COMB,0.5062442183163738
2025-02-15 00:00:00+00:00,COMB,0.08726487819919827
2025-02-16 00:00:00+00:00,COMB,0.138866930171278
2025-02-17 00:00:00+00:00,COMB,0.2602913968547641
2025-02-18 00:00:00+00:00,COMB,0.2074005550416281
2025-02-19 00:00:00+00:00,COMB,-0.32099907493061974
2025-02-20 00:00:00+00:00,COMB,-0.04162812210915818
2025-02-21 00:00:00+00:00,COMB,-0.5110699969164354
2025-02-22 00:00:00+00:00,COMB,0.4586297760210803
2025-02-23 00:00:00+00:00,COMB,0.38822078322540854
2025-02-24 00:00:00+00:00,COMB,-0.41510946654332403
2025-02-25 00:00:00+00:00,COMB,-0.4165895775516497
2025-02-26 00:00:00+00:00,COMB,0.4476719087264879
2025-02-27 00:00:00+00:00,COMB,-0.33481344434165894
2025-02-28 00:00:00+00:00,COMB,0.3323465926611162
2025-03-01 00:00:00+00:00,COMB,0.003638606228800493
2025-03-02 00:00:00+00:00,COMB,0.48294788775824854
2025-03-03 00:00:00+00:00,COMB,0.10699969164353992
2025-03-04 00:00:00+00:00,COMB,0.22429848905334565
2025-03-05 00:00:00+00:00,COMB,0.31791551032994136
2025-03-06 00:00:00+00:00,COMB,0.087018193031144
2025-03-07 00:00:00+00:00,COMB,0.13586604588778017
2025-03-08 00:00:00+00:00,COMB,0.20105401844532278
2025-03-09 00:00:00+00:00,COMB,-0.1152832674571805
2025-03-10 00:00:00+00:00,COMB,-0.047826086956521734
2025-03-11 00:00:00+00:00,COMB,-0.3540521494009866
2025-03-12 00:00:00+00:00,COMB,0.319661733615222
2025-03-13 00:00:00+00:00,COMB,-0.3254303835699185
2025-03-14 00:00:00+00:00,COMB,0.03775294472968891
2025-03-15 00:00:00+00:00,COMB,0.42736333434007856
2025-03-16 00:00:00+00:00,COMB,-0.11756710847658611
2025-03-17 00:00:00+00:00,COMB,0.3616631430584919
2025-03-18 00:00:00+00:00,COMB,0.14827343199436221
2025-03-19 00:00:00+00:00,COMB,0.15687103594080334
2025-03-20 00:00:00+00:00,COMB,0.017758985200845664
2025-03-21 00:00:00+00:00,COMB,0.1533474277660324
2025-03-22 00:00:00+00:00,COMB,0.0684083358501963
2025-03-23 00:00:00+00:00,COMB,-0.08637873754152825
2025-03-24 00:00:00+00:00,COMB,-0.18106312292358803
2025-03-25 00:00:00+00:00,COMB,0.0025672002416188464
2025-03-26 00:00:00+00:00,COMB,0.13545756569012385
2025-03-27 00:00:00+00:00,COMB,0.42297392529950667
2025-03-28 00:00:00+00:00,COMB,0.0681063122923588
2025-03-29 00:00:00+00:00,COMB,-0.04173081597925614
2025-03-30 00:00:00+00:00,COMB,0.2861194392674824
2025-03-31 00:00:00+00:00,COMB,0.16233766233766236
2025-04-01 00:00:00+00:00,COMB,0.564935064935065
2025-04-02 00:00:00+00:00,COMB,-0.07308970099667773
2025-04-03 00:00:00+00:00,COMB,0.06976744186046512
2025-04-04 00:00:00+00:00,COMB,0.17909996979764423
2025-04-05 00:00:00+00:00,COMB,0.20235578375113256
2025-04-06 00:00:00+00:00,COMB,-0.32467532467532473
2025-04-07 00:00:00+00:00,COMB,0.37299909392932645
2025-04-08 00:00:00+00:00,COMB,-0.08909694956206585
2025-04-09 00:00:00+00:00,COMB,0.20824524312896406
2025-04-10 00:00:00+00:00,COMB,-0.08396254907882815
2025-04-11 00:00:00+00:00,COMB,0.009664753850800362
2025-04-12 00:00:00+00:00,COMB,0.5776200543642404
2025-04-13 00:00:00+00:00,COMB,-0.17185140440954397
2025-04-14 00:00:00+00:00,COMB,0.00694654183026276
2025-04-15 00:00:00+00:00,COMB,0.34038054968287523
2025-04-16 00:00:00+00:00,COMB,-0.08155467720685111
2025-04-17 00:00:00+00:00,COMB,-0.14993412384716728
2025-04-18 00:00:00+00:00,COMB,-0.10579710144927534
2025-04-19 00:00:00+00:00,COMB,-0.00011563367252543941
2025-04-20 00:00:00+00:00,COMB,0.21849614070591428
2025-04-21 00:00:00+00:00,COMB,0.008901432913590968
2025-04-22 00:00:00+00:00,COMB,-0.2310030395136778
2025-04-23 00:00:00+00:00,COMB,0.16315911193339502
2025-04-24 00:00:00+00:00,COMB,-0.46913351834720934
2025-04-25 00:00:00+00:00,COMB,-0.24292321924144308
2025-04-26 00:00:00+00:00,COMB,0.6133897110641297
2025-04-27 00:00:00+00:00,COMB,-0.1822386679000925
2025-04-28 00:00:00+00:00,COMB,0.6828862164662349
2025-04-29 00:00:00+00:00,COMB,-0.3882978723404255
2025-04-30 00:00:00+00:00,COMB,0.3963613937711995
2025-05-01 00:00:00+00:00,COMB,0.0343509096515572
2025-05-02 00:00:00+00:00,COMB,0.6690718470551958
2025-05-03 00:00:00+00:00,COMB,0.016959605303731112
2025-05-04 00:00:00+00:00,COMB,0.060499537465309894
2025-05-05 00:00:00+00:00,COMB,0.14683934628430464
2025-05-06 00:00:00+00:00,COMB,-0.017699660807893924
2025-05-07 00:00:00+00:00,COMB,-0.1754162812210916
2025-05-08 00:00:00+00:00,COMB,-0.4061054579093432
2025-05-09 00:00:00+00:00,COMB,0.08198427382053654
2025-05-10 00:00:00+00:00,COMB,0.11514030218933086
2025-05-11 00:00:00+00:00,COMB,0.10725863284002818
2025-05-12 00:00:00+00:00,COMB,0.05433240826395313
2025-05-13 00:00:00+00:00,COMB,0.24674683934628427
2025-05-14 00:00:00+00:00,COMB,0.41119894598155465
2025-05-15 00:00:00+00:00,COMB,0.1670619235836627
2025-05-16 00:00:00+00:00,COMB,0.4845849802371541
2025-05-17 00:00:00+00:00,COMB,-0.3469010175763182
2025-05-18 00:00:00+00:00,COMB,0.33086648165279064
2025-05-19 00:00:00+00:00,COMB,0.280172679617638
2025-05-20 00:00:00+00:00,COMB,-0.16682084489670057
2025-05-21 00:00:00+00:00,COMB,-0.2754394079555967
2025-05-22 00:00:00+00:00,COMB,0.4518963922294173
2025-05-23 00:00:00+00:00,COMB,-0.39199814986123965
2025-05-24 00:00:00+00:00,COMB,0.07554733271662042
2025-05-25 00:00:00+00:00,COMB,0.17311131668208446
2025-05-26 00:00:00+00:00,COMB,-0.33617021276595743
2025-05-27 00:00:00+00:00,COMB,0.10934320074005549
2025-05-28 00:00:00+00:00,COMB,0.41739130434782606
2025-05-29 00:00:00+00:00,COMB,0.6490903484427998
2025-05-30 00:00:00+00:00,COMB,-0.4263504611330698
2025-05-31 00:00:00+00:00,COMB,-0.4793148880105401
2025-06-01 00:00:00+00:00,COMB,0.005006587615283267
2025-06-02 00:00:00+00:00,COMB,-0.15322793148880104
2025-06-03 00:00:00+00:00,COMB,0.4828722002635046
2025-06-04 00:00:00+00:00,COMB,0.5089591567852437
2025-06-05 00:00:00+00:00,COMB,0.26324110671936757
2025-06-06 00:00:00+00:00,COMB,-0.3299077733860342
2025-06-07 00:00:00+00:00,COMB,0.06469038208168643
2025-06-08 00:00:00+00:00,COMB,-0.3686429512516469
2025-06-09 00:00:00+00:00,COMB,0.006587615283267457
2025-06-10 00:00:00+00:00,COMB,0.5345191040843215
2025-06-11 00:00:00+00:00,COMB,0.4836879432624113
2025-06-12 00:00:00+00:00,COMB,0.11267345050878816
2025-06-13 00:00:00+00:00,COMB,0.11896392229417205
2025-06-14 00:00:00+00:00,COMB,-0.005006587615283267
2025-06-15 00:00:00+00:00,COMB,0.462473018809744
2025-06-16 00:00:00+00:00,COMB,0.4594202898550724
2025-06-17 00:00:00+00:00,COMB,-0.4223866790009251
2025-06-18 00:00:00+00:00,COMB,0.2833795868023435
2025-06-19 00:00:00+00:00,COMB,0.35676842429848904
2025-06-20 00:00:00+00:00,COMB,0.4144927536231884
2025-06-21 00:00:00+00:00,COMB,0.15575855689176688
2025-06-22 00:00:00+00:00,COMB,-0.6204902867715079
2025-06-23 00:00:00+00:00,COMB,-0.1921831637372803
2025-06-24 00:00:00+00:00,COMB,0.6039546716003701
2025-06-25 00:00:00+00:00,COMB,0.36478569226025287
2025-06-26 00:00:00+00:00,COMB,0.019796484736355223
2025-06-27 00:00:00+00:00,COMB,-0.3404479578392622
2025-06-28 00:00:00+00:00,COMB,-0.3589885908109775
2025-06-29 00:00:00+00:00,COMB,0.6663968547641073
2025-06-30 00:00:00+00:00,COMB,0.15668362627197038
2025-07-01 00:00:00+00:00,COMB,0.010522664199814985
2025-07-02 00:00:00+00:00,COMB,0.04874077290490664
2025-07-03 00:00:00+00:00,COMB,0.28234910985670864
2025-07-04 00:00:00+00:00,COMB,0.15219279201042119
2025-07-05 00:00:00+00:00,COMB,-0.0017368649587494573
2025-07-06 00:00:00+00:00,COMB,0.5390841813135985
2025-07-07 00:00:00+00:00,COMB,0.19680851063829788
2025-07-08 00:00:00+00:00,COMB,-0.2074468085106383
2025-07-09 00:00:00+00:00,COMB,-0.638413506012951
2025-07-10 00:00:00+00:00,COMB,0.3315726290516206
2025-07-11 00:00:00+00:00,COMB,0.297112462006079
2025-07-12 00:00:00+00:00,COMB,-0.049609205384281374
2025-07-13 00:00:00+00:00,COMB,0.35518888406426397
2025-07-14 00:00:00+00:00,COMB,-0.2502171081198437
2025-07-15 00:00:00+00:00,COMB,-0.06893182805036908
2025-07-16 00:00:00+00:00,COMB,0.37331741207121144
2025-07-17 00:00:00+00:00,COMB,0.208950046253469
2025-07-18 00:00:00+00:00,COMB,0.06928571428571427
2025-07-19 00:00:00+00:00,COMB,-0.02897959183673469
2025-07-20 00:00:00+00:00,COMB,-0.28826530612244894
2025-07-21 00:00:00+00:00,COMB,0.07524609843937576
2025-07-22 00:00:00+00:00,COMB,-0.04797118847539015
2025-07-23 00:00:00+00:00,COMB,0.08908163265306122
2025-07-24 00:00:00+00:00,COMB,-0.4722101606600086
2025-07-25 00:00:00+00:00,COMB,0.0980243161094225
2025-07-26 00:00:00+00:00,COMB,0.10025439407955596
2025-07-27 00:00:00+00:00,COMB,0.12950971322849214
2025-07-28 00:00:00+00:00,COMB,0.20605920444033304
2025-07-29 00:00:00+00:00,COMB,0.049722479185938945
2025-07-30 00:00:00+00:00,COMB,0.492368177613321
2025-07-31 00:00:00+00:00,COMB,-0.17379740980573544
2025-08-01 00:00:00+00:00,COMB,0.1496299722479186
2025-08-02 00:00:00+00:00,COMB,-0.11690564292321923
2025-08-03 00:00:00+00:00,COMB,0.22351988899167438
2025-08-04 00:00:00+00:00,COMB,0.656799259944496
2025-08-05 00:00:00+00:00,COMB,-0.06371415356151712
2025-08-06 00:00:00+00:00,COMB,-0.07400555041628122
2025-08-07 00:00:00+00:00,COMB,0.11886669561441597
2025-08-08 00:00:00+00:00,COMB,-0.3245766391663048
2025-08-09 00:00:00+00:00,COMB,-0.047438124185844546
2025-08-10 00:00:00+00:00,COMB,0.27203647416413373
2025-08-11 00:00:00+00:00,COMB,0.4975032566217976
2025-08-12 00:00:00+00:00,COMB,0.1033434650455927
2025-08-13 00:00:00+00:00,COMB,0.562852800694746
2025-08-14 00:00:00+00:00,COMB,-0.23990447242726878
2025-08-15 00:00:00+00:00,COMB,-0.1025835866261398
2025-08-16 00:00:00+00:00,COMB,0.07666512488436633
2025-08-17 00:00:00+00:00,COMB,0.43311748381128584
2025-08-18 00:00:00+00:00,COMB,0.22417514646931852
2025-08-19 00:00:00+00:00,COMB,-0.14227567067530064
2025-08-20 00:00:00+00:00,COMB,0.2286154794942954
2025-08-21 00:00:00+00:00,COMB,-0.36503237742830713
2025-08-22 00:00:00+00:00,COMB,0.10696114708603147
2025-08-23 00:00:00+00:00,COMB,0.3753799392097264
2025-08-24 00:00:00+00:00,COMB,0.33402084237950497
2025-08-25 00:00:00+00:00,COMB,-0.08684324793747286
2025-08-26 00:00:00+00:00,COMB,0.2962440295267043
2025-08-27 00:00:00+00:00,COMB,-0.22687798523664784
2025-08-28 00:00:00+00:00,COMB,0.5398936170212766
2025-08-29 00:00:00+00:00,COMB,-0.24629972247918594
2025-08-30 00:00:00+00:00,COMB,0.6104301572617947
2025-08-31 00:00:00+00:00,COMB,0.5348458532349111
2025-09-01 00:00:00+00:00,COMB,0.16923577941815024
2025-09-02 00:00:00+00:00,COMB,0.2505427702996092
2025-09-03 00:00:00+00:00,COMB,0.42216673903604
2025-09-04 00:00:00+00:00,COMB,-0.2907030527289547
2025-09-05 00:00:00+00:00,COMB,0.06255781683626273
2025-09-06 00:00:00+00:00,COMB,-0.12453746530989825
2025-09-07 00:00:00+00:00,COMB,-0.15205827937095281
2025-09-08 00:00:00+00:00,COMB,0.2734736355226642
2025-09-09 00:00:00+00:00,COMB,0.019542090656799262
2025-09-10 00:00:00+00:00,COMB,-0.22109158186864014
2025-09-11 00:00:00+00:00,COMB,0.3564986123959297
2025-09-12 00:00:00+00:00,COMB,-0.050043421623968735
2025-09-13 00:00:00+00:00,COMB,0.5306122448979592
2025-09-14 00:00:00+00:00,COMB,0.09031697785497177
2025-09-15 00:00:00+00:00,COMB,-0.03571428571428571
2025-09-16 00:00:00+00:00,COMB,-0.1963742943986105
2025-09-17 00:00:00+00:00,COMB,-0.05596669750231268
2025-09-18 00:00:00+00:00,COMB,0.13287016934433346
2025-09-19 00:00:00+00:00,COMB,0.0064285714285714285
2025-09-20 00:00:00+00:00,COMB,0.3194897959183673
2025-09-21 00:00:00+00:00,COMB,0.3112244897959184
2025-09-22 00:00:00+00:00,COMB,0.13846938775510204
2025-09-23 00:00:00+00:00,COMB,-0.033673469387755096
2025-09-24 00:00:00+00:00,COMB,0.2816326530612245
2025-09-25 00:00:00+00:00,COMB,0.04091836734693877
2025-09-26 00:00:00+00:00,COMB,0.1741207121146331
2025-09-27 00:00:00+00:00,COMB,-0.16424229266174553
2025-09-28 00:00:00+00:00,COMB,0.37731267345050884
2025-09-29 00:00:00+00:00,COMB,0.15934780729968237
2025-09-30 00:00:00+00:00,COMB,0.006012950971322849
2025-10-01 00:00:00+00:00,COMB,0.15399321615787853
2025-10-02 00:00:00+00:00,COMB,0.216600790513834
2025-10-03 00:00:00+00:00,COMB,0.11538698735738515
2025-10-04 00:00:00+00:00,COMB,0.348504471168671
2025-10-05 00:00:00+00:00,COMB,0.02695035460992908
2025-10-06 00:00:00+00:00,COMB,0.17298797409805736
2025-10-07 00:00:00+00:00,COMB,-0.02028985507246377
2025-10-08 00:00:00+00:00,COMB,0.38998682476943347
2025-10-09 00:00:00+00:00,COMB,0.503425559947299
2025-10-10 00:00:00+00:00,COMB,-0.016631430584918956
2025-10-11 00:00:00+00:00,COMB,-0.1174871639987919
2025-10-12 00:00:00+00:00,COMB,-0.4844457867713682
2025-10-13 00:00:00+00:00,COMB,0.23995771670190272
2025-10-14 00:00:00+00:00,COMB,0.3831168831168831
2025-10-15 00:00:00+00:00,COMB,0.3809253707155012
2025-10-16 00:00:00+00:00,COMB,-0.0717121789158091
2025-10-17 00:00:00+00:00,COMB,0.07041568754557978
2025-10-18 00:00:00+00:00,COMB,-0.14860627177700353
2025-10-19 00:00:00+00:00,COMB,0.20714285714285718
2025-10-20 00:00:00+00:00,COMB,0.52404181184669
2025-10-21 00:00:00+00:00,COMB,0.5881533101045298
2025-10-22 00:00:00+00:00,COMB,-0.14165103189493433
2025-10-23 00:00:00+00:00,COMB,-0.2185741088180113
2025-10-24 00:00:00+00:00,COMB,0.01846689895470384
2025-10-25 00:00:00+00:00,COMB,-0.31632270168855536
2025-10-26 00:00:00+00:00,COMB,0.4352720450281426
2025-10-27 00:00:00+00:00,COMB,0.15853658536585366
2025-10-28 00:00:00+00:00,COMB,-0.3690431519699813
2025-10-29 00:00:00+00:00,COMB,0.5063789868667918
2025-10-30 00:00:00+00:00,COMB,-0.0981238273921201
2025-10-31 00:00:00+00:00,COMB,-0.2645403377110695
2025-11-01 00:00:00+00:00,COMB,0.38686679174484057
2025-11-02 00:00:00+00:00,COMB,0.18780487804878052
2025-11-03 00:00:00+00:00,COMB,-0.2311444652908068
2025-11-04 00:00:00+00:00,COMB,0.00075046904315197
2025-11-05 00:00:00+00:00,COMB,-0.16558704453441295
2025-11-06 00:00:00+00:00,COMB,-0.2925101214574899
2025-11-07 00:00:00+00:00,COMB,0.4390688259109312
2025-11-08 00:00:00+00:00,COMB,0.10675422138836774
2025-11-09 00:00:00+00:00,COMB,0.47753036437246965
2025-11-10 00:00:00+00:00,COMB,0.5401500938086304
2025-11-11 00:00:00+00:00,COMB,-0.2729831144465291
2025-11-12 00:00:00+00:00,COMB,0.31963562753036434
2025-11-13 00:00:00+00:00,COMB,-0.16949338001969583
2025-11-14 00:00:00+00:00,COMB,-0.11522048364153627
2025-11-15 00:00:00+00:00,COMB,0.3320932268300689
2025-11-16 00:00:00+00:00,COMB,0.16558704453441295
2025-11-17 00:00:00+00:00,COMB,0.033198380566801626
2025-11-18 00:00:00+00:00,COMB,-0.08765182186234818
2025-11-19 00:00:00+00:00,COMB,0.2368421052631579
2025-11-20 00:00:00+00:00,COMB,0.39305816135084437
2025-11-21 00:00:00+00:00,COMB,0.3245930863367309
2025-11-22 00:00:00+00:00,COMB,-0.1394538530102909
2025-11-23 00:00:00+00:00,COMB,-0.034113929179158904
2025-11-24 00:00:00+00:00,COMB,-0.21935013370067258
2025-11-25 00:00:00+00:00,COMB,0.17024552305323717
2025-11-26 00:00:00+00:00,COMB,0.4431569564865085
2025-11-27 00:00:00+00:00,COMB,0.132647273316587
2025-11-28 00:00:00+00:00,COMB,0.37858652974932044
2025-11-29 00:00:00+00:00,COMB,0.3909795630725863
2025-11-30 00:00:00+00:00,COMB,0.14519104084321474
2025-12-01 00:00:00+00:00,COMB,0.4429512516469038
2025-12-02 00:00:00+00:00,COMB,-0.015678524374176547
2025-12-03 00:00:00+00:00,COMB,-0.016349541930937277
2025-12-04 00:00:00+00:00,COMB,0.29119097956307255
2025-12-05 00:00:00+00:00,COMB,0.24073291050035234
2025-12-06 00:00:00+00:00,COMB,0.5687103594080338
2025-12-07 00:00:00+00:00,COMB,-0.29866102889358703
2025-12-08 00:00:00+00:00,COMB,-0.37364341085271313
2025-12-09 00:00:00+00:00,COMB,0.6412966878083156
2025-12-10 00:00:00+00:00,COMB,-0.058498023715415015
2025-12-11 00:00:00+00:00,COMB,0.22988019732205778
2025-12-12 00:00:00+00:00,COMB,0.13925299506694852
2025-12-13 00:00:00+00:00,COMB,0.5172153427967381
2025-12-14 00:00:00+00:00,COMB,0.048625792811839326
2025-12-15 00:00:00+00:00,COMB,0.36212624584717606
2025-12-16 00:00:00+00:00,COMB,0.587737843551797
2025-12-17 00:00:00+00:00,COMB,0.34913923286016313
2025-12-18 00:00:00+00:00,COMB,-0.27103594080338267
2025-12-19 00:00:00+00:00,COMB,0.1172656800563777
2025-12-20 00:00:00+00:00,COMB,0.5159971811134602
2025-12-21 00:00:00+00:00,COMB,0.35983086680761095
2025-12-22 00:00:00+00:00,COMB,0.042142353770260745
2025-12-23 00:00:00+00:00,COMB,-0.1633728590250329
2025-12-24 00:00:00+00:00,COMB,-0.027320382362010485
2025-12-25 00:00:00+00:00,COMB,-0.1494295405488745
2025-12-26 00:00:00+00:00,COMB,-0.14227567067530064
2025-12-27 00:00:00+00:00,COMB,0.2133441258094357
2025-12-28 00:00:00+00:00,COMB,0.1837419056429232
2025-12-29 00:00:00+00:00,COMB,0.18009118541033434
2025-12-30 00:00:00+00:00,COMB,-0.0039079461571862786
2025-12-31 00:00:00+00:00,COMB,-0.11436170212765959
2026-01-01 00:00:00+00:00,COMB,-0.19136601911810053
2026-01-02 00:00:00+00:00,COMB,-0.010985198889916744
2026-01-03 00:00:00+00:00,COMB,-0.12656471341763598
2026-01-04 00:00:00+00:00,COMB,0.07273122014763353
2026-01-05 00:00:00+00:00,COMB,-0.16196265740338686
2026-01-06 00:00:00+00:00,COMB,0.647524967433782
2026-01-07 00:00:00+00:00,COMB,-0.06697785497177594
2026-01-08 00:00:00+00:00,COMB,0.08000434216239687
2026-01-09 00:00:00+00:00,COMB,0.5586191923577941
2026-01-10 00:00:00+00:00,COMB,-0.1155015197568389
2026-01-11 00:00:00+00:00,COMB,0.3220798957881025
2026-01-12 00:00:00+00:00,COMB,-0.1271168041684759
2026-01-13 00:00:00+00:00,COMB,0.12071211463308727
2026-01-14 00:00:00+00:00,COMB,0.025510204081632654
2026-01-15 00:00:00+00:00,COMB,-0.29520408163265305
2026-01-16 00:00:00+00:00,COMB,0.6068367346938774
2026-01-17 00:00:00+00:00,COMB,0.10948979591836734
2026-01-18 00:00:00+00:00,COMB,0.06540816326530612
2026-01-19 00:00:00+00:00,COMB,0.08632653061224489
2026-01-20 00:00:00+00:00,COMB,-0.12377551020408163
2026-01-21 00:00:00+00:00,COMB,0.1774489795918367
2026-01-22 00:00:00+00:00,COMB,-0.14602040816326528
2026-01-23 00:00:00+00:00,COMB,0.2876830732292917
2026-01-24 00:00:00+00:00,COMB,0.5382472989195678
2026-01-25 00:00:00+00:00,COMB,-0.12931572629051621
2026-01-26 00:00:00+00:00,COMB,-0.3566386554621849
2026-01-27 00:00:00+00:00,COMB,0.3415606242496999
2026-01-28 00:00:00+00:00,COMB,0.35884753901560623
2026-01-29 00:00:00+00:00,COMB,0.06852340936374549
2026-01-30 00:00:00+00:00,COMB,0.5511164465786313
2026-01-31 00:00:00+00:00,COMB,0.2685298567366257
2026-02-01 00:00:00+00:00,COMB,0.11068427370948379
2026-02-02 00:00:00+00:00,COMB,0.034333733493397356
2026-02-03 00:00:00+00:00,COMB,-0.03606242496998799
2026-02-04 00:00:00+00:00,COMB,0.5090516206482593
2026-02-05 00:00:00+00:00,COMB,-0.12112553895622356
2026-02-06 00:00:00+00:00,COMB,0.36875578168362627
2026-02-07 00:00:00+00:00,COMB,0.34111933395004623
2026-02-08 00:00:00+00:00,COMB,0.15894307774558306
2026-02-09 00:00:00+00:00,COMB,0.21218778908418132
2026-02-10 00:00:00+00:00,COMB,0.10649861239592968
2026-02-11 00:00:00+00:00,COMB,-0.030180388529139686
2026-02-12 00:00:00+00:00,COMB,0.14014801110083255
2026-02-13 00:00:00+00:00,COMB,-0.247109158186864
2026-02-14 00:00:00+00:00,COMB,0.6855072463768116
2026-02-15 00:00:00+00:00,COMB,0.12832674571805006
2026-02-16 00:00:00+00:00,COMB,0.1629170922192159
2026-02-17 00:00:00+00:00,COMB,0.2915678524374176
2026-02-18 00:00:00+00:00,COMB,0.022924901185770747
2026-02-19 00:00:00+00:00,COMB,-0.0919631093544137
2026-02-20 00:00:00+00:00,COMB,0.1491828553808202
2026-02-21 00:00:00+00:00,COMB,0.2263504611330698
2026-02-22 00:00:00+00:00,COMB,-0.09420289855072463
2026-02-23 00:00:00+00:00,COMB,-0.3374176548089591
2026-02-24 00:00:00+00:00,COMB,0.3260869565217391
2026-02-25 00:00:00+00:00,COMB,0.5741765480895915
2026-02-26 00:00:00+00:00,COMB,0.0533596837944664
2026-02-27 00:00:00+00:00,COMB,-0.08541473943879124
2026-02-28 00:00:00+00:00,COMB,0.17848222278676162
2026-03-01 00:00:00+00:00,COMB,-0.1774976873265495
2026-03-02 00:00:00+00:00,COMB,-0.08001850138760408
2026-03-03 00:00:00+00:00,COMB,0.3209990749306198
2026-03-04 00:00:00+00:00,COMB,0.09614554424915202
2026-03-05 00:00:00+00:00,COMB,0.190009250693802
2026-03-06 00:00:00+00:00,COMB,0.32975639839654636
2026-03-07 00:00:00+00:00,COMB,-0.31495528831329017
2026-03-08 00:00:00+00:00,COMB,0.008942337341967314
2026-03-09 00:00:00+00:00,COMB,0.040764724020968236
2026-03-10 00:00:00+00:00,COMB,0.19420289855072462
2026-03-11 00:00:00+00:00,COMB,-0.13240826395312982
2026-03-12 00:00:00+00:00,COMB,0.13031144002466852
2026-03-13 00:00:00+00:00,COMB,0.14419518963922295
2026-03-14 00:00:00+00:00,COMB,0.18297872340425533
2026-03-15 00:00:00+00:00,COMB,-0.056552574776441565
2026-03-16 00:00:00+00:00,COMB,0.1404255319148936
2026-03-17 00:00:00+00:00,COMB,0.28424298489053346
2026-03-18 00:00:00+00:00,COMB,0.19050262102991056
2026-03-19 00:00:00+00:00,COMB,-0.04323157570151094
2026-03-20 00:00:00+00:00,COMB,0.11341350601295097
2026-03-21 00:00:00+00:00,COMB,0.017113783533765033
2026-03-22 00:00:00+00:00,COMB,-0.17275670675300647
2026-03-23 00:00:00+00:00,COMB,-0.01942645698427382
2026-03-24 00:00:00+00:00,COMB,0.15194264569842741
2026-03-25 00:00:00+00:00,COMB,0.36528441163699515
2026-03-26 00:00:00+00:00,COMB,0.2376248371689101
2026-03-27 00:00:00+00:00,COMB,-0.06693877551020408
2026-03-28 00:00:00+00:00,COMB,0.12193877551020406
2026-03-29 00:00:00+00:00,COMB,0.034897959183673465
2026-03-30 00:00:00+00:00,COMB,0.0489795918367347
2026-03-31 00:00:00+00:00,COMB,0.33499999999999996
2026-04-01 00:00:00+00:00,COMB,0.2728571428571428
2026-04-02 00:00:00+00:00,COMB,0.2618367346938775
2026-04-03 00:00:00+00:00,COMB,-0.15703052728954672
2026-04-04 00:00:00+00:00,COMB,0.4657280797528816
2026-04-05 00:00:00+00:00,COMB,0.3434320074005551
2026-04-06 00:00:00+00:00,COMB,-0.2036308973172988
2026-04-07 00:00:00+00:00,COMB,0.3695652173913044
2026-04-08 00:00:00+00:00,COMB,-0.19877428307123035
2026-04-09 00:00:00+00:00,COMB,0.1675531914893617
2026-04-10 00:00:00+00:00,COMB,-0.021399938328707985
2026-04-11 00:00:00+00:00,COMB,0.1456059204440333
2026-04-12 00:00:00+00:00,COMB,0.03213074313906876
2026-04-13 00:00:00+00:00,COMB,0.16067763297743737
2026-04-14 00:00:00+00:00,COMB,0.013529139685476409
2026-04-15 00:00:00+00:00,COMB,-0.20863398088189944
2026-04-16 00:00:00+00:00,COMB,0.14165895775516496
2026-04-17 00:00:00+00:00,COMB,0.26666666666666666
2026-04-18 00:00:00+00:00,COMB,0.4501976284584979
2026-04-19 00:00:00+00:00,COMB,-0.24144310823311746
2026-04-20 00:00:00+00:00,COMB,0.23983965464076473
2026-04-21 00:00:00+00:00,COMB,0.21652790625963614
2026-04-22 00:00:00+00:00,COMB,-0.18519888991674374
2026-04-23 00:00:00+00:00,COMB,-0.08720589599878402
2026-04-24 00:00:00+00:00,COMB,0.3313083969628484
2026-04-25 00:00:00+00:00,COMB,0.02806389955356201
2026-04-26 00:00:00+00:00,COMB,0.042614862781375266
2026-04-27 00:00:00+00:00,COMB,-0.08475948196114709
2026-04-28 00:00:00+00:00,COMB,0.22090751194094657
2026-04-29 00:00:00+00:00,COMB,0.08184976118106817
2026-04-30 00:00:00+00:00,COMB,-0.14650786308973174
2026-05-01 00:00:00+00:00,COMB,-0.1610777058279371
2026-05-02 00:00:00+00:00,COMB,0.4466928769657725
2026-05-03 00:00:00+00:00,COMB,0.2185193226226661
2026-05-04 00:00:00+00:00,COMB,0.15520408163265306
2026-05-05 00:00:00+00:00,COMB,-0.044387755102040814
2026-05-06 00:00:00+00:00,COMB,-0.05744897959183673
2026-05-07 00:00:00+00:00,COMB,-0.0910204081632653
2026-05-08 00:00:00+00:00,COMB,0.19275510204081628
2026-05-09 00:00:00+00:00,COMB,0.26816326530612244
2026-05-10 00:00:00+00:00,COMB,0.19408163265306122
2026-05-11 00:00:00+00:00,COMB,0.1723469387755102
2026-05-12 00:00:00+00:00,COMB,0.2519387755102041
2026-05-13 00:00:00+00:00,COMB,0.11989795918367346
2026-05-14 00:00:00+00:00,COMB,0.32632653061224487
2026-05-15 00:00:00+00:00,COMB,0.04479591836734693
2026-05-16 00:00:00+00:00,COMB,0.22224489795918365
2026-05-17 00:00:00+00:00,COMB,-0.34118217312563903
2026-05-18 00:00:00+00:00,COMB,0.5522448979591836
2026-05-19 00:00:00+00:00,COMB,0.01693877551020408
2026-05-20 00:00:00+00:00,COMB,-0.09530612244897958
2026-05-21 00:00:00+00:00,COMB,0.22112462006079028
2026-05-22 00:00:00+00:00,COMB,-0.26476335214937036
2026-05-23 00:00:00+00:00,COMB,0.17227529309596176
2026-05-24 00:00:00+00:00,COMB,0.10714285714285714
2026-05-25 00:00:00+00:00,COMB,0.31908163265306116
2026-05-26 00:00:00+00:00,COMB,0.11622448979591835
2026-05-27 00:00:00+00:00,COMB,0.1101020408163265
2026-05-28 00:00:00+00:00,COMB,-0.07897959183673468
2026-05-29 00:00:00+00:00,COMB,0.12408163265306121
2026-05-30 00:00:00+00:00,COMB,-0.11463308727746417
2026-05-31 00:00:00+00:00,COMB,0.05112896222318714
2026-06-01 00:00:00+00:00,COMB,0.0922709509335649
2026-06-02 00:00:00+00:00,COMB,-0.28745895198796945
2026-06-03 00:00:00+00:00,COMB,0.09900130264871905
2026-06-04 00:00:00+00:00,COMB,-0.08369518019973947
2026-06-05 00:00:00+00:00,COMB,-0.06817194963091619
2026-06-06 00:00:00+00:00,COMB,-0.15338688666956143
2026-06-07 00:00:00+00:00,COMB,0.05065421762182182
2026-06-08 00:00:00+00:00,COMB,0.03994789405123751
2026-06-09 00:00:00+00:00,COMB,0.4681936604429006
2026-06-10 00:00:00+00:00,COMB,-0.1471993052540165
2026-06-11 00:00:00+00:00,COMB,0.5478723404255319
2026-06-12 00:00:00+00:00,COMB,0.20570994355188885
2026-06-13 00:00:00+00:00,COMB,0.2889795918367347
2026-06-14 00:00:00+00:00,COMB,0.17459183673469383
2026-06-15 00:00:00+00:00,COMB,0.050816326530612244
2026-06-16 00:00:00+00:00,COMB,0.05255102040816326
2026-06-17 00:00:00+00:00,COMB,-0.02081632653061224
2026-06-18 00:00:00+00:00,COMB,0.22795918367346937
2026-06-19 00:00:00+00:00,COMB,0.25061224489795914
2026-06-20 00:00:00+00:00,COMB,0.10346938775510203
2026-06-21 00:00:00+00:00,COMB,0.16130897317298798
2026-06-22 00:00:00+00:00,COMB,-0.024861239592969472
2026-06-23 00:00:00+00:00,COMB,-0.14396392229417207
2026-06-24 00:00:00+00:00,COMB,0.11285846438482885
2026-06-25 00:00:00+00:00,COMB,0.31394542090656796
2026-06-26 00:00:00+00:00,COMB,0.4662349676225717
2026-06-27 00:00:00+00:00,COMB,0.23162094196027852
2026-06-28 00:00:00+00:00,COMB,0.037580943570767814
2026-06-29 00:00:00+00:00,COMB,0.16408418131359853
2026-06-30 00:00:00+00:00,COMB,0.23913043478260868
2026-07-01 00:00:00+00:00,COMB,-0.006706753006475487
2026-07-02 00:00:00+00:00,COMB,-0.21300338247170894
2026-07-03 00:00:00+00:00,COMB,0.1070767807585569
2026-07-04 00:00:00+00:00,COMB,0.22915762049500651
2026-07-05 00:00:00+00:00,COMB,0.1797655232305688
2026-07-06 00:00:00+00:00,COMB,0.5564292321924145
2026-07-07 00:00:00+00:00,COMB,0.038737280296022206
2026-07-08 00:00:00+00:00,COMB,0.11933395004625348
2026-07-09 00:00:00+00:00,COMB,0.2150786308973173
2026-07-10 00:00:00+00:00,COMB,0.37962534690101757
2026-07-11 00:00:00+00:00,COMB,-0.07339110059303605
2026-07-12 00:00:00+00:00,COMB,0.11403021893308664
2026-07-13 00:00:00+00:00,COMB,0.3118717237126118
2026-07-14 00:00:00+00:00,COMB,0.03953129818069689
2026-07-15 00:00:00+00:00,COMB,0.08171446191797718
2026-07-16 00:00:00+00:00,COMB,0.17611008325624425
2026-07-17 00:00:00+00:00,COMB,0.18457268540217908
2026-07-18 00:00:00+00:00,COMB,0.22146160962072153
2026-07-19 00:00:00+00:00,COMB,-0.1274745605920444
2026-07-20 00:00:00+00:00,COMB,0.2522972556275054
2026-07-21 00:00:00+00:00,COMB,-0.21172407423184264
2026-07-22 00:00:00+00:00,COMB,0.15929694727104532
2026-07-23 00:00:00+00:00,COMB,-0.09959913660191182
2026-07-24 00:00:00+00:00,COMB,0.3020043169904409
2026-07-25 00:00:00+00:00,COMB,0.3563829787234043
2026-07-26 00:00:00+00:00,COMB,0.12395929694727106
2026-07-27 00:00:00+00:00,COMB,0.20328399629972252
